service company,MnemoniC,unit,description,Type of issue
Schlumberger,RTPL,s/m,Recomputed Time Propagation Log,Clean
Halliburton Logging,HMOB,D/(Pa.s),Horizontal Mobility,Clean
Schlumberger,"SS_OPN_FORC_FB	",N,Shifting Open Force Feedback,Mnemonic boundary whitespace
Schlumberger,DTSH_MLM,s/m,Shear Slowness from Monopole Lower Transmitter Mid Frequency Firing Monopole Component,Clean
Schlumberger,RVZ4,uV,Z Potential Difference in Step 4,Clean
Baker Hughes Inteq,ZYAR,mS/m,"Apparent conductivity unique frequency, real, ZY",Clean
Halliburton Logging,RVHRes60k50,ohm.m,"Vertical Restivity 50"" / Horizontal Restivity 50"" 60k",Clean
Baker Hughes Inteq,FL66,uT,FL CHANNEL 66,Clean
Baker Hughes Inteq,FL75,mT,FL CHANNEL 75,Clean
Halliburton Logging,SED2,ohm.m,Skin Effect Corrections D2,Clean
Baker Hughes Inteq,SRA031M,ohm.cm,Electrical Image - Sector 31 - Memory,Clean
Baker Hughes Inteq,AGNYY1,B,Acoustic averaged receiver gain,Clean
Schlumberger,P34L,ohm.cm,"Phase Shift Resistivity 34 inch Spacing at 400 KHz, Environmentally Corrected.",Clean
Halliburton Logging,HT03,kohm.m,30 in Radial Resistivity 2ft,Clean
Baker Hughes Inteq,QS4P,kPa,"Tic mark for drawdown pres. every hundred psi, perimetral",Clean
Baker Hughes Inteq,PO11A4,L/m³,Fourth T2 accumulated partial porosity sum,Unicode power notation in unit
Schlumberger,RZVM2,uV,"Uncalibrated M1-M2 Monitoring Voltage 2, in phase",Clean
Halliburton Logging,QIR4,nohm.mm²/m,Reconstructed invaded solution apparent resistivities of mode4,Unicode power notation in unit
Baker Hughes Inteq,P4,%,MR partial porosity for bin 4,Clean
Schlumberger,A4HR,kS/m,"AIT-B High Frequency, Real Array #4 Conductivity",Clean
Schlumberger,P13FDS,kg/m3,Fluid Density [13],Clean
Schlumberger,T2_MOTION_LIMIT_ANT1_RT,us,"Antenna 1 Motion Induced T2 Limit for a Non-Relaxing Spin, Real-Time",Clean
Schlumberger,DTST_PLUS_ERR_TOTAL,ms/m,Stoneley Delta-T Plus Total Stoneley Delta-T Error,Clean
Schlumberger,"  TRIVFIAVG27",S/m,3D Induction 27 Inch Array Vertical Fracture Indicator Averaged,Mnemonic boundary whitespace
Halliburton Logging,CT12,mS/m,120 in Radial Conductivity 2ft,Clean
Baker Hughes Inteq,FLC63,T,FLC_63,Clean
Baker Hughes Inteq,MBHR0,ohm.cm,Borehole resistivity coil 0,Clean
BP,BP_MUD_MDO2_MPD,kg/m³,Density Out 2  (MPD),Unicode power notation in unit
Baker Hughes Inteq,SRA49X,ohm.m,Electrical Image - Sector 49 - Real-time,Clean
Schlumberger,PUMP_IN_TEMP,degC,Pump Inlet Temperature,Clean
Schlumbergr,HPR2,kPa,MRHY 2 Raw Hydraulic Pressure,Service-company spelling error
Schlumberger,TSCN_SL,kHz,Total Selected Counts Near Detector,Clean
Halliburton Logging,DP1P1Temp,k,DP1P1 Probe Temperature,Unit-symbol case error
Baker Hughes Inteq,CP3A,V,"500 Hz row 3 spacing a differential delta module, sine",Clean
Schlumberger,CSO30,S/m,"AIT-S One Foot Vertical Response, 30 Inch Radial Midpoint Conductivity",Clean
Baker Hughes Inteq,DBDEPTH,ft,Depth of 1970DB straddle packer,Clean
Baker Hughes Inteq,MUR6,ohm.cm,"Unfocused resistivity, subarray 6",Clean
Schlumberger,SRVP_12_5_FAST_T,mV,Shear Radial Variation Profile at 12.5 Inch Radial Depth from Borehole Surface for FAST Waveform Transmitter Array,Mnemonic-unit semantic mismatch
Schlumberger,WAQTM,ms,WFL Tick Acquisition Time,Clean
Baker Hughes Inteq,SRA047M,kohm.m,Electrical Image - Sector 47 - Memory,Clean
Schlumberger,DRDR_ADN_RT,kg/m3,"Bulk Density Correction, Right, Real-Time",Clean
Baker Hughes Inteq,TFSP02,ms,Monopole multiplexed sample period,Clean
Baker Hughes Inteq,MLR2C,ohm.m²/m,"RTeX shallow resistivity 2, adaptive borehole correction",Unicode power notation in unit
Schlumberger,SLV,ft/min,Superficial Liquid Velocity,Clean
Baker Hughes Inteq,RPCSLM,ohm.cm,Resistivity - Phase - Corrected - Short Spaced - 400 kHz - Memory,Clean
Halliburton Logging,EP1P1SpherMob,mD.ft²/(lbf.s),EP1P1 Spherical Mobility,Unicode power notation in unit
Halliburton Logging,UFMP_ST_Freq,kHz,Pick Frequency,Clean
Schlumberger,ISGM_04,in2,"Formation Sigma, pass 04",Mnemonic typographical error
Halliburton Logging,YDP_ALT_YX_DT,µs,Sonic Delta-T,Unicode micro prefix in unit
Schlumberger,MNPRES,bar,Minimum Pressure,Clean
Halliburton Logging,PMXU,cgr,HFDT Insite Phase Middle Receiver TXUon TXLoff,Clean
Pason,ANNULUS_PRESSURE,bar,Annulus Pressure,Clean
BP,BP_GAS_ADV_C2_DEP,ppm,Dep - Ethane (C2) - Advanced service,Clean
Baker Hughes Inteq,zI3AUS,ohm,Freq 1 pad 3 capacitive part of complex formation impedance,Mnemonic case error
Schlumberger,ECT2,degC,EMS CART.TEMP 2,Clean
Baker Hughes Inteq,AMD5F2,V,Raw data amplitude T5 frequency 2 (in dB/V),Clean
Halliburton Logging,AZIMUTH246,rad,Azimuth for arms 2 4 and 6.,Clean
Schlumberger,RZAQ2,mV,"12 Uncalibrated Azimuthal Voltages Mode 2, Out Of Phase",Clean
Baker Hughes Inteq,FL50,mT,FL CHANNEL 50,Clean
Schlumberger,GAT4,dB,Automatic Gain for Transducer 4,Mnemonic typographical error
Baker Hughes Inteq,ZR4BES,ohm,"Second tool Pad 4, frequency B button equalization",Clean
Halliburton Logging,12kRH29,kohm.m,12k Rh 29 inch for the MCIV1D,Clean
Baker Hughes Inteq,FGPCBF,ms,Fixed gate pick for CBL far transmitter,Clean
Schlumberger,BRTDV,bar,Bourdet Pressure Derivative,Clean
Baker Hughes Inteq,RAYGOD,Gal,Raw Y-axis accelerometer in mG from orientation tool,Clean
Schlumberger,B3T3,K,Probe 3 Temperature Channel 3,Clean
Schlumberger,DTS_DDBHC_FT,s/m,"Delta-T Shear, DDBHC Far Transmitter",Clean
Schlumberger,CST8,bar,Compressive Strength for Transducer 8,Clean
Baker Hughes Inteq,DIS74,uT,DIS CHANNEL 74,Clean
Baker Hughes Inteq,M1C6,kS/m,"HDIL 1-foot resolution matched conductivity, 60-inch DOI",Clean
Baker Hughes Inteq,QAWS⁠,Gal,Magnitude of accelerometer vector for WGI (2nd tool),Mnemonic boundary invisible character
Halliburton Loggig,RVHRes84k50,ohm.cm,"Vertical Restivity 50"" / Horizontal Restivity 50"" 84k",Service-company spelling error
Schlumberger,XRBK,m,Radius image from the UBI without eccentering correction,Clean
Halliburton Logging,AZIDIP84k29,rad,"Borehole Dip Azimuth 84k 29""",Clean
Schlumberger,DPTR54_UB_1DF_DISPLAY⁠,rad,3D Induction 1D Inversion Filtered True Dip Magnitude Upper Bound from 54 inch Array (modified to display tadpoles less frequently),Mnemonic boundary invisible character
Schlumberger,LNGB,MHz,"Neutron Long Spacing Background Count Rate, Bottom",Clean
BP,BP_PITVOL_ACT9,degC,Tank Volume - Active 9,Mnemonic-unit semantic mismatch
Halliburton Logging,DEVU,Rev,Inclination Upper Pads,Unit-symbol case error
Baker Hughes Inteq,DIS78,mT,DIS CHANNEL 78,Clean
Baker Hughes Inteq,PERIOD2,μs,Sample period subset 2,Unicode micro prefix in unit
Schlumberger,DPTR_ZD6,cgr,3D Induction Group 6 Zero-D Inversion True Dip Magnitude,Clean
Schlumberger,RXE_D,ohm.cm,"Equalized Button Resistivities, Pad D",Clean
Halliburton Logging,84kSK17,dega,84k Strike 17 inch for the MCIV1D,Clean
Schlumberger,DPAZ_UB_ZD4,rad,3D Induction Group 4 Zero-D Inversion True Dip Azimuth Upper Bound,Clean
Schlumberger,HLLS_REC2D,ohm.cm,Reconstructed HALS Laterolog Shallow Resistivity with 2D forward modeling,Clean
Baker Hughes Intq,DRATA20M,kohm.m,Resistivity - Attenuation - Apparent - 20 kHz - Memory,Service-company spelling error
Baker Hughes Inteq,QFR1S,m3/d,Pump 2 flow rate,Clean
Baker Hughes Inteq,RPCH⁠,ohm.m,Resistivity Phase Diff Compensated Borehole Corrected Long 2MHz,Mnemonic boundary invisible character
Schlumberger,CIDP,kS/m,Induction Deep Phasor Conductivity,Clean
Baker Hughes Inteq,M2CC1,Hz,"HDIL 2-foot resolution compressed conductivity, 10-inch DOI",Mnemonic-unit semantic mismatch
Schlumberger,T2LM_H2O_UHR,us,Logarithmic Mean of Water T2 Distribution for Upper High-Resolution Antenna,Clean
Schlumberger,IAAB,uA,Average Of Axial Current For Bad Contact,Clean
BP,BP_RHOBA_DEP_1,kg/m3,Dep - Bulk Density - Azimuthal - Sector1,Clean
Baker Hughes Inteq,DT24AF,h/km,"Slowness over 24-inch interval, correlation far array",Clean
Baker Hughes Inteq,FL25,uT,FL CHANNEL 25,Clean
Schlumberger,DPAA_ZD1,uA,3D Induction Group 1 Zero-D Inversion Apparent Dip Azimuth,Mnemonic-unit semantic mismatch
Schlumberger,P15CVL,ft/min,Cable Velocity [15],Clean
Schlumberger,VAAMP_C,V,"Applied Voltage Amplitude, Pad C",Clean
Schlumberger,A16B_UNC,ohm.m,Uncorrected Blended Attenuation Resistivity 16 inch,Clean
Schlumberger,ROTPOSR,m,Raw Rotator Piston Position,Clean
Baker Hughes Inteq,C05M,ft,Sectional caliper 5,Clean
Schlumberger,CMDV_DL,V,Coring Motor Downhole Voltage,Clean
Baker Hughes Inteq,DIS84,uT,DIS CHANNEL 84,Clean
Baker Hughes Inteq,FL33,mT,FL CHANNEL 33,Clean
Baker Hughes Inteq,ZI6BUS,Gohm,Freq 2 pad 6 capacitive part of complex formation impedance,Clean
Schlumberger,CCAROP3,m/s,MDCC 3 Average Rate of Penetration,Clean
Baker Hughes Inteq,CR2,in,FOCUS caliper from short arm,Clean
Schlumbergr,EV,mV,EMEX Voltage,Service-company spelling error
Baker Hughes Inteq,SRA018M,ohm.cm,Electrical Image - Sector 18 - Memory,Clean
Halliburton Logging,LSBF⁠,kHz,Far Bkgd Count Rate,Mnemonic boundary invisible character
Halliburton Logging,BHCR12K50ZX,kS/m,Bore Hole Correction R12K 50In Z Trans/ X Recv,Clean
Baker Hughes Inteq,TFST08,ms,Monopole multiplexed waveform start time,Clean
Schlumberger,VC23,uV,Circumferential Potential Difference C2-C3,Clean
Baker Hughes Inteq,DIS61,T,DIS CHANNEL 61,Clean
Schlumberger,TKO_SNRFEXR,dB,"Time-Wavenumber-Order (Pronys Analysis), Signal to Noise Ratio Receiver Array - Expert",Clean
Halliburton Logging,EP0Compress,1/bar,EP0 Compresibility,Clean
Halliburton Logging,QG1CORPRES,kPa,Quartz Gauge 1 Pressure,Clean
Schlumberger,SXHC_SH2,Euc,Hydrocarbon Saturation in Flushed Zone for Shell 2,Clean
Schlumberger,B2DT,Hz,AGS Detector 2 Coincidence Dead Time Countrate,Clean
Schlumberger,HKLD,lbf,Hook Load,Clean
Schlumberger,SNLU_FILT,MPa,"Filtered Neutron Short Spacing Late Count Rate, Up",Mnemonic-unit semantic mismatch
Baker Hughes Inteq,MTBVMCX,Euc,Bulk Volume Movable - Surface Derived - Real-time,Clean
Baker Hughes Inteq,MPHSA5,Euc,Fifth T2 total porosity,Clean
Baker Hughes Inteq,RBGX,rad,Relative bearing (Relative to borehole high side) for GXPL,Clean
Schlumberger,FVDC,1/in,Corrected Fracture Density: Apparent Fracture Density (FVDA) corrected for the orientation bias (angle between fracture plane and borehole axis),Clean
Baker Hughes Inteq,TVDX,fx,"True vertical depth, external data",Unit-symbol typographical error
Halliburton Logging,BHCR36K50ZZ,S/m,Bore Hole Correction R36K 50In Z Trans/ Z Recv,Clean
Halliburton Logging,EP3P1PressStab,MPa/h,EP3P1 Pressure Stability Probe,Clean
Schlumberger,CT_DELTA4,us,Phase C Delta Pressure Time Stamp Fourth Position,Clean
Baker Hughes Inteq,ANG,dega,Tool-to-centroid angle,Clean
Schlumberger,PT_BSG3_DD_MOBILITY,D/(Pa.s),Pretest Mobility from MDT Single Probe 3 Strain Gauge (BSG3),Clean
Schlumberger,WFDE_SL,kg/m3,Well Fluid Density,Clean
Schlumberger,DC2,ft,Caliper 2-4 (C2) Minus Bit Size (BS),Clean
Schlumberger,T7T_MF,s,Transit Time Monopole Far Transmitter Firing #7,Mnemonic typographical error
Schlumberger,FSTF3,m³/d,MRFC 3 Set Flowrate,Unicode power notation in unit
Halliburton Logging,"HorizRes60k80	",ohm.m,"Horizontal Resistivity 60k 80""",Mnemonic boundary whitespace
Baker Hughes Inteq,tTF,us,Traveltime from far transmitter-receiver,Mnemonic case error
Schlumberger,POUDFR2,m3/h,MRPOUD 2 Flow Rate,Clean
Schlumberger,PTTEMP,degF,SCTT Pressure Transducer Temperature,Clean
Halliburton Logging,12kRH80,ohm.cm,12k Rh 80 inch for the MCIV1D,Clean
Schlumberger,CPPPO3_DL⁠,ft,MDCP 3 Pretest Piston Position Offset,Mnemonic boundary invisible character
Baker Hughes Inteq,OFFNM,rad,MR tool body mark offset,Clean
Baker Hughes Inteq,EPSMOE,μF/m,"Rel permittivity estimate med xmtrs outer rcvrs, all freq.",Unicode micro prefix in unit
Schlumberger,LED,mV,FA Gas Detector IRED Monitor,Clean
Schlumberger,RPTTEM,degC,SCTT Pressure Transducer Temperature Raw,Clean
Halliburton Logging,C1M2,DA,Survey Current #1 Magnitude - Pad 2,Unit-symbol case error
Halliburton Logging,BHCR84K29XX,d,Bore Hole Correction R84K 29In X Trans/ X Recv,Mnemonic-unit semantic mismatch
BP,BP_GAS_ADV_C4_NORM_IN,%,Normal-Butane (nC4) IN- Advanced service,Clean
Schlumberger,RF13,kHz,Raw Far Gate 13,Clean
Halliburton Logging,ST_ALT_FM_Slowness_Peaks,s,Slowness Peaks,Clean
Halliburton Logging,RVHRes12k29,ohm.cm,"Vertical Restivity 29"" / Horizontal Restivity 29"" 29k",Clean
Baker Hughes Inteq,MXR1A,ohm.cm,Pad 1 frequency A maximum button resistivity,Clean
Schlumberger,RB_PCMS,rad,Relative Bearing,Clean
Halliburton Logging,72kRH29,ohm.m,72k Rh 29 inch for the MCIV1D,Clean
BP,BP_PITVOL_TOT_CHNG,Cm3,Tank Volume - Pit Volumes Total Change,Unit-symbol case error
Schlumberger,EANG,cgr,Ellipse Angle,Clean
Baker Hughes Inteq,TS13F,us,Time since reaching max temperature for inside flask sensor,Clean
Baker Hughes Inteq,TWTA,mx,Time remaining before wta (temp of accl) reaches target,Unit-symbol typographical error
Schlumberger,PTV2_DL,m3,MRPS 2 Pretest Volume,Clean
Baker Hughes Inteq,CP7A,uV,"500 Hz row 7 spacing a differential delta module, sine",Clean
Schlumberger,SOIPRES_PQ1,Pka,MRPQ 1 SOI Pressure,Unit-symbol typographical error
Baker Hughes Inteq,ET64,us,Elapsed time,Clean
BP,BP_PITVOL_CLN,bbl,Tank Volume - Clean,Clean
Schlumberger,HET2,su,MRHY 2 Elapsed Pumping Time,Unit-symbol typographical error
Halliburton Logging,TrueAzimuth84k80,dega,"True Dip Azimuth 84k 80""",Clean
Schlumberger,RXO_BOT,ohm.cm,Flushed Zone Resistivity at the bottom of the zone,Clean
Schlumberger,DTS_TA_LT,s/m,"Delta-T Shear, Transmitter Array - Lower Transmitter",Clean
Baker Hughes Inteq,P2PK,ohm.m,Packed pad 2 block (buttons 1-24),Clean
Baker Atlas,RFLF,kohm.m,Derived Filtered Shallow Resistivity derived,Clean
Schlumberger,RLNA,kHz,"Raw Neutron Long Spacing total Count Rate, Average",Clean
Schlumberger,RUPI,in,Pipe Rugosity,Clean
Schlumberger,UCVE_ECO_RT,m,"Ultrasonic Caliper, Vertical Diameter, Real-Time",Clean
Schlumberger,RSCF_15,Hz,"Far Effective Capture Count Rate, pass 15",Clean
Halliburton Logging,DP1P2SpherMob,D/(Pa.s),DP1P2 Spherical Mobility,Clean
Schlumberger,D3TH,DegC,MRDP 3 Horizontal Strain Gauge Temperature,Unit-symbol case error
Halliburton Logging,IDDV,bbl,Initial Drawdown Volume,Clean
Schlumberger,ATRE,ohm.m,Two Foot Resistivity,Clean
Schlumberger,ECD_CDR,lbm/ft³,Equivalent Circulating Density,Unicode power notation in unit
Baker Hughes Inteq,AVGNT,dB,Average of total gain per scan,Clean
Baker Hughes Inteq,BT6C​,uV,Gain corrected value from button 6,Mnemonic boundary invisible character
Schlumberger,TCOU,min,Tracer Total Countrate,Mnemonic-unit semantic mismatch
Schlumberger,DVPRE_01,psi,Derivative Pressure Transient 01,Clean
Schlumberger,POUDPV,bbl,MRPOUD Pump Output Volume,Clean
Schlumberger,BSF1,kHz,MRPS 1 Strain Gauge Frequency,Clean
Schlumberger,POUDET2,s,MRPOUD 2 Elapsed Pumping Time,Clean
Halliburton Logging,mCP2,uF,Minimum Capacitance 2,Mnemonic case error
Schlumberger,P10L,nohm.mm²/m,ARC Phase Shift Resistivity 10 inch Spacing at 400 KHz,Unicode power notation in unit
Schlumberger,AHTCB60​,kS/m,Array Induction Two Foot Conductivity Background A60,Mnemonic boundary invisible character
Schlumberger,AATSF,kHz,Averaged Total Selected Counts Far,Clean
Baker Hughes Inteq,BP02P,Hz,Peak band pass filter 600-1000 Hz passband,Clean
Schlumberger,P451,cgr,Phase R4 from T5 at 100 KHz,Clean
BP,BP_PITVOL_ACT4,m3,Tank Volume - Active 4,Clean
Schlumberger,AT_DLG4_F2_HR,dB,High Resolution Frequency 2 Longitudinal Spacing 4 Attenuation,Clean
Schlumberger,A22L_ECO_RT,ohm.m,"ARC Attenuation Resistivity 22 inch Spacing at 400 KHz, Environmentally Corrected, Real-Time",Clean
Baker Hughes Inteq,RCRES,okhm.m,Resistivity of fluid in R/C sensor,Unit-symbol typographical error
Schlumberger,UCAV_DH_ECO_RT,ft,"Utrasonic Caliper, Average Diameter, Real-Time, Computed Downhole",Clean
Baker Hughes Inteq,SRA48X,ohm.m²/m,Electrical Image - Sector 48 - Real-time,Unicode power notation in unit
Schlumberger,COND_DLG3_F3,S/m,Frequency 3 Differential Longitudinal Spacing 3 Conductivity,Clean
Baker Hughes Inteq,XIDMN,m,Min_X_well_diam,Clean
Baker Hughes Inteq,ARAD3,ft,180 degree reflectance traveltime radius,Clean
Halliburton Logging,C14,in,Four Arm Caliper arms 1 & 4,Clean
Schlumberger,TICO8_MH,ms,Compressional Integrated Transit Time for Receiver 8 - Monopole High,Clean
Schlumberger,DTT8,ms,Transit Time Sensor 8,Clean
Schlumberger,SUSL2_DL,us,MDSU 2 Slew Rate,Clean
Baker Hughes Inteq,BVLDS,L,Borehole volume,Clean
Baker Hughes Inteq,TMRMN,ms,Time remaining minimum inside flask,Clean
Schlumberger,WPRE_TOJ,ms,PBMS Pressure Time Of Job for Synthetic Buildup,Clean
Schlumberger,ORBP,g/cm3,Measure of RHOB Plus Sqrt(Sigma**2+Tau**2),Mnemonic typographical error
Halliburton Logging,BHCR60K29YZ,S/m,Bore Hole Correction R60K 29In Y Trans/ Z Recv,Clean
Baker Hughes Inteq,CPL1,kHz,Capture spectrum using large windows (near detector),Clean
BP,BP_GAS_ADV_C4_NORM_DEP,Euc,Dep - Normal-Butane (nC4) - Advanced service,Clean
Baker Hughes Inteq,ABDC3X,kg/m3,Azimuthal Bulk Density - Compensated - Sector 3 - Real-time,Clean
Halliburton Logging,CF03,S/m,30 in Radial Conductivity 4ft,Clean
BP,BP_HKL_MAX,lbf,Hookload (Max),Clean
Halliburton Logging,HF06,ohm.m,60 in Radial Resistivity 4ft,Clean
Baker Hughes Inteq,RBST,cgr,Relative bearing (relative to borehole high side) for STAR,Clean
Baker Hughes Inteq,DIS81,mT,DIS CHANNEL 81,Clean
Baker Hughes Inteq,RGAT,us,Reflectance gate,Clean
Baker Hughes Inteq,AZ (XX),cgr,"Azimuth of reference pad (XX for tool curve is relative to, CB - CBIL, ST-STAR, DP- HDIP, XE - XMAC)",Clean
Halliburton Logging,TCUR,A,Tool Current,Clean
Halliburton Logging,YDP_YX2_DT,ms,Sonic Delta-T Reflected Shear,Clean
Baker Hughes Inteq,HP04P,MHz,Peak high pass filter with default 2000 Hz cutoff,Clean
Baker Hughes Intq,MXRAW,cgr,Angle of maximum radius 1,Service-company spelling error
Baker Hughes Inteq,FLR85,T,FLR_85,Clean
Halliburton Logging,AMPMAX,mV,Maximum Sector Amplitude,Clean
Baker Hughes Inteq,PO11A5,%,Fifth T2 accumulated partial porosity sum,Clean
Halliburton Logging,FMP_ALT_ST_Freq,kHz,Pick Frequency,Clean
Schlumberger,DPTR_ZD1,dega,3D Induction Group 1 Zero-D Inversion True Dip Magnitude,Clean
Baker Hughes Inteq,oFFWS,cgr,"WGI orientation, tool body mark offset (2nd tool)",Mnemonic case error
Baker Hughes Inteq,SRA029M,kohm.m,Electrical Image - Sector 29 - Memory,Clean
Baker Hughes Inteq,ZR6BES,Eohm,"Second tool Pad 6, frequency B button equalization",Clean
Schlumberger,CR67,m,Corrected Radius 67,Clean
Baker Hughes Inteq,R22,ft,Multi-arm_data - Feeler 22 radius,Clean
Baker Hughes Inteq,"RPMMNX﻿",rev/s,RPM Minimum - Real-time,Mnemonic boundary invisible character
Baker Hughes Inteq,TYXST,us,XY-axis multiplexed waveform start times,Clean
Halliburton Logging,LMP_PL_Freq,MHz,Pick Frequency 2,Clean
Schlumberger,D_VOL_IV,m3,Phase D Investigation Volume,Clean
Baker Hughes Inteq,FLC95,uT,FLC_95,Clean
Halliburton Logging,MAGZ,A/mm,magnetometer z with unit,Clean
Schlumberger,IURC,A,"Upper electrode Injected Current InPhase, Pad C",Clean
Baker Hughes Inteq,SRA049M,Ohm.cm,Electrical Image - Sector 49 - Memory,Unit-symbol case error
Schlumberger,IRHO,bar,Integrated Density,Clean
Halliburton Logging,TPTV,bbl,Total Pretest Volume,Clean
Baker Hughes Inteq,PO1B2,Euc,Second BVI accumulated partial porosity sum,Clean
Baker Atlas,IRPD,ohm.m,deep induction resistivity,Mnemonic typographical error
Baker Hughes Inteq,mPHEA4,Euc,MR effective porosity for 4th T2 process,Mnemonic case error
Baker Hughes Inteq,DTTF,s/m,Slowness from transmitter array far transmitter,Clean
Halliburton Logging,ERD6,ohm.cm,Pad #6 Resistivity Fast Undelayed,Clean
Schlumberger,XBHPR_ADT,kPa,Borehole Pressure,Clean
Baker Hughes Inteq,ABDC11X,lbm/ft3,Azimuthal Bulk Density - Compensated - Sector 11 - Real-time,Clean
Halliburton Logging,dP1BubblePress,kPa,DP1 Bubble Point Pressure,Mnemonic case error
Halliburton Logging,TM1,K,Probe 1 Temperature,Clean
Schlumberger,H2B3​,kHz,APS High Resolution Array-2 Detector Neutron Burst-Off Background Window 3 Count Rate,Mnemonic boundary invisible character
Schlumberger,RES_BS_DN,ohm.m,"Shallow Button Resistivity, Down",Clean
Schlumberger,SFTQP2_DL,kPa,MRSF 2 Quartz Gauge Pressure (Depth Logging),Clean
Schlumberger,HTEN_PSTT,N,Head Tension,Clean
Halliburton Logging,MWNM,µs,Normalization of MCAL Waveform mode,Unicode micro prefix in unit
Schlumberger,APWD,N/mm²,"Low Resolution Annulus Pressure, Real-Time",Unicode power notation in unit
Halliburton Logging,EPS2QTempStabP2,deltaC/h,EPS2 Quartz Temperature Stability Probe 2,Clean
Halliburton Logging,NOIS_3FT,V,3 Ft Noise Amplitude Baseline,Clean
Halliburton Logging,LMP_ALT_PL_Freq,kHz,Pick Frequency 2,Clean
Halliburton Logging,AMPC,uV,Compensated Amplitude,Clean
Schlumberger,"IP11﻿",uA,"Current, Azimuth 11, 0 degree",Mnemonic boundary invisible character
Baker Hughes Inteq,FLC88,mT,FLC_88,Clean
Pason,P3_RATE,L/min,P3 Rate,Clean
Schlumberger,GASRHO,kHz,Gas Density,Mnemonic-unit semantic mismatch
Baker Hughes Inteq,QT4P,psi,"Tic mark for drawdown pres. every hundred psi, sample sens.",Clean
Schlumberger,TCFD,µHz,Total Counts Far Detector,Unicode micro prefix in unit
Baker Hughes Inteq,QL3P,kPa,Tic mark for drawdown pressure every 10 psi,Clean
BP,BP_PRESS_SPP2_MPD,psi,Pressure - Standpipe 2  (MPD),Clean
Schlumberger,AP5HFP,cgr,Active Pad 5 High Frequency Phase,Clean
Halliburton Logging,TVD EPS1 Depth Probe 2,ft,TVD EPS1 Depth Probe 2,Clean
Baker Hughes Inteq,DT12,s/m,Slowness over 12-inch interval,Clean
Baker Hughes Inteq,PTLO,s/m,"Prop. time, outer rcrvs, long xmtrs, all freq.",Clean
Schlumberger,DHAP_BUF_AUT,kPa,"Buffered Annulus Pressure, Retrieved Automatically",Clean
Schlumberger,SGV,m/h,Superficial Gas Velocity,Clean
Schlumberger,DPAA72_LB_1DT,cgr,3D Induction 1D Inversion Apparent Dip Azimuth Ref. Top Of Hole Lower Bound from 72 inch Array,Clean
Schlumberger,DTT6,us,Transit Time Sensor 6,Clean
Halliburton Logging,"RVHRes36k80	",kohm.m,"Vertical Restivity 80"" / Horizontal Restivity 80"" 36k",Mnemonic boundary whitespace
Schlumberger,DPRE_05,bar,Delta PressureTransient 05,Clean
Halliburton Logging,ATTS,dB/ft,Attenuation Span Cemented Pipe,Clean
Schlumberger,PA_PASG_FORM_PRESS,kPa,"Packer Interval Formation Pressure from the Strain Gauge, PASG",Clean
Schlumberger,ZBAM_F2_D,Eohm,"Impedance of Buttons, Magnitude, Frequency 2, Pad D",Clean
Schlumberger,RP34H,kohm.m,Real-Time 34 inch spacing phase shift resistivity,Clean
Baker Hughes Inteq,TTX,ms,Traveltime estimate dipole X-axis transmitter,Clean
Baker Hughes Inteq,ADSA5M,g/cm3,Azimuthal Density - Short Space - Apparent - Sector 5 - Memory,Clean
Baker Hughes Inteq,"PZDL	",%,Porosity for dolomite matrix,Mnemonic boundary whitespace
Baker Hughes Inteq,PORZSS2⁠,Euc,Porosity for sandstone matrix (2nd tool),Mnemonic boundary invisible character
Baker Hughes Inteq,FING62,m,Finger 62 readings,Clean
Halliburton Logging,GSIN,kHz,Gross Inelastic,Clean
Schlumberger,QDIT,degC,Instantaneous Flowline Quartz Gauge Temperature,Clean
Halliburton Logging,BHCR60K17YY,mS/m,Bore Hole Correction R60K 17In Y Trans/ Y Recv,Clean
Halliburton Logging,TTNM,s,Normalization of TCAL TA mode,Clean
Baker Hughes Inteq,TS0AFO,us,Time since reaching max temperature for outside flask sensor,Clean
Schlumberger,DPAZ54_UB_1DF,dega,3D Induction 1D Inversion Filtered True Dip Azimuth Upper Bound from 54 inch Array,Clean
Baker Hughes Inteq,SPDN,kHz,Spinner down revolutions per second,Clean
Schlumbergr,TOT_MAX_HORI_STRS,psi,Total Maximum Horizontal Stress,Service-company spelling error
Baker Hughes Inteq,HTMPS,K,Second tool Housing temperature,Clean
Schlumberger,DC_WAT_T1_SH3,m2/d,Computed Water Diffusion Coefficient indexed by T1 for Shell 3,Clean
Schlumberger,"TH47	",in,Thickness 47,Mnemonic boundary whitespace
Schlumberger,RZVV1Q,mV,"Uncalibrated Vertical Voltage 1, quadrature",Clean
Halliburton Logging,36kRV29,kohm.m,36k Rv 29 inch for the MCIV1D,Clean
Schlumberger,DSOB,in,"Density Standoff, Bottom Quadrant",Clean
BP,BP_RES_MD_PH_HF_DEP,ohm.m,Dep - Resistivity - Medium - Phase - High Frequency,Clean
Halliburton Logging,AZIDIP84k17,rad,"Borehole Dip Azimuth 84k 17""",Clean
Pason,ROTATING_HOURS,ms,Rotating Hours,Clean
Baker Hughes Inteq,SRA59X,ohm.cm,Electrical Image - Sector 59 - Real-time,Clean
Schlumberger,DBFTU,K,Differential Borehole Fluid Temperature Upper,Clean
Halliburton Logging,BHCR84K80ZX,mS/m,Bore Hole Correction R84K 80In Z Trans/ X Recv,Clean
Schlumbergr,RES_BM_IMG_T2_HI,ohm.cm,"T2 Medium Button Resistivity Image, High Resolution",Service-company spelling error
Schlumberger,RODURHO_PQ3DL,µg/cm3,MRPQ 3 DV-Rod Unsmooth Fluid Density,Unicode micro prefix in unit
Schlumberger,DTSM_FAST,h/km,Shear Slowness of Fast Shear Waves,Clean
Halliburton Logging,RAMX,m,Maximum Inside Radius,Clean
Baker Hughes Inteq,MBVMB2,m³,Second BVI bulk volume moveable,Unicode power notation in unit
Schlumberger,A16L_COND,kS/m,Attenuation Conductivity 16 inch Spacing at 400 KHz,Clean
Halliburton Logging,XDP_ALT_XY2_Time,us,Pick Time Reflected Shear,Clean
Baker Hughes Inteq,RCCOND,mS/m,Conductivity of fluid in R/C sensor,Clean
Schlumberger,RXVR,ohm.cm,DIT-E Flushed Zone Resistivity (from VR Phasor),Clean
Halliburton Logging,CASETHINK,m,Casing Thickness,Clean
Schlumberger,tKO_SNRF1R,B,"Time-Wavenumber-Order (Pronys Analysis), Signal to Noise Ratio Receiver Array - Lower Dipole",Mnemonic case error
Schlumberger,RLA3_REC2D,ohm.m,Reconstructed HRLT resistivity (channel 3) with 2D forward modeling,Clean
Schlumberger,R2P​,rad,Receiver 2 Phase,Mnemonic boundary invisible character
Schlumberger,P11HFP,cgr,Pad 11 High Frequency Phase,Clean
Schlumberger,DPRE_08,psi,Delta PressureTransient 08,Clean
BP,BP_MUD_MDI_AVG_DEP,μg/cm3,Dep - Density In - Mud,Unicode micro prefix in unit
Halliburton Logging,BHCR36K50YZ,kS/m,Bore Hole Correction R36K 50In Y Trans/ Z Recv,Clean
Halliburton Logging,36kSK17,cgr,36k Strike 17 inch for the MCIV1D,Clean
Schlumberger,T2LM_ANT2,us,Antenna 2 T2 Logarithmic Mean,Clean
Schlumberger,RES_BM_T1,kohm.m,Medium Button Resistivity using Transmitter 1,Clean
Schlumberger,RODRTEMP_IFA1,degC,IFA 1 DV-Rod Raw Temperature,Clean
Schlumberger,QMBRP,kPa,Quartzdyne Raw Pressure,Clean
Schlumberger,CPSV,m³,Current Pumper Slurry Volume,Unicode power notation in unit
Schlumberger,RN12,Hz,Raw Near Gate 12,Clean
Baker Hughes Inteq,SRA066M,ohm.cm,Electrical Image - Sector 66 - Memory,Clean
Halliburton Logging,C2M6,DA,Survey Current #2 Magnitude - Pad 6,Unit-symbol case error
BP,BP_MUD_MFO2_MPD,m3/h,Flow Out 2  (MPD),Clean
Schlumberger,P3DT_RA,h/km,Peak 3 Delta-T for Receiver Array,Clean
Halliburton Logging,TULU,s,Travel velocity based on u/l rcvrs from upper xmtr.,Clean
Halliburton Logging,RUMC,ohm.m,Resistivity frm diffential phase&ampl from RXU & RXM receivers,Clean
Schlumberger,TH50,ft,Thickness 50,Clean
Baker Atlas,latrm,ohm.cm,computed mud resistivity,Clean
Schlumberger,3XVPDD,µpsi,3XV Pretest Drawdown Pressure Limit,Unicode micro prefix in unit
Schlumberger,A35P,V,Analog 35 for PIM,Clean
Halliburton Logging,BHCR84K29YX,kS/m,Bore Hole Correction R84K 29In Y Trans/ X Recv,Clean
Schlumberger,DFMX4_FSI,uV,Electrical Probe 4 Maximum Voltage,Clean
Schlumberger,OZD_2,ohm,Injection Impedance Pad D,Clean
Schlumberger,DPTR_UB_ZD2_DISPLAY,cgr,3D Induction Group 2 Zero-D Inversion True Dip Magnitude Upper Bound (modified to display tadpoles less frequently),Clean
BP,BP_PRESS_DH_INTERNAL,psi,Pressure - Downhole - Internal,Clean
Baker Hughes Inteq,ETGX,ms,Delta elapsed time from GXPL,Clean
Baker Hughes Inteq,FLC18,uT,FLC_18,Clean
Baker Hughes Inteq,ABDC2X,lbm/ft3,Azimuthal Bulk Density - Compensated - Sector 2 - Real-time,Clean
Baker Hughes Inteq,OPRWSE,%,"Water filled porosity real time, short xmtrs",Mnemonic typographical error
Schlumberger,NSMG_MATR,psi,Normalized Shear Modulus of Matrix,Clean
Schlumberger,ZTBC_A,ohm.m,Buttons Resistivity of Pad A Composite,Clean
Baker Hughes Inteq,OD,in,Casing outer diameter,Clean
Schlumberger,SPHASE_SM_UHR,rad,Signal Phase from Sub-Measurements for Upper High-Resolution Antenna,Clean
BP,"  BP_MUD_MFI_P6",L/min,Flow Rate - Pump 6,Mnemonic boundary whitespace
Schlumberger,TTEM_CDR,edgR,CDR Chassis Temperature,Unit-symbol typographical error
Schlumberger,GASQ_SPRI_SL,m³/d,Gas Flowrate Surface - Station Log,Unicode power notation in unit
Halliburton Logging,SPSZ,in,Estimated Spot Size,Clean
Baker Hughes Inteq,MNR1W,m,Minimum radius 1,Clean
Halliburton Logging,OTHER1DENSITY,lbm/ft3,Other 1 Density -,Clean
Halliburton Logging,DP1PtPressCorr,kPa,DP1 Pretest Pressure Corrected,Clean
Baker Hughes Inteq,SOFT2,Hz,Spectrum count rate 60-100 keV (2nd tool),Clean
Schlumberger,HET3,us,MRHY 3 Elapsed Pumping Time,Clean
Schlumberger,HWEC,rad/m,HGNS Well Curvature,Clean
Halliburton Logging,"UMP_Shear_Freq﻿",MHz,Pick Frequency 2,Mnemonic boundary invisible character
Baker Hughes Inteq,XXAR,S/m,"Apparent conductivity unique frequency, real, XX",Clean
Baker Hughes Inteq,ZR2BES,Eohm,"Second tool Pad 2, frequency B button equalization",Clean
Schlumberger,DFCC,ft,DEFT Corrected Caliper,Clean
Baker Hughes Inteq,M1CX⁠,S/m,"HDIL 1-foot resolution matched conductivity, 120-inch DOI",Mnemonic boundary invisible character
Schlumberger,SXOBMF_UHR,Euc,Oil-Based Mud Filtrate Saturation in Flushed Zone for Upper High-Resolution Antenna,Clean
Baker Atlas,tfst10,us,monopole multiplex waveform start time,Clean
Halliburton Logging,TVD Depth Probe 1,in,TVD Depth Probe 1,Clean
Baker Hughes Inteq,IMLL,uV,Current,Clean
Halliburton Logging,WL5V,mV,Wire Line 5 Voltage,Clean
Schlumberger,TSCF_SL,kHz,Total Selected Counts Far Detector,Clean
Halliburton Logging,WL1V,mV,Wire Line 1 Voltage,Clean
Baker Hughes Inteq,PSSIR,dega,"Phase shift, inner rcvrs, short xmtrs, all freq",Clean
Baker Hughes Inteq,TSAUX,ms,Time since auxiliary processor reached temperature target,Clean
BP,BP_PITVOL_ACT3,m3,Tank Volume - Active 3,Clean
Schlumberger,HPR2_DL,psi,MRHY 2 Raw Hydraulic Pressure,Clean
Schlumberger,RODTEMP_IFA1_DL,degC,IFA 1 DV-Rod Temperature,Clean
Schlumberger,TTTP,ms,"Peak Time, Transmitter Array, Compressional - Monopole P&S",Clean
Baker Hughes Inteq,RPCVL,ohm.m,Resistivity Phase Diff Compensated Borehole and Inversion Corrected Long 400kHz,Clean
Halliburton Logging,PL_DT​,s,Sonic Delta-T Reflected Shear,Mnemonic boundary invisible character
Baker Hughes Inteq,SFCBN,s,"Surface pick 1st arrival time, near CBL spacing",Clean
Baker Hughes Inteq,OFFDP,dega,"DIP orientation, tool body mark offset",Clean
Baker Hughes Inteq,P2BTN​,ohm.cm,Packed pad 2 block (buttons 1-24),Mnemonic boundary invisible character
Schlumberger,RES_BX6,ohm.m,"Resistivity eXtra Deep, Octant 6",Clean
Baker Hughes Inteq,PSLI,rad,"Phase shift, dipole inner rcvrs, long xmtrs, all freq",Clean
Baker Hughes Inteq,MLR1,ohm.m²/m,RTeX shallow resistivity 1,Unicode power notation in unit
Halliburton Logging,"TM2	",degF,Probe 2 Temperature,Mnemonic boundary whitespace
Halliburton Logging,XY_ALT_Time_Peaks,s,Time Peaks,Clean
Schlumberger,CRD3_PPC2,in,PPC2 Radius 3 Arm Bending Compensated,Clean
Schlumberger,NMCB,µHz,"Neutron Monitor Channel ""B""",Unicode micro prefix in unit
BP,BP_TQ_DH_AVG_DEP,J,Dep - Torque - Downhole,Clean
Schlumberger,SROT,dega,Sonde Rotation,Clean
Schlumberger,PWA1,cgr,Packed Waveform Azimuth 1,Clean
Halliburton Logging,XDIF​,psi,Estimated Max Differential Pressure,Mnemonic boundary invisible character
Schlumberger,BPC2,kPa,MRPS 2 Quartz Gauge Pressure Compensation,Clean
Schlumberger,LNGR,MHz,"Neutron Long Spacing Background Count Rate, Right",Clean
Halliburton Logging,TBP3,uV,Transmitter B Pad 3 - Used for Calibration,Clean
Baker Hughes Inteq,RACSLM,ohm.m,Resistivity - Attenuation - Corrected - Short Spaced - 400 kHz - Memory,Clean
Schlumberger,PAQDP2_DL,bar,MRPA 2 Quartzdyne Gauge Sensor Raw Pressure (Depth Logging),Clean
Halliburton Logging,FPH2,rad,PHASE 12 CM RECEIVER,Clean
Baker Hughes Inteq,SRA25X,kohm.m,Electrical Image - Sector 25 - Real-time,Clean
Baker Hughes Inteq,SRA24X,ohm.m,Electrical Image - Sector 24 - Real-time,Clean
Schlumberger,HSFFD,in2,HiRes Sigma Formation - Far Detector,Clean
Baker Hughes Inteq,CSODR,m,Casing size radius (outer),Clean
Halliburton Logging,HT40,ohm.cm,HRI Deep Resistivity 40 Inch 2 Ft.,Clean
Halliburton Logging,FLDDEN1,kg/m3,Fluid Density 1,Clean
Schlumberger,BRH3,kPa,MRPS 3 Raw Hydraulic Pressure,Clean
Schlumberger,A28L_COND_ECO_RT,mS/m,"Attenuation Conductivity 28 inch Spacing at 400 KHz, Environmentally Corrected, Real-Time",Clean
Schlumberger,dCLM_PF_T2_UHR,m2/s,Diffusion Coefficient Logarithmic Mean Profile indexed by T2 for Upper High-Resolution Antenna,Mnemonic case error
Schlumberger,T2CUTOFF_A1,ms,Antenna 1 T2 Cutoff,Clean
Schlumberger,TTE1_MUX,us,Transit Time of First Peak for Monopole Upper Transmitter Custom Frequency Firing,Clean
Schlumberger,SNBA2_FILT,MHz,"Neutron Short Spacing Window 2 Burst Count Rate, Filtered",Clean
Schlumberger,KRPPOS_DL,m,Raw Kinematics Piston Position,Mnemonic typographical error
BP,BP_ROP_AVG_DEP,m/s,Dep - Rate of Penetration,Clean
Halliburton Logging,BHCR72K17YX,S/m,Bore Hole Correction R72K 17In Y Trans/ X Recv,Clean
Baker Hughes Inteq,FTDEPTH,in,Depth of 1991MA packer,Clean
Schlumberger,DRHU_ECO_RT,kPa,"Bulk Density Correction, Up, Real-Time",Mnemonic-unit semantic mismatch
Baker Hughes Inteq,CMRAD,ft,Center of mass radius amplitude,Clean
Halliburton Logging,AUML,dB/m,Wave attenuation based on u/m rcvrs from Lower xmtr.,Clean
Baker Hughes Inteq,3B2S,dega,"Phase, 32 Hz, short spacing offset 360 degrees",Mnemonic typographical error
Halliburton Loggig,P2B1,ohm.m,Pad 2 Resistivity,Service-company spelling error
Baker Hughes Inteq,G1,kHz,Short space gate 1 count rate,Clean
Halliburton Logging,EP1P1QPressCor,kPa,EP1P1 Quartz Probe Pressure Corrected,Clean
Schlumberger,RES_BS_RAW⁠,ohm.m,Raw Shallow Button Resistivity,Mnemonic boundary invisible character
Schlumberger,COND_DTR1_F0,Sm/m,Frequency 0 Differential Transverse Spacing 1 Conductivity,Unit-symbol typographical error
Schlumberger,RV_HL_UB_ZDB,nohm.mm²/m,3D Induction Best Zero-D Inversion Vertical Resistivity High Likelihood Upper Bound,Unicode power notation in unit
Schlumberger,RSI0,mA,"Uncalibrated Shallow Current, 280 Hz, 0 degree",Clean
Schlumberger,NOZZLE_RB_GMET1_SL,rad,GMET1 Nozzle Relative Bearing - Station Log,Clean
Baker Hughes Inteq,BHTT1,us,Reflectance traveltime,Clean
Baker Hughes Inteq,HCVEBH,V,Cablehead voltage,Mnemonic typographical error
Halliburton Logging,EP0PtRate​,m3/h,EP0 Pretest Rate,Mnemonic boundary invisible character
Halliburton Logging,ST_Time_Peaks,ms,Time Peaks,Clean
Baker Hughes Inteq,CPPZ2,Euc,Crossplot porosity from ZDEN (2nd tool),Clean
Baker Hughes Inteq,PUMP_CAPACITY,psi,Nominal Drawdown Pump Capacity - Memory,Clean
Baker Hughes Inteq,RBGT,rad,Relative bearing (relative to borehole high side) for GTI,Clean
Schlumberger,RN6_SL,MHz,Near Count Rate From Gate 06,Clean
Halliburton Logging,VM25,V,Differental Voltage Measurement 2 Magnitude - Pad 5,Clean
Halliburton Logging,RTN4​,ohm.m,Formation resistivity mode4 obtained for non invaded solution,Mnemonic boundary invisible character
Schlumbergr,PS_DLG4_F0_HR,dega,High Resolution Frequency 0 Longitudinal Spacing 4 Phase Shift,Service-company spelling error
Schlumberger,LNA_FILT,MHz,"Filtered Neutron Long Spacing total Count Rate, Average",Clean
Schlumberger,RHNU_DH_ECO_RT,lbm/ft3,"Bulk Density from Neutron, Up, Real-Time, Computed Downhole",Clean
Halliburton Logging,SDFDENSITY,kg/m3,Synthesized drilling fluid-organic density,Clean
Baker Hughes Inteq,BHTA3,uV,Reflectance peak volts,Clean
Schlumberger,RCAQ,in,Combinable Shot Seismic Tool Raw Caliper,Clean
Halliburton Logging,F2HA,V,Dipole 2 HV After,Clean
Baker Hughes Inteq,ID10,in,Dia. 10,Clean
Pason,DH_TEMP,degC,Downhole Temperature,Clean
Baker Hughes Inteq,Annular Pressure Before,kPa,Annular Pressure Before - Real-time,Clean
Baker Hughes Inteq,NPCSM,ppm,Neutron Porosity - Caliper Corrected - Sandstone - Memory,Clean
Halliburton Logging,"  LM_TEMP",degC,Temperature,Mnemonic boundary whitespace
Baker Hughes Inteq,FLR67,T,FLR_67,Clean
Halliburton Logging,VMA4,uV,Differental Voltage Average Magnitude - Pad 4,Clean
BP,BP_RES_SH_PH_HF_DEP,ohm.cm,Dep - Resistivity - Shallow - Phase - High Frequency,Clean
Pason,C3M,%,chr Propane C3,Clean
Baker Atlas,DT24.S,h/km,interval transit time over 24 inch interval (first break),Clean
Baker Hughes Inteq,SRA052M,ohm.cm,Electrical Image - Sector 52 - Memory,Clean
Schlumberger,SWE,%,Water Saturation (Effective),Clean
Schlumberger,LNLR,Hz,"Neutron Long Spacing Late Count Rate, Right",Clean
Halliburton Logging,TTS7,ms,Az7 Pipe Travel Time,Clean
Schlumberger,P34B_COND,kS/m,Blended Phase-Shift Conductivity 34 inch,Clean
Schlumberger,RH_LL_UB_ZD1,ohm.cm,3D Induction Group 1 Zero-D Inversion Horizontal Resistivity Low Likelihood Upper Bound,Clean
Halliburton Logging,HF02,ohm.m²/m,20 in Radial Resistivity 4ft,Unicode power notation in unit
Schlumberger,RMSV,ft/min,Root Mean Square Velocity (Seismic),Clean
Halliburton Logging,EP1P2QPress,kPa,EP1P2 Quartz Probe Pressure,Clean
Schlumberger,NFD0_SL,g/cm3,Fluid Density Pass 0 - Station Log,Clean
Schlumberger,CQ02,V,"Electrical Standoff Voltage, Azimuth 2, 90 degree",Clean
Baker Hughes Inteq,CP2A,V,"500 Hz row 2 spacing a differential delta module, sine",Clean
Halliburton Logging,FM_FHA,mV,Pre Firing Voltage,Clean
Pason,SLURRY_DENSITY,g/cm3,Slurry Density,Clean
Schlumberger,LTEMPLI,degC,Left Temperature Limit,Clean
Halliburton Logging,AUL4,B/m,Low Reso. Wave attenuation based on u/m rcvrs from lower xmtr.,Clean
Baker Hughes Inteq,ET0DS2,µs,"Elapsed time, short space",Unicode micro prefix in unit
Schlumberger,PEF_RSS3,Hz,Short Spacing PEF Window 3 Count Rate,Clean
Schlumberger,SPI2,rpm,Spinner 2 Rotational Velocity,Clean
Baker Hughes Inteq,"  FLC20",mT,FLC_20,Mnemonic boundary whitespace
Schlumberger,KDMR_UHR,D[API],Density-Magnetic Resonance Permeability for Upper High-Resolution Antenna,Clean
Baker Hughes Inteq,sGAT,us,Signature gate,Mnemonic case error
Schlumberger,SDT1M,s,Spectroscopy Detector Tau 1 Monitor,Clean
Halliburton Logging,CN90,S/m,HRI Deep Conductivity 90 Inch 2Ft.,Clean
Baker Hughes Inteq,WFS,ppm,Weight fraction of sulfur in dry roc,Clean
Schlumberger,DRMX⁠,ohm.cm,DPT Resistivity Mixed,Mnemonic boundary invisible character
Schlumberger,PWV1,μrad,Packed Waveform Tool Deviation 1,Unicode micro prefix in unit
Schlumberger,pVEL,m/h,Pipe Velocity,Mnemonic case error
Baker Hughes Inteq,RACESL,kohm.m,Resistivity Attenuation Compensated Borehole and Dielectric Corrected Short 400kHz,Clean
Baker Hughes Inteq,YZAI,mS/m,"Apparent conductivity unique frequency, imaginary, YZ",Clean
Halliburton Logging,QPM,psi,Quartz Mid Probe Pressure Dps,Clean
Schlumberger,TAPRES_EUT,psi,TMT Pressure Engineering Units Time,Clean
Halliburton Loggig,XPAD6,S/m,XRMI Pad 6 values,Service-company spelling error
Halliburton Logging,"BHCR72K17ZX	",mS/m,Bore Hole Correction R72K 17In Z Trans/ X Recv,Mnemonic boundary whitespace
Baker Hughes Inteq,tAUYY,ms,"Sampling period for Y transmitter, Y receiver",Mnemonic case error
Baker Hughes Inteq,PO9A5,ppm,Fifth T2 accumulated partial porosity sum,Clean
BP,BP_PITVOL_TT2,m3,Tank Volume - Trip Tank 2,Clean
Schlumberger,SDTPRS,Pka,SCTT Differential Pressure,Unit-symbol typographical error
BP,BP_PITVOL_RES8,m3,Tank Volume - Reserve 8,Clean
Baker Hughes Inteq,ADSA2M,g/cm3,Azimuthal Density - Short Space - Apparent - Sector 2 - Memory,Clean
Schlumberger,RHNR_ECO_RT,kg/m3,"Bulk Density from Neutron, Real Time, Right Filtered",Clean
Schlumberger,sFITTIMCUST,s,Start of Fitting Time for Custom Interpretation Model,Mnemonic case error
Schlumberger,SNGL,Hz,"Neutron Short Spacing Background Count Rate, Left",Clean
Schlumberger,SDTU,s,"Slowing Down Time, Up",Clean
Schlumberger,HYDPCO,kPa,Sapphire Gauge Dynamic Compensation for Hydrostatic,Clean
Halliburton Logging,T2MN,s,Shortest travel time of 2nd reflection for ecenter tool,Clean
Baker Hughes Inteq,FGAT,us,Fluid gate,Clean
Baker Hughes Inteq,ID06,in,Dia. 06,Clean
Baker Hughes Inteq,RAD5S,ft,"Radius, tool axis to pad 5 face",Clean
Schlumberger,SFITVOLCOL,ft³,Start of Fitting Volume for Contamination Color Model,Unicode power notation in unit
BP,BP_TQ_SURF_AVG,J,Torque - Surface,Clean
Baker Hughes Intq,C01M,m,Sectional caliper 1,Service-company spelling error
Baker Hughes Inteq,FLR63,T,FLR_63,Clean
Schlumberger,CL37_ADN_RT,Yd[Ind75],Real Time ADN Ultrasonic Caliper Along Axis 3 and 7,Unit-symbol case error
Schlumberger,REA_PPC2,dega,Relative Ellipse Azimuth,Clean
Halliburton Logging,DP0P1SpherMob,mD/cP,DP0P1 Spherical Mobility,Clean
Halliburton Logging,VertRes60k50,kohm.m,"Vertical Resistivity 60k 50""",Clean
Baker Hughes Inteq,DRHFM,g/cm3,Bulk Density - Delta Rho - Filtered - Memory,Clean
Halliburton Logging,YDP_YX2_Freq,MHz,Pick Frequency 2,Clean
Schlumberger,AHTCB30,S/m,Array Induction Two Foot Conductivity Background A30,Clean
Schlumberger,"PARH3﻿",kPa,MRPA 3 Raw Inflate Pressure,Mnemonic boundary invisible character
Schlumberger,SGTEMP2,DegF,Strain Gauge(B) Temperature,Unit-symbol case error
Halliburton Logging,T1MX,ms,Longest travel time of 1st reflection for ecenter tool,Clean
Baker Hughes Inteq,P3OBI,kohm.m,Packed pad 3 block,Clean
Halliburton Logging,WL2C,mA,Wire Line 2 Current,Clean
Halliburton Logging,HorizRes72k17,ohm.m,"Horizontal Resistivity 72k 17""",Clean
Schlumberger,NEAR,MHz,"Average, Near Total Count Rate",Clean
BP,BP_PRESS_SPP_AVG_DEP,kPa,Dep - Pressure - Standpipe,Clean
Halliburton Logging,URLC,ohm.m,Resistivity frm diffential phase&ampl from RXU & RXL receivers,Mnemonic typographical error
Schlumberger,T2LM_ANT2_T2I_DH,us,"Antenna 2 T2 Logarithmic Mean by T2 Inversion, Downhole",Clean
Schlumberger,CR31,m,Corrected Radius 31,Clean
Schlumberger,MINUS_10V,mV,-10 Volt Power Supply Voltage,Clean
Halliburton Logging,sCM6,mA,Survey Current Max Pad 6,Mnemonic case error
Baker Hughes Inteq,CR1,in,Slim Z-Densilog caliper from backup arm,Clean
Baker Hughes Inteq,FLR60,mT,FLR_60,Clean
Baker Hughes Inteq,TIME_LIMIT,us,Downlink Maximum Time - Memory,Clean
Halliburton Logging,HO02,kohm.m,20 in Radial Resistivity 1ft,Clean
Baker Hughes Inteq,EPSMAE,Fu/m,"Rock matrix permittivity estimate, real time",Unit-symbol typographical error
Schlumberger,CE_TT8_3FT_MAX,us,Transit Time 3FT Maximum Waveform Array 8 Monopole Lower High Frequency for Cement Evaluation,Clean
BP,BP_PITVOL_TTM,cm³,Tank Volume - Trip Tank Mini,Unicode power notation in unit
Schlumberger,sFV5,mV,Stationary Fluid Voltage 5,Mnemonic case error
Schlumberger,PBHK,%,Upper Limit of Borehole Potassium Concentration,Clean
Baker Hughes Inteq,PUMP_AVG,kPa,Standpipe Pump Pressue- Depth Average,Clean
Schlumberger,PKDT_A90X,s/m,Peak Slowness for Slowness-Time Coherence for Slow Shear Azimuth Custom Frequency Firing,Clean
Schlumberger,KECHO_HR,L,High Resolution Echo Sum Permeability,Mnemonic-unit semantic mismatch
Baker Hughes Inteq,ET0E,Hs,Elapsed time,Unit-symbol case error
Halliburton Logging,CO09,kS/m,90 in Radial Conductivity 1ft,Clean
Halliburton Logging,ST_ALT_XDP_FHB,V,Post Firing Voltage,Clean
Schlumberger,DHF3,Hz,MRDP 3 Horizontal Strain Gauge Frequency,Clean
Schlumberger,BRAV,m,Borehole radius average,Clean
Schlumberger,"MINUS_12V﻿",mV,-12V Volt Power Supply Voltage,Mnemonic boundary invisible character
Baker Hughes Inteq,CDSOF3,kS/m,Conductivity short xmtrs outer rcvrs freq 3,Clean
Baker Hughes Inteq,QAGX,gn,Magnitude of accelerometer vector for GXPL,Clean
Schlumberger,FTHV,us,Average First Echo Fall Time,Clean
BP,BP_PITVOL_ACT_CHNG,m3,Tank Volume - Active Group Change,Clean
Baker Hughes Inteq,ABDC10X,lbm/ft3,Azimuthal Bulk Density - Compensated - Sector 10 - Real-time,Clean
Schlumberger,RP22H,ohm.m,Real-Time 22 inch spacing phase shift resistivity,Clean
Halliburton Logging,eVrtRes72k80,ohm.m,"Vertical Resistivity 72k 80""",Mnemonic typographical error
Schlumberger,DM26_WDP,m,Ultrasonic Tool Delta Movement Along Axis 2 and 6,Clean
Baker Hughes Inteq,W1DPF,bar,Strain gauge borehole pressure,Clean
Baker Hughes Inteq,SRA012M,ohm.m,Electrical Image - Sector 12 - Memory,Clean
Schlumberger,ATRI,ohm.m,Array Induction Two Foot Radial Resistivity Image,Clean
Halliburton Logging,DVL,L,Delta Volume,Clean
Pason,P3_CALDISPL,bbl,P3 Cal Displacement,Clean
Baker Hughes Inteq,CTMP,degC,Spartek pressure reference temperature,Clean
Halliburton Logging,YR_TEMP,K,Temperature,Clean
Schlumberger,CSOD3,m,Casing 3 Outer Diameter,Clean
Halliburton Logging,PAD2,kS/m,EMI Pad 2 values,Clean
Schlumberger,P09FDS,lbm/ft3,Fluid Density [09],Clean
Schlumberger,A16B_DH_ECO_RT,ohm.cm,"ARC Blended Attenuation Resistivity 16 inch, Real-Time, Computed Downhole",Clean
Schlumberger,RES_BD_IMG,ohm.m,Deep Button Resistivity Image,Clean
Schlumberger,SWB,Euc,Bound Water Saturation,Clean
Schlumberger,TTEM_ADN,degF,ADN Tool Temperature,Clean
Schlumberger,YRA5,ohm.m,HRLA Shallow Resistivity From Computed Focusing Mode 5,Clean
Schlumberger,150b,MHz,150 keV Output (BIS),Mnemonic case error
Schlumberger,ASFCO60,kS/m,Array Induction Four Foot Conductivity A60,Clean
Baker Hughes Inteq,RBIT5,in,Bit radius 5,Clean
Pason,PLAD,ft,Pason Lag Depth,Clean
Schlumberger,P40H_UNC,ohm.cm,Uncorrected Phase Shift Resistivity 40 inch at 2 MHz,Clean
Schlumberger,PAQP2_DL,psi,MRPA 2 Quartz Gauge Pressure,Clean
Baker Hughes Inteq,FL36,uT,FL CHANNEL 36,Clean
Schlumberger,TKO_SNRF_SLOW_R,B,"Time-Wavenumber-Order (Pronys Analysis), Signal to Noise Ratio Receiver Array - SLOW",Clean
Baker Hughes Inteq,"maxr	",in,Max_Remain,Mnemonic boundary whitespace
Schlumberger,COND_DLG2_F1,kS/m,Frequency 1 Differential Longitudinal Spacing 2 Conductivity,Clean
Numar MRI Logging,1T_1,us,Longitudinal relaxation time (T1_1 refers to T1 derived from uniexponential fitting),Mnemonic typographical error
Schlumberger,RH_ML_UB_ZD4,kohm.m,3D Induction Group 4 Zero-D Inversion Horizontal Resistivity Mid Likelihood Upper Bound,Clean
Schlumberger,RSNLR,Hz,"Raw Neutron Short Spacing Late Count Rate, Right",Clean
Baker Hughes Inteq,DCSAW,m2,Dead cross-sectional area,Clean
Baker Hughes Inteq,QAIN,gn,Magnitude of accelerometer vector for INTeX,Clean
Halliburton Logging,UMP_ST_Freq,MHz,Pick Frequency,Clean
Baker Hughes Inteq,V2P,μV,1970MB module voltage 2 prime for R/C,Unicode micro prefix in unit
Baker Hughes Inteq,ATNMIR,dB/ft,"Compensated attn., inner rcvrs, med xmtrs, all freq.",Clean
BP,BP_MUD_MFI_P5,1e6 bbl/d,Flow Rate - Pump 5,Unit-symbol case error
Baker Hughes Inteq,DIS67,aguss,DIS CHANNEL 67,Unit-symbol typographical error
Schlumberger,COND_DTR3_F0_SIG,mS/m,Uncertainty on Frequency 0 Differential Transverse Spacing 3 Conductivity,Clean
Baker Hughes Inteq,DIS53,dega,DIS CHANNEL 53,Mnemonic-unit semantic mismatch
Schlumberger,CR68,ni,Corrected Radius 68,Unit-symbol typographical error
Baker Hughes Inteq,C03M,ft,Sectional caliper 3,Clean
Schlumberger,ZBPH_F2_D1,rad,"Impedance of Buttons, Phase, Frequency 2, Pad D and Row 1",Clean
Schlumberger,KDMR,D[API],Density MR (Magnetic Resonance) Permeability,Clean
Halliburton Logging,VertRes84k80,kohm.m,"Vertical Resistivity 84k 80""",Clean
Halliburton Logging,"  RSPC",ft,Receiver Spacing,Mnemonic boundary whitespace
Schlumberger,PS_DLG3_F2_HR_SIG,dega,Uncertainty of High Resolution Frequency 2Longitudinal Spacing 3 Phase Shift,Clean
Pason,HCV,V,tgs Hydrocarbon Voltage,Clean
Baker Hughes Inteq,FIN24A,m,Finger radius amplitude for 24 finger tool array,Clean
Halliburton Logging,PRBP,bar,Drawdown Presssure limit (bubble point),Clean
Baker Hughes Inteq,QDTMP,degF,Quartzdyne correction temperature,Clean
Schlumberger,POMC,A,MRPO Motor Current,Clean
Schlumberger,VWFTEMP,degC,Vibrating Wire Flowline Fluid Temperature,Clean
Baker Hughes Inteq,FLC66,T,FLC_66,Clean
Halliburton Logging,EP1P1Temp,K,EP1P1 Probe Temperature,Clean
Schlumberger,PFLOPRES,kPa,Primary Flowline Pressure,Clean
Baker Hughes Inteq,FL81,mT,FL CHANNEL 81,Clean
Halliburton Logging,TrueDip36k17,rad,"True Formation Dip 36k 17""",Clean
Schlumberger,RF16,MHz,Raw Far Gate 16,Clean
Schlumberger,TH3,in,Thickness 3,Clean
BP,BP_PITVOL_CFUGE,bbl,Tank Volume - Centrifuge,Clean
Baker Hughes Inteq,IMSL,A,Current,Clean
Schlumberger,PROP,kohm.m,Measure of PROX Plus Sqrt(Sigma**2+Tau**2),Clean
Halliburton Logging,QGTM,degF,Quartz Gauge Temperature,Clean
BP,BP_PRESS_CMT_2,psi,Pressure - Cement Pump #2,Clean
Baker Hughes Inteq,ATK_INNX,cgr,Near Bit Inclination - Real-time,Clean
Schlumberger,A28L_UNC_RT,kohm.m,"ARC Uncorrected Attenuation Resistivity 28 inch Spacing at 400 KHz, Real-Time",Clean
Schlumberger,SRVP_20_0_YD_T,ms/m,Shear Radial Variation Profile at 20.0 Inch Radial Depth from Borehole Surface for YD Waveform Transmitter Array,Clean
Schlumberger,PRSS,MHz,Short Spacing Pile-up Rejection Countrate,Clean
Schlumberger,TKO_SNRF3T,dB,"Time-Wavenumber-Order (Pronys Analysis), Signal to Noise Ratio Transmitter Array - Stoneley",Clean
Baker Hughes Inteq,ADSA12M,g/cm3,Azimuthal Density - Short Space - Apparent - Sector 12 - Memory,Clean
Schlumberger,TTSH_A00C,su,Shear Peak Time from Fast Shear Azimuth Chirp Firing,Unit-symbol typographical error
Baker Hughes Inteq,RMXGDP,uT,Raw Y-Axis magnetometer shifted to HDIP,Clean
Baker Hughes Inteq,AMD6F3,uV,Raw data amplitude T6 frequency 3 (in dB/V),Clean
Schlumberger,POUDHP,kPa,MRPOUD Hydraulic Pressure,Clean
Halliburton Logging,HT60,ohm.m,HRI Deep Resistivity 60 Inch 2 Ft,Clean
Schlumberger,SRPC_DL,kPa,MRSR Quartz Gauge Pressure Compensation,Clean
Schlumberger,RV21_1DF,kohm.m,3D Induction 1D Inversion Vertical Filtered Resistivity from 21 inch Array,Clean
Baker Hughes Inteq,QK6P,N/m²,Tic mark for drawdown pressure every 10 K psi,Unicode power notation in unit
Schlumberger,DTCO_MUL,s/m,Compressional Slowness from Monopole Upper Transmitter Low Frequency Firing Monopole Component,Clean
Schlumberger,TPWO,ms/m,Electromagnetic Time of Propagation in Water,Clean
Schlumberger,ECD_MXW_RT,g/cm3,Equivalent Circulating Density,Clean
Baker Hughes Inteq,SFA24,us,"Surface pick 1st arrival time, T2R4",Clean
Schlumberger,AZAPN_1DF,min,PeriScope/ARC 1D RhRvDip Inversion Filtered Apparent Azimuth Ref. North,Mnemonic-unit semantic mismatch
Pason,"DOUT	",lbm/ft3,tgs Mud Density Out,Mnemonic boundary whitespace
Pason,CONDENSATE,L/min,Condensate Out,Clean
Halliburton Logging,BHCR84K80XZ,mS/m,Bore Hole Correction R84K 80In X Trans/ Z Recv,Clean
Baker Hughes Inteq,SFA12,s,"Surface pick 1st arrival time, T1R2",Clean
Schlumberger,PQRR1_DL,Hz,MRPQ 1 Raw Flowline Resistivity,Mnemonic-unit semantic mismatch
Halliburton Logging,DVOL,m³,Dead Volume,Unicode power notation in unit
Schlumberger,DFB7,kHz,2nd DEFT Bubble Count Probe 3,Clean
Baker Hughes Inteq,DZR4AS,ohm.cm,Freq A pad 4 dynamic real resistivity of formation impedance,Clean
Schlumberger,HYD_FIN_RAW,bar,Hydraulic Pressure at Finish of Set - Uncorrected,Clean
Baker Hughes Inteq,ZR5AU,ohm,Frequency 1 pad 5 resistance,Clean
Baker Hughes Inteq,FLR29,uT,FLR_29,Clean
Baker Hughes Inteq,ZR4BUS,Eohm,Second tool Frequency 2 pad 4 resistance,Clean
Schlumberger,UWFD_TL,lbm/ft3,Uncorrected Well Fluid Density,Clean
Schlumberger,DHCMCU,mA,Downhole Coring Motor Current,Clean
Baker Hughes Inteq,FLC29,mT,FLC_29,Clean
Baker Hughes Inteq,AGNYX3,B,Acoustic averaged receiver gain,Clean
Schlumberger,RV72_LL_U_1DF,ohm.cm,3D Induction 1D Inversion Vertical Filtered Resistivity Low Likelihood Upper Bound from 72 inch Array,Clean
Baker Hughes Inteq,SCSR,MHz,CSS reduced by ISSD quadratic fit,Mnemonic typographical error
Halliburton Logging,EP2P2Temp,degC,EP2P2 Probe Temperature,Clean
Baker Hughes Inteq,FSAF,ms,"Surface pick 1st arrival time, 5 ft",Mnemonic typographical error
Halliburton Logging,ITMP,degC,Instrument Temperature,Clean
Halliburton Logging,FLUIDTMPDF,degC,Fluid Temperature Differential,Clean
Baker Hughes Inteq,ATNSO,dega,"Comp. dipole attn., outer rcrvs, short xmtrs, all freq.",Mnemonic-unit semantic mismatch
Baker Hughes Inteq,OFFXE,rad,RB offset between orientation sensor and acoustic Y-receiver,Clean
Halliburton Logging,TBP1,mV,Transmitter B Pad 1 - Used for Calibration,Clean
Schlumberger,SRD2_PPC3,m,PPC3 Synthetic Radius 2,Clean
Schlumberger,aT_DTR2_F2,dB,Frequency 2 Transverse Spacing 2 Attenuation,Mnemonic case error
Schlumberger,C1_OBMT,ft,OBMT Caliper 1,Clean
Schlumberger,FLOSETPNT,Bbl/d,Flowrate Set Point,Unit-symbol case error
Schlumberger,ATR,kohm.m,CDR Attenuation Resistivity,Clean
Schlumberger,SRVP_2_5_XD_R,s/m,Shear Radial Variation Profile at 2.5 Inch Radial Depth from Borehole Surface for XD Waveform Receiver Array,Clean
Halliburton Logging,AMCR,kHz,Americium,Clean
Schlumberger,A40H_COND_RT,S/m,Attenuation Conductivity 40 inch Spacing at 2 MHz,Clean
Schlumberger,UFFR,MHz,Firing Rate Far,Clean
Schlumberger,QWDH_ZONE_AVG,m3/d,Zonal Averaged Water Flowrate Downhole,Clean
Baker Hughes Inteq,FRQEBS,MHz,Second tool Computed pad transmitter alternate frequency,Clean
Schlumberger,rHOB_HCS,kg/m3,Bulk Density in Hydrocarbon-saturated Formation,Mnemonic case error
BP,BP_RHOBB_DEP,g/cm3,Dep - Bulk Density - Bottom,Clean
Halliburton Logging,QPR1,bar,Quartz Probe1 Pressure,Clean
Schlumberger,AZIDES,rad,Desired Azimuth,Clean
Baker Hughes Inteq,FLC58,mT,FLC_58,Clean
Baker Hughes Inteq,TT22,s,Traveltime T2R2,Clean
Baker Atlas,RL1,ohm.cm,Lateral resistivity curve from F56,Clean
Pason,CO2V,uV,tgs CO2 Voltage,Clean
Halliburton Loggig,OAI1,MHz,Far Oxygen Actn Window A,Service-company spelling error
Halliburton Logging,FRMD,uV,FLID RMS Drive,Clean
Baker Hughes Inteq,ID02,in,Dia. 02,Clean
Schlumberger,IDDR_DH_ECO_RT,g/cm3,"Image Derived Density Correction, Real-Time Computed Downhole",Clean
Baker Hughes Inteq,MXR1B,ohm.cm,Pad 1 frequency B maximum button resistivity,Clean
Halliburton Logging,BHCR72K80XZ,mS/m,Bore Hole Correction R72K 80In X Trans/ Z Recv,Clean
Schlumberger,TR_RPM,rad/s,Tractor Wheel RPM,Clean
BP,BP_PITVOL_DESAND,m3,Tank Volume - Desander,Clean
Pason,TGS_CO2_VOLT,mV,tgs CO2 Voltage,Clean
Schlumberger,PS_DTE1_F1,dega,Frequency 1 Transverse Electric Phase Shift,Clean
Schlumberger,DCSH,dB/m,Shear differential coupling,Clean
Halliburton Logging,CMC2,%,Contamination Maximum by baseline Capacitance 2,Clean
Schlumberger,HITRWAI,ohm.m,HITA Two Foot Radial RWA Image,Clean
Halliburton Logging,MLP_Comp_Time,s,Pick Time,Mnemonic typographical error
Schlumberger,VRAM_F1_H,uV,"Voltage Return, Amplitude, Frequency 1, Pad H",Clean
Baker Hughes Inteq,FLC73,uT,FLC_73,Clean
Baker Hughes Inteq,PREWC3,psi,Tank 3 accumulator pressure,Clean
Baker Hughes Inteq,RACEL,kohm.m,Resistivity Attenuation Compensated Borehole and Dielectric Corrected Long 400kHz,Clean
Halliburton Logging,ST_XDP_Slowness_Peaks,us,Slowness Peaks,Clean
Schlumberger,SIGM_13,in2,"Formation Sigma, pass 13",Clean
Halliburton Logging,LM_ALT_Time_Peaks,s,Time Peaks,Clean
Schlumberger,PQRQ1_DL,kPa,MRPQ 1 Raw Quartz Gauge Pressure,Clean
Halliburton Logging,BHCR36K80YX,S/m,Bore Hole Correction R36K 80In Y Trans/ X Recv,Clean
Schlumberger,BMM2_RAW,A,Raw Medium Button Current from Transmitter 2,Clean
Baker Hughes Inteq,DOPK,in,Depth offset of WGI from orientation tool,Clean
Schlumberger,RWEP,ohm.m,Resistivity of Water from EPT,Clean
Schlumberger,ATRD,ohm.cm,DOWN Attenuation Resistivity,Clean
Baker Hughes Inteq,AMD2F1,uV,Raw data amplitude T2 frequency 1 (in dB/V),Clean
Schlumberger,AZIM_CONT,dega,Continuous Hole Azimuth,Clean
Schlumberger,T2BK,in,Thickness of Casing minus Nominal,Clean
Schlumberger,CE_TT7_5FT_MIN,m3,MAST Transit Time 5 Feet Minimum of Measurement 7 for Cement Evaluation,Mnemonic-unit semantic mismatch
Pason,STROKES_2,Hz,Pump 2 strokes/min,Clean
Halliburton Logging,RVHRes72k50,ohm.m,"Vertical Restivity 50"" / Horizontal Restivity 50"" 72k",Clean
Schlumberger,FWFD_TL,µg/cm3,Filtered Well Fluid Density,Unicode micro prefix in unit
Schlumberger,3XVHMS_DL,rad/s,3XV Hydraulic Motor Speed,Clean
Halliburton Loggig,NBGT,Hz,Near Borehole Decay Vect,Service-company spelling error
Schlumberger,YMV,uV,HRLA Speed-corrected Calibrated Vertical Voltage,Clean
Halliburton Logging,MUDW,G/m3,Computed Mud Weight,Unit-symbol case error
Baker Hughes Inteq,BHVOL,bbl,Borehole Volume - Processed,Clean
Schlumberger,SLS_SWOB,mA,Weight on Bit measured on the rig floor,Mnemonic-unit semantic mismatch
Schlumberger,RYIV,mA,HRLA Uncalibrated Vertical Current,Clean
Schlumberger,ACT,degC,EMS ACC.TEMPARATURE,Clean
Baker Hughes Inteq,PO6A2,m³/m³,Second T2 accumulated partial porosity sum,Unicode power notation in unit
Schlumberger,SRD2,ni,Synthetic Radius 2,Unit-symbol typographical error
Schlumberger,TOJ_DL,s,Depth Log Time of Job,Clean
Schlumberger,ARVN_MXW,mV,Resistivity Board -VA Power Supply Voltage,Clean
Halliburton Logging,MNFR,ft³/d,Minimum Flow Rate,Unicode power notation in unit
Schlumberger,SSWS_SLDT,Hz,SLDT/QLDT All Short Spacing PEF Windows,Clean
Schlumberger,FPP3,m,MRFC 3 Piston Position,Clean
Halliburton Logging,CF01,kS/m,10 in Radial Conductivity 4ft,Clean
Schlumberger,LNTA_FILT,MHz,"Filtered Neutron Long Spacing Tau Count Rate, Average",Clean
Schlumberger,AS_IROP,m/s,Ideal ROP,Clean
Baker Hughes Inteq,EDVGX,cgr,Deviation at GXPL position,Mnemonic typographical error
Baker Hughes Inteq,MUR3,kohm.m,"Unfocused resistivity, subarray 3",Clean
Schlumberger,ATD2,ft,Array Induction Two Foot Outer Diameter of Invasion,Clean
BP,BP_RES_MD_PH_LF_DEP,ohm.cm,Dep - Resistivity - Medium - Phase - Low Frequency,Clean
Baker Hughes Inteq,V_SYS⁠,m3,System Volume - Memory,Mnemonic boundary invisible character
Halliburton Logging,RCLS,ft/min,Recommended logging speed,Clean
Baker Hughes Inteq,AGNF1,dB,Acoustic averaged receiver gain,Clean
Baker Hughes Inteq,PO5A3,ppm,Third T2 accumulated partial porosity sum,Clean
Baker Hughes Inteq,FLC86,uT,FLC_86,Clean
Schlumberger,HACSO,ft,AIT-H Computed Tool Standoff,Mnemonic typographical error
Baker Hughes Inteq,SOA,m,Standoff value in inches for HDIL used in ABC processing,Clean
Baker Hughes Inteq,ZDR4B,Eohm,Frequency 2 pad 4 resistance,Clean
Halliburton Logging,BHCR36K50ZX,kS/m,Bore Hole Correction R36K 50In Z Trans/ X Recv,Clean
Halliburton Logging,M2SH,s,Monopole-2 Upper Travel Time,Clean
Baker Hughes Inteq,R27,ft,Multi-arm_data - Feeler 27 radius,Clean
Baker Hughes Inteq,B16M,dega,"Phase, 16 Hz, medium spacing offset 360 degrees",Clean
Baker Hughes Inteq,MXR5B,kohm.m,Pad 5 frequency B maximum button resistivity,Clean
Baker Hughes Inteq,B08S,μrad,"Phase, 8 Hz, short spacing offset 360 degrees",Unicode micro prefix in unit
Baker Hughes Inteq,RACVL,ohm.m,Resistivity Attenuation Compensated Borehole and Inversion Corrected Long 400kHz,Clean
Halliburton Logging,ST_UM_Time_Peaks,us,Time Peaks,Clean
BP,BP_WOB_DH_AVG_DEP,kgf,Dep - Weight on bit - Downhole,Clean
Schlumberger,ESGP,kPa,Engineering Units Strain Gauge Pressure,Clean
Schlumberger,IDQC,m,Internal Diameter Quality Check,Clean
Halliburton Logging,RMAN,m,Right Mandrel,Clean
Schlumberger,RV_ZD2,nohm.mm²/m,3D Induction Group 2 Zero-D Inversion Vertical Resistivity,Unicode power notation in unit
Baker Atlas,DPRM,kohm.m,mud resistivity from rmudtmp2_0 pfn,Clean
Schlumberger,RMBA,g/cm3,"Downhole-Computed Maximum Bulk Density Correction, Bottom Sensor",Clean
Halliburton Logging,UFM_Slowness_Peaks,us,Slowness Peaks,Clean
Halliburton Logging,LSIN,MHz,Gross Inelastic,Clean
Baker Hughes Inteq,T09FO,us,Time remaining until max temperature outside flask sensor,Clean
Baker Hughes Inteq,MOTV2,uV,Motor voltage monitor,Clean
Halliburton Logging,SCM4,A,Current Limit Pad 4,Clean
Halliburton Logging,ITTT,ms,Integrated Travel Time Total,Clean
Schlumberger,TPW0,ms/m,Time of Propagation in Water (Lossless),Clean
Schlumberger,RFSB_DH_ECO_RT,in2,"Raw Formation Sigma, Bottom, Real-Time, Computed Downhole",Clean
Halliburton Logging,BHCR36K50ZY,mS/m,Bore Hole Correction R36K 50In Z Trans/ Y Recv,Clean
Schlumberger,TH23,in,Thickness 23,Clean
Halliburton Logging,eNCA,MHz,Near Count Rate EVR,Mnemonic case error
Schlumberger,RV72_UB_1DF,ohm.cm,3D Induction 1D Inversion Vertical Filtered Resistivity Upper Bound from 72 inch Array,Clean
Pason,HEAVY_ENDS_C6,kmol/m3,chr Heavy Ends C6,Clean
Schlumberger,RB_PPC4,cgr,PPC4 Relative Bearing,Clean
Baker Hughes Inteq,R12,in,Multi-arm_data - Feeler 12 radius,Clean
Baker Hughes Inteq,FLR82,T,FLR_82,Clean
Halliburton Logging,BHCR72K29ZY,kS/m,Bore Hole Correction R72K 29In Z Trans/ Y Recv,Clean
Schlumberger,BP_IV_BU_RAW,bar,Phase B Investigation Buildup Pressure - Uncorrected,Clean
BP,BP_DEP_BIT_MD,ft,Depth Bit - Measured,Clean
Schlumberger,WBIO,%,Weight Percent Of Biotite,Clean
Schlumberger,PQSF1,mA,MRPQ 1 Strain Gauge Frequency,Mnemonic-unit semantic mismatch
Baker Hughes Inteq,CALMU,ft,Borehole diameter for RTeX borehole corrections,Clean
Schlumberger,SRVP_25_0_FAST_R,h/km,Shear Radial Variation Profile at 25.0 Inch Radial Depth from Borehole Surface for FAST Waveform Receiver Array,Clean
Schlumberger,TFARL_DH_ECO_RT,Hz,"Thermal Neutron Far Count Rates, Left, Real-Time, Computed Downhole",Clean
Baker Hughes Inteq,ACCM,mgn,Spartek memory tool acceleration,Clean
Baker Hughes Inteq,ETIMD​,s,Delta elapsed time,Mnemonic boundary invisible character
Schlumberger,T1L6_UHR,ms,T1 Logarithmic Mean of Bin 6 for Upper High-Resolution Antenna,Clean
Schlumberger,EYSP,psi,Maximum Far-Field Effective Horizontal Stress,Clean
Pason,P4_RATE,m3/d,P4 Rate,Clean
Schlumberger,ETH_CGA3,g/cm3,CGA3 C2-C5 Partial Density,Clean
Baker Hughes Inteq,FLR5,uT,FLR_5,Clean
Schlumberger,TTRA,ms,Transit Time at Compressional Peak for the Receiver Array,Clean
Halliburton Logging,FDSN,Hz,Far Detector Telemetry Counts,Clean
Baker Hughes Inteq,FL55,T,FL CHANNEL 55,Clean
Baker Hughes Inteq,ATNSIR,dB/ft,"Compensated attn., inner rcvrs, short xmtrs, all freq.",Clean
Schlumberger,TT1,ms,Transit Time 1,Clean
Pason,PC1G,ppm,tgs C1 Gas Percentage,Clean
Schlumberger,ACC_RA,cm/s²,Accelerometer Radial Component,Unicode power notation in unit
Halliburton Logging,RA1,ohm.cm,Resistivity corrected Apparent Resistivity Mode 1,Clean
Halliburton Logging,AMPS4,mV,Az4 Pipe Amplitude,Clean
Baker Hughes Inteq,SFA11,ms,"Surface pick 1st arrival time, T1R1",Clean
Schlumberger,ERMN_EXT,μm,Minimum External Radius Corrected for External Eccentering,Unicode micro prefix in unit
Schlumberger,CRITICAL_BUCKLING_STRESS,bar,"Critical Buckling Stress: critical value of compressive axial stress where the bending stiffness becomes very small. When this value is exceeded, high bending stress will be generated and could exceed the elastic limit",Clean
Baker Hughes Inteq,AZW,rad,Azimuth of reference pad for WGI,Clean
Schlumberger,DFMX4_FSI_SL,uV,Electrical Probe 4 Maximum Voltage - Station Log,Clean
Schlumberger,rV_HL_UB_ZD5,kohm.m,3D Induction Group 5 Zero-D Inversion Vertical Resistivity High Likelihood Upper Bound,Mnemonic case error
Schlumberger,"YV45﻿",V,HRLA Speed-corrected Calibrated A4-A5 Voltage,Mnemonic boundary invisible character
Schlumberger,HRN5,MHz,HiRes Near Count Rate From Gate 05,Clean
Schlumberger,SRML,kPa,MRSR Minimum Interval Pressure,Clean
Schlumberger,IC2C,Vm,"Isolation AMP, D2-A2 Current, Center Electrode",Unit-symbol typographical error
Baker Hughes Inteq,DT24F,ms/m,"Slowness over 24-inch interval, far spacing",Clean
Schlumberger,TICO,ms,Compressional Integrated Transit Time Channel,Clean
Schlumberger,dFBM2,Hz,2nd DEFT Bubble Count Average,Mnemonic case error
Schlumberger,SNTB,Hz,"Neutron Short Spacing Tau Count Rate, Bottom",Clean
Schlumberger,TRACER_TPLW_MIST,μHz,Tracer Window TPL,Unicode micro prefix in unit
Halliburton Logging,RFDN,kg/m3,Resistivity Derived Fluid Density,Clean
Schlumberger,LSAZ_P1F,kHz,"Raw Long Spacing Window 3 Count Rate, 0.1 ft, 16-Sector Waveform",Clean
Baker Hughes Inteq,SPUI,uV,Power supply current (not main motor),Mnemonic typographical error
Schlumberger,WANH_ECO_RT,Euc,"Dry Weight Fraction Anhydrite/Gypsum, Real-Time (SpectroLith WALK2 Model)",Clean
Halliburton Logging,CO24,S/m,HRI Deep Conductivity 24 Inch 1Ft.,Clean
Halliburton Logging,36kSK29,dega,36k Strike 29 inch for the MCIV1D,Clean
Baker Hughes Inteq,DOWS,in,Depth offset of WGI from orientation tool (2nd tool),Clean
Baker Hughes Inteq,PSMO,μrad,"Phase shift, dipole outer rcrvs, med xmtrs, all freq",Unicode micro prefix in unit
Baker Hughes Inteq,NBGRSSRPMAVGM,rev/s,Near Bit Stick Slip RPM Average - Memory,Clean
Baker Hughes Inteq,SPDHEA,V,Spontaneous Potential downhole from 1530 INDX thru 3529EA,Clean
Baker Hughes Intq,MBHR5,ohm.m,Borehole resistivity coil 5,Service-company spelling error
Schlumberger,SSAT_SLDT,ms,SLDT/QLDT Short Spacing Acquisition Time,Clean
Baker Hughes Inteq,DRPDA20M,ohm.m,Resistivity - Phase Difference - Apparent - 20 kHz - Memory,Clean
Baker Hughes Inteq,CMIN,dega,Minimum caliper radius,Mnemonic-unit semantic mismatch
Pason,ADTSP,µA,AutoDriller Torque Limit,Unicode micro prefix in unit
BP,BP_GAS_ADV_C2_IN,ppm,Ethane (C2) IN- Advanced service,Clean
BP,BP_INC_RT,rad,Inclination - MWD Continuous,Clean
Schlumberger,ZNCR,rad,Normalized Casing Resistance Z,Mnemonic-unit semantic mismatch
Halliburton Logging,HF40,ohm.m,HRI Deep Resistivity 40 Inch 4 Ft.,Clean
Schlumberger,NDL,MHz,Neutron Depth Log,Clean
Baker Hughes Inteq,MT_CBWX,ppm,Clay Bound Water - Downhole Processed - Real-time,Clean
Schlumberger,EEBS_SL,ft,Estimated Electrical-probe Bubble Size,Clean
Schlumberger,SWBU,ppm,Bound Water Saturation Uncorrected,Clean
Baker Hughes Inteq,PROBE_ID,ni,TTK Probe ID - Memory,Unit-symbol typographical error
Baker Hughes Inteq,MXTV,V,MR maximum transmitter voltage,Clean
Baker Hughes Inteq,DIA24,ft,Finger diameter for 24 finger tool,Clean
Halliburton Logging,QRA5,ohm.cm,Apparent Resistivity Mode 5,Clean
Halliburton Logging,VQTZ,Euc,Apparent matrix quartz fraction %,Clean
Baker Atlas,"tnst05	",ms,monopole multiplex waveform start time,Mnemonic boundary whitespace
Schlumberger,EPWA,rad,EMS Pad Hole-Wall Angle,Clean
Schlumberger,TTSH_A00X,s,Shear Peak Time from Fast Shear Azimuth Custom Frequency Firing,Clean
Schlumberger,S1C,rpm,Spinner 1,Clean
Halliburton Logging,oTHER5DENSITY,lbm/ft3,Other 5 Density,Mnemonic case error
Halliburton Logging,M2SL,ms,Monopole-2 Lower Travel Time,Clean
Pason,POROSITY1_DEPTH,ft,Porosity 1 Depth,Clean
Schlumberger,T2L8_SH8,ma[t],T2 Logarithmic Mean of Bin 8 for Shell 8,Unit-symbol case error
Baker Hughes Inteq,TEMP3,K,Temperature 3,Clean
Schlumberger,RCMD_DL,uV,Raw Coring Motor Downhole Voltage,Clean
Schlumberger,CB4,kS/m,Conductivity of Button 4 of SHDT,Clean
Baker Hughes Inteq,FL42,mT,FL CHANNEL 42,Clean
Baker Hughes Inteq,MFFYY,mS/m,"Multi frequency focusing, YY, apparent conductivity",Clean
Schlumberger,VELT,m/s,Sonic Compressional Velocity Reconstructed,Clean
Baker Hughes Inteq,ZR6BCR,Eohm,"Pad 6, frequency B button equalization",Clean
BP,BP_RES_DP_PH_LF_DEP,kohm.m,Dep - Resistivity - Deep - Phase - Low Frequency,Clean
Schlumberger,EFITVOLMETH,m3,End of Fitting Volume for Contamination Methane Model,Clean
Schlumberger,SSA4,dB,Symmetrized Directional Shallow Attenuation at 400 KHz.,Clean
Baker Hughes Inteq,ATNMO,B,"Comp. dipole attn., outer rcrvs, med xmtrs, all freq.",Clean
Halliburton Logging,"  BDip84k17",rad,"Borehole Dip 84k 17""",Mnemonic boundary whitespace
Halliburton Logging,"NOIS_Az5﻿",uV,Az5 Noise Amplitude Baseline,Mnemonic boundary invisible character
Schlumberger,ESA_PPC4,ft,Ellipse Short Axis,Clean
Baker Hughes Inteq,CAL1D,in,Caliper,Clean
Schlumberger,HIORT,ohm.m,HITA One Foot Rt,Clean
Halliburton Logging,"LMP_ALT_Shear_Freq	",kHz,Pick Frequency 2,Mnemonic boundary whitespace
Schlumberger,T2LM_DF2_SH4,dega,Logarithmic Mean of Special Fluid 2 T2 Distribution (Diffusion Free) for Shell 4,Mnemonic-unit semantic mismatch
Schlumberger,UCAL2,m,"Ultrasonic Caliper, Axis 2 Diameter",Clean
Schlumberger,CIDL,m,"Caliper Casing Inner Diameter Processed, Long Spacing",Clean
Schlumberger,MDGB,mT,Differential Earth Magnetic Field,Mnemonic typographical error
Baker Hughes Inteq,ZI4AU,ohm,Freq 1 pad 4 capacitive part of complex formation impedance,Clean
Halliburton Logging,QUU2,ohm.m,Quality U2,Clean
Schlumberger,WTEP_TL,edgR,Well Temperature,Unit-symbol typographical error
Schlumberger,JRPA2_DL​,m,MJET Raw Leg OD at Potentiometer A2,Mnemonic boundary invisible character
BP,BP_ECD_BIT,lbm/ft3,ECD - Bit (computed),Clean
Baker Hughes Inteq,TFST,s,Monopole multiplexed waveform start time,Clean
Baker Hughes Inteq,MLR2S,kohm.m,Synthetic MultiLaterolog resistivity 2,Clean
Baker Hughes Inteq,QPJ5P,kN/m²,"Tic mark for drawdown pressure every thousand psi, APQJ",Unicode power notation in unit
Halliburton Logging,EDD5,ohm.cm,Pad #5 Resistivity Fast,Clean
Halliburton Loggig,Attenuation_Compensated,dB/ft,Attenuation Compensated,Service-company spelling error
Halliburton Logging,rULU,kohm.m,Resistivity frm diff phase&ampl RXU & RXL receivers TXU working,Mnemonic case error
Schlumberger,cOND_DTR4_F1_SIG,mS/m,Uncertainty on Frequency 1 Differential Transverse Spacing 4 Conductivity,Mnemonic case error
Pason,P1_RATE,m3/h,P1 Rate,Clean
Halliburton Logging,C36,m,Four Arm Caliper arms 3 & 6,Clean
Schlumberger,RLA4_REC2D,ohm.m,Reconstructed HRLT resistivity (channel 4) with 2D forward modeling,Clean
Baker Atlas,CIPD,S/m,deep induction conductivity,Clean
Schlumberger,COPO,Euc,Core Potassium Concentration,Clean
Baker Hughes Inteq,TFST01K,s,Monopole multiplexed waveform start time,Clean
Schlumberger,RES_BX2,okhm.m,"Resistivity eXtra Deep, Octant 2",Unit-symbol typographical error
Schlumberger,ASOA,ft,"Average Ultrasonic Standoffs, Quadrant(B-L-U-R) Array",Clean
Schlumberger,GVEL_SL,m/h,Computed Gas Velocity - Station Log,Clean
Baker Hughes Intq,TCSA,ft2,Tubular casing cross-sectional area,Service-company spelling error
Schlumberger,TRSP_SL,m/s,Tractor Speed,Clean
Baker Hughes Inteq,DTVDA,in,"Change in true vertical depth, accelerometer",Clean
Schlumberger,FUIP,µbar,Instantaneous Flowline Strain Gauge Pressure,Unicode micro prefix in unit
Halliburton Logging,YDP_PL_Freq,MHz,Pick Frequency 2,Clean
Schlumberger,COND_DLG3_F2_SIG,S/m,Uncertainty on Frequency 2 Differential Longitudinal Spacing 3 Conductivity,Clean
Schlumberger,VM0,mV,"Azimuthal Voltage, 0 degree",Clean
Halliburton Logging,BHCR60K29ZY,mS/m,Bore Hole Correction R60K 29In Z Trans/ Y Recv,Clean
Schlumberger,ATCAV,degF,Array Induction Temperature Calibrated Vector,Clean
Schlumberger,ICS2,mS/m,Induction Shallow Conductivity Two Foot,Clean
Baker Atlas,tfst06,us,monopole multiplex waveform start time,Clean
Schlumberger,QPCO_DL,bar,CQG Dynamic Compensation (Depth Logging),Clean
Schlumberger,RVM9,ohm.m,"Uncalibrated Azimuthal Voltage, 90 degree",Mnemonic-unit semantic mismatch
Schlumberger,CP09,mV,"Electrical Standoff Voltage, Azimuth 9, 0 degree",Clean
Halliburton Logging,TLGTCF​,MHz,Long Corr Decay Filtered,Mnemonic boundary invisible character
Schlumberger,CRD1_PPC1⁠,ft,PPC1 Radius 1 Arm Bending Compensated,Mnemonic boundary invisible character
Halliburton Logging,P2SR,m,Probe 2 Snorkel Radius,Clean
Schlumberger,B2TV,degC,MRPS 2 Strain Gauge Temperature,Clean
Schlumberger,P9HFP,cgr,Pad 9 High Frequency Phase,Clean
Schlumberger,3XVRD_DL,psi,3XV Quartzdyne Raw Pressure,Clean
Schlumberger,N_TIV,m3,Anisotropy Parameter N referred to TI Axis in TIV Formation,Mnemonic-unit semantic mismatch
Baker Hughes Inteq,EPSOF3,uF/m,Rel permittivity short xmtrs outer rcvrs freq 3,Clean
Schlumberger,TNEA_DH_ECO_RT,MHz,"Thermal Neutron Near Count Rates, Average, Real-Time, Computed Downhole",Clean
Schlumberger,GDIM_LFA2_DL,uV,LFA2 Gas Detector Source Intensity Monitor Data (Depth Logging),Clean
Schlumberger,FPERM_AHF,mD,Fracture Permeability from Apparent Horizontal Fracture Model,Clean
Schlumberger,BTRT,us,Bit Run Time,Clean
Schlumberger,APRESA_SGOF,kPa,TMT Pressure Amplified (Strain Gauge Offset corrected),Clean
Baker Hughes Inteq,PSMIC,rad,"Phase shift, calib, inner rcvrs, med xmtrs, all freq",Clean
Halliburton Logging,YY_ALT_FHA,μV,Pre Firing Voltage,Unicode micro prefix in unit
Halliburton Logging,AMPMIN,V,Minimum Sector Amplitude,Clean
Schlumberger,RV15_ML_L_1DF,kohm.m,3D Induction 1D Inversion Vertical Filtered Resistivity Mid Likelihood Lower Bound from 15 inch Array,Clean
Baker Hughes Inteq,DDVolume_2,m3,Draw Down Volume 2 - Memory,Clean
Schlumberger,DVAMP_B,mV,"Amplitude of Buttons Delta V, Pad B",Clean
Baker Hughes Inteq,RDN,Hz,Raw data count rate,Clean
Halliburton Logging,CTMO,Euc,Contamination Based On Mobility,Clean
Schlumberger,SPHASE_SM_SH2,rad,Signal Phase from Sub-Measurements for Shell 2,Clean
Schlumberger,DC_GAS_T1,m2/h,Computed Gas Diffusion Coefficient indexed by T1,Clean
Baker Hughes Inteq,MXPA,cgr,All pad frequency A maximum phase over pad buttons,Clean
Baker Hughes Inteq,ZR2AES,ohm,"Second tool Pad 2, frequency A button equalization",Clean
Schlumberger,RIXD,S/m,Raw Induction Quad Deep,Clean
Baker Hughes Inteq,PO8A2,Cm3/m3,Second T2 accumulated partial porosity sum,Unit-symbol case error
Baker Hughes Inteq,TS15FB,m/h,Time since reaching max temperature for inside flask sensor,Mnemonic-unit semantic mismatch
Baker Hughes Inteq,TEMP4,K,Temperature 4,Clean
Schlumberger,RMCA,m,Raw MLT Caliper,Clean
Baker Hughes Inteq,QT0P,kPa,"Tic mark for drawdown pres. every hundredth psi, sample sen.",Clean
Baker Hughes Inteq,PORHME,%,"Porosity from highest frequency, med xmtrs, real time",Clean
Schlumberger,DTDP_ITP,h/km,Interpolated Slowness from Dispersive Processing,Clean
Baker Hughes Inteq,R39,m,Multi-arm_data - Feeler 39 radius,Clean
Schlumberger,GHMX3_FSI_SL,uV,Optical Probe 3 Maximum Voltage - Station Log,Clean
BP,BP_PITVOL_OFLW,bbl,Tank Volume - Overflow,Clean
Baker Hughes Inteq,DIFE13,ppm,Differential porosity from T2 echo trains 1 and 3,Clean
Schlumberger,BSDC_SL,Hz,Raw Bottom Sand Detection Tool Count Rate - Station Log,Clean
BP,BP_GAS_C1_DEP,%,Dep - Methane (C1),Clean
Schlumberger,PQRD1,kPa,MRPQ 1 Quartzdyne Raw Pressure,Clean
Schlumberger,HIO20,psi,HITA One Foot Resistivity A20,Mnemonic-unit semantic mismatch
Halliburton Logging,QRNIR4,ohm.cm,Reconstructed apparent resistivity of mode4 noninvaded solution,Clean
Schlumberger,SS1,kHz,Short Spacing Window 1 Count Rate,Clean
Baker Hughes Inteq,FL35,T,FL CHANNEL 35,Clean
Baker Hughes Inteq,AZDP,rad,Azimuth of reference pad for HDIP,Clean
Schlumberger,ERBA_EXT,m,External Radii Corrected for External Eccentering Minus Average,Clean
Baker Hughes Inteq,TTR6,ms,Traveltime from T-R6,Clean
Schlumberger,PKTI_MUX,us,Peak Time for Slowness-Time Coherence for Monopole Upper Transmitter Custom Frequency Firing Monopole Component,Clean
Baker Hughes Inteq,ADSA8M,gk/m3,Azimuthal Density - Short Space - Apparent - Sector 8 - Memory,Unit-symbol typographical error
Halliburton Logging,TT_LMP,s,Pipe Travel Time,Clean
Schlumberger,APMH2,kPa,MRPA 2 Memorized Hydrostatic Pressure,Mnemonic typographical error
Schlumberger,"FLD0	",uV,Fluorescence Channel 0,Mnemonic boundary whitespace
Schlumberger,AMF,ohm.m,Array Induction Mud Resistivity Fully Calibrated,Clean
Baker Hughes Intq,AGNYXA,dB,Combined acoustic averaged receiver gain,Service-company spelling error
Halliburton Logging,HorizRes84k17,ohm.m,"Horizontal Resistivity 84k 17""",Clean
Halliburton Logging,HF24,kohm.m,HRI Deep Resistivity 24 Inch 4Ft.,Clean
Schlumberger,RSNLU,MHz,"Raw Neutron Short Spacing Late Count Rate, Up",Clean
Halliburton Logging,BHCR36K29XX,mS/m,Bore Hole Correction R36K 29In X Trans/ X Recv,Clean
Schlumberger,ASFCO30​,mS/m,Array Induction Four Foot Conductivity A30,Mnemonic boundary invisible character
Schlumberger,DER3,dB/ft,"Differential Energy, Receiver Array - Stoneley",Clean
Schlumberger,GASRHO_SL,lbm/ft3,Gas Density - Station Log,Clean
Schlumberger,MIMA,uV,Normalized Minimum MAP Amplitude,Clean
Halliburton Logging,ALU4,dB/ft,Low Reso. Wave attenuation based on u/l rcvrs from upper xmtr.,Clean
BP,BP_PMP_SPM_RATE_P2,DHz,Stroke Rate - Pump 2,Unit-symbol case error
Halliburton Logging,QUD2,kohm.m,Quality D2,Clean
Halliburton Logging,XX_ALT_Time_Peaks,ms,Time Peaks,Clean
Baker Hughes Inteq,ARSLLTAM,rad,Azimuthal Resistivity - Target Direction - 400 KHz - Long Spaced - Memory,Clean
Schlumberger,SRVP_FAST_T,ms/m,Shear Radial Variation Profile at Radial Depth from Borehole Center for FAST Waveform Transmitter Array,Clean
Schlumbergr,AQTM,s,Near Spectral Acquisition Time,Service-company spelling error
Schlumberger,IR60,ft,Internal Radius 60,Clean
Baker Hughes Inteq,DP6A,ohm.m,Pad 6 frequency A average of two center button resistivities,Clean
Schlumberger,SPD1_RT,cgr,MXW Symmetrized Directional Deep Phase Shift at 100 KHz.,Clean
Baker Hughes Inteq,FL92,mT,FL CHANNEL 92,Clean
Halliburton Logging,LMP_ST_DT,s,Sonic Delta-T,Clean
Baker Atlas,SFL7,hom.cm,synthetic focused laterolog 7 resistivity,Unit-symbol typographical error
Schlumberger,EBUTIM,us,End of Buildup Time,Clean
Baker Atlas,"  tnst07",us,monopole multiplex waveform start time,Mnemonic boundary whitespace
Baker Hughes Intq,RPMAR,rev/s,RPM - Average - Memory,Service-company spelling error
Baker Hughes Inteq,DEVFT,dega,Deviation at FTeX position,Clean
Baker Hughes Inteq,DEVA,cgr,Wellbore deviation from accelerometers,Clean
Baker Hughes Inteq,HPCPF,kPa,HP temperature corrected pressure (filtered),Clean
Schlumberger,RLAD_UNCORR,mS/m,Uncorrected Deep Resistivity,Mnemonic-unit semantic mismatch
Baker Hughes Inteq,FL61,uT,FL CHANNEL 61,Clean
BP,BP_MSE_CALC_TIME,J/dm³,Mechanical Specific Energy Calculated,Unicode power notation in unit
Schlumberger,HBP1_DL,kPa,MRPS 1 Hydraulic Pressure,Mnemonic typographical error
Halliburton Logging,EPS3QPresStabP1,Pa/s,EPS3 Quartz Pressure Stability Probe 1,Clean
Schlumberger,AAD1_RT,dB,Anti-symmetrized Directional Deep Attenuation at 100 KHz.,Clean
Pason,DH_PRESS_1,psi,Downhole Pressure 1,Clean
Schlumberger,PEF_RSS4_HR,MHz,High Resolution Short Spacing PEF Window 4 Count Rate,Clean
Schlumberger,T2L2_SH2,us,T2 Logarithmic Mean of Bin 2 for Shell 2,Clean
Baker Hughes Inteq,"MNRA﻿",dega,Angle of minimum radius 1,Mnemonic boundary invisible character
Halliburton Logging,VM31,Vm,Differental Voltage Measurement 3 Magnitude - Pad 1,Unit-symbol typographical error
Schlumberger,"PDTI	",us,pressure measurement system delta time,Mnemonic boundary whitespace
Halliburton Logging,CONT_MIN_B_CAP2,ppm,Contamination Minimum by baseline Capacitance 2,Clean
Baker Hughes Inteq,DDVolume_3,L,Draw Down Volume 3 - Memory,Clean
Schlumberger,TISH_A00C,us,Shear Integrated Transit Time for Slow Shear Azimuth Chirp Firing,Clean
Schlumberger,PCSD,kg/m3,Pumper Group Slurry Density,Mnemonic typographical error
Schlumberger,NVAV,Vm/m,Average of 2 ft Potential Difference,Unit-symbol typographical error
Baker Atlas,tntt11,ms,monopole multiplex first arrival time,Clean
Schlumberger,CDRB,A/ft2,Radial Current Density For Bad Contact,Clean
Schlumberger,CPRQ3,psi,MDCP 3 Raw Quartz Gauge Pressure,Clean
Schlumberger,MSL5_DL,us,MRMS 5 Slew Rate,Clean
Halliburton Logging,TNER,us,Initial Near Travel Time,Clean
Baker Hughes Inteq,QDPR2,psi,Quartzdyne pressure (2nd gauge),Clean
Baker Hughes Inteq,DDRate_1,3m/d,Draw Down Rate 1 - Memory,Unit-symbol typographical error
Schlumberger,CFSXS,rpm,Unfiltered Raw Spinner Rotational Velocity,Clean
Schlumberger,DR08,m,Delta Radius 8,Clean
Schlumberger,P14HFP,rad,Pad 14 High Frequency Phase,Clean
Schlumberger,EONBS,in,Estimated Optical-probe Nominal Bubble Size,Clean
Halliburton Logging,EP1P1TVD,in,EP1P1 TVD Depth Probe,Clean
Baker Hughes Inteq,CHC,mA,Cablehead current,Clean
Halliburton Logging,HF09,kohm.m,90 in Radial Resistivity 4ft,Clean
Schlumberger,nER1L,MHz,"Neutron Near Tube 1 Count Rate, Left",Mnemonic case error
BP,BP_PITVOL_SLOP1,blb,Tank Volume - Slop 1,Unit-symbol typographical error
Halliburton Logging,BSTM,ms,Accumulation time for Borehole Near Spectrum,Clean
Schlumberger,PBQT_SL,DegR,PBMS Calibrated CQG Temperature,Unit-symbol case error
Halliburton Logging,BHCR12K50XY,kS/m,Bore Hole Correction R12K 50In X Trans/ Y Recv,Clean
Schlumberger,80KE,MHz,80 keV Output,Clean
Schlumberger,TBSC,L,Bottom Sand Detection Tool Total Count Rate,Mnemonic-unit semantic mismatch
Halliburton Logging,CM5,mV,Common Mode Pad 5,Clean
Halliburton Logging,AZIDIP12k80,dega,"Borehole Dip Azimuth 12k 80""",Clean
Schlumberger,SS3SMRSP_DL,kPa,MRSS 3 MRSM SG Raw Pressure,Clean
Halliburton Logging,ST_ALT_YDP_FHA,mV,Pre Firing Voltage,Clean
Halliburton Logging,DFLF,ohm.cm,Digitally Focused Laterolog - Filtered,Clean
Baker Hughes Inteq,SS2R,MHz,SS2 reduced by ISSD quadratic fit,Clean
Schlumberger,DGFBM,Hz,Dual GHOST Bubble Count Average,Clean
Baker Hughes Inteq,DPDT,Pa/s,Variance of pressure with respect to time,Clean
Halliburton Logging,RULL,ohm.m,Resistivity frm diff phase&ampl RXU & RXL receivers TXL working,Clean
Schlumberger,DFBF0_FSI,MHz,Filtered (Sliding Window) Bubble Count Rate Electrical Probe 0,Clean
Pason,600RP,cgr,600 RPM deflection,Clean
BP,BP_PRESS_SPP_GL,kPa,Pressure - Standpipe (GainLoss Service),Clean
Schlumberger,RPM_BD,rpm,Rotation Speed at Deep Button,Clean
Halliburton Logging,84kDip50,dega,84k Dip 50 inch for the MCIV1D,Clean
Halliburton Logging,HorizResist50,ohm.m,"Horizontal Resistivity 50""",Clean
Baker Hughes Inteq,SRA082M,ohm.m,Electrical Image - Sector 82 - Memory,Clean
Baker Hughes Inteq,"CPVMBS﻿",L,Cumulative packer pump volume from 2nd MA/MB,Mnemonic boundary invisible character
Schlumberger,INFD_SL,Hz,Gross Inelastic Count Rate Far Detector,Clean
Schlumberger,PSUP_R,dega,Raw Phase Shift Up,Clean
Schlumberger,FPV2_DL,bbl,MRFC 2 Piston Volume,Clean
Schlumberger,TIME_SPJ_MUX,s,Time Index Channel of Slowness Projection for Monopole Upper Transmitter Custom Frequency Firing Monopole Component,Clean
Schlumberger,QGTF_PUCS1,MHz,CQG Temperature Frequency,Clean
Schlumberger,CR21,μm,Corrected Radius 21,Unicode micro prefix in unit
Schlumberger,"PASF3_DL﻿",MHz,MRPA 3 Strain Gauge Frequency,Mnemonic boundary invisible character
Halliburton Logging,ESTRHOW,lbm/ft3,Estimated Density of Water,Clean
Schlumberger,MWFD_SL,kg/m³,Manometer Well Fluid Density,Unicode power notation in unit
Schlumberger,ESDT,kHz,ECS Dead Time Count Rate,Clean
Schlumbergr,SS2SMSGP_DL,kPa,MRSS 2 MRSM SG Pressure,Service-company spelling error
Schlumberger,LLSR,kohm.m,LLS Rectangular Log,Clean
Baker Hughes Inteq,BKS,kHz,Short space background count rate,Clean
Schlumberger,a1B3,MHz,APS Array-1 Detector Neutron Burst-Off Background Window 3 Count Rate,Mnemonic case error
Baker Hughes Inteq,PO1A4,%,Fourth T2 accumulated partial porosity sum,Clean
Schlumberger,DBRT,ohm.m²/m,Deep Resistivity at the Bit True,Unicode power notation in unit
Halliburton Logging,BHCR84K50YY,kS/m,Bore Hole Correction R84K 50In Y Trans/ Y Recv,Clean
Schlumberger,STRVP_25_0_T,s/m,Stoneley Shear Radial Variation Profile at 25 Inch Radial Depth from Borehole Surface for Transmitter Array,Clean
Schlumberger,MN5A,uV,Normalized MAP 5 Amplitude,Mnemonic typographical error
Schlumberger,RLNEL,kHz,"Raw Neutron Long Spacing Early Count Rate, Left",Clean
Schlumberger,DPAP_ZD3_DISPLAY,dega,3D Induction Group 3 Zero-D Inversion Apparent Dip Magnitude (modified to display tadpoles less frequently),Clean
Schlumberger,RZVD3BQ,V,"Uncalibrated A0*-A0*' Difference Voltage 3B, quadrature",Clean
Baker Atlas,TE3,us,time between echos in third data packet,Clean
Halliburton Logging,NCAP,MHz,Capture Counts,Clean
Schlumberger,RLA2_UNCORR,ohm.cm,Uncorrected Resistivity from Computed Focusing Mode 2,Clean
BP,BP_GAS_C2_DEP,Euc,Dep - Ethane (C2),Clean
Schlumberger,FSTF1,m3/h,MRFC 1 Set Flowrate,Clean
Schlumberger,PEF_RSS2​,kHz,Short Spacing PEF Window 2 Count Rate,Mnemonic boundary invisible character
Baker Hughes Inteq,AGNYY2,dB,Acoustic averaged receiver gain,Clean
Baker Hughes Inteq,FLR51,uT,FLR_51,Clean
Baker Hughes Inteq,"  MXR6A",ohm.m,Pad 6 frequency A maximum button resistivity,Mnemonic boundary whitespace
Halliburton Logging,CM6,V,Common Mode Pad 6,Clean
Baker Hughes Inteq,HPUD3,uV,User input high pass filter 3,Clean
Halliburton Logging,CF02,mS/m,20 in Radial Conductivity 4ft,Clean
Baker Hughes Inteq,PO11A2,m³/m³,Second T2 accumulated partial porosity sum,Unicode power notation in unit
Halliburton Logging,EP2MeasRate,m3/d,EP2 Pretest Measured Rate,Clean
Pason,REFV,uV,tgs Reference Voltage,Clean
Schlumberger,RR11,ohm.m,"Resistivity, Azimuth 11",Clean
Schlumberger,CK90,D,Measured Horizontal Permeability @ 90 Degrees from Core,Clean
Halliburton Logging,RAP2,ohm.cm,Corrected Calibration Panel Apparent Resistivity Mode 2,Clean
Baker Hughes Inteq,ZI1AUS,ohm,Freq 1 pad 1 capacitive part of complex formation impedance,Clean
Halliburton Logging,TAIM,ms,Accumulation time for sample,Mnemonic typographical error
Schlumberger,SPS4_RT,cgr,MXW Symmetrized Directional Shallow Phase Shift at 400 KHz.,Clean
Schlumberger,WFDM,ms,Waveform Delay (Fluid Properties Measurement),Clean
Baker Hughes Inteq,DAVGS,ft,Average caliper diameter,Clean
Baker Hughes Inteq,ZDLSSP2⁠,kHz,"SOFT,SFT2,HRD1,HRD2 in channels 0-255 (2nd tool)",Mnemonic boundary invisible character
Schlumberger,FLTEMP_HIRES,K,SCTT Fluid Temperature High Resolution,Clean
Baker Hughes Inteq,A4N,mV,"Receiver voltage, near",Clean
Halliburton Logging,DP0P2SpherMob,mD/cP,DP0P2 Spherical Mobility,Clean
Baker Hughes Inteq,FLC78,mT,FLC_78,Clean
Halliburton Logging,TGTCFC,kHz,Decay Filtered Compress,Clean
Baker Hughes Inteq,APH2AS,rad,Pad 2 frequency A average phase over pad buttons (2nd),Clean
Schlumberger,TRIFAD54_1D,ard,3D Induction 1D Inversion Dip Azimuth Standard Deviation from 54 inch Array,Unit-symbol typographical error
Halliburton Logging,CTDI,Euc,Contamination Based On Diel Capacintance,Clean
Baker Hughes Inteq,SRA078M,ohm.cm,Electrical Image - Sector 78 - Memory,Clean
Schlumberger,DPTR_LB_ZD2_DISPLAY,cgr,3D Induction Group 2 Zero-D Inversion Apparent Dip Magnitude Lower Bound (modified to display tadpoles less frequently),Clean
Baker Hughes Inteq,DTDL,h/km,Slowness over 24-inch interval from long space,Clean
Schlumberger,A40L_UNC_DH_ECO_RT,ohm.m,"ARC Uncorrected Attenuation Resistivity 40 inch Spacing at 400 KHz, Real-Time, Computed Downhole",Clean
Schlumberger,TIME_SPJ_90C,s,Time Index Channel of Slowness Projection for Dipole 90 Degree Transmitter Chirp Frequency Firing 90 Degree Component,Clean
Schlumberger,tAPRES_EU,kPa,TMT Pressure (Engineering Units converted),Mnemonic case error
Halliburton Logging,QSPSCORPRES,psi,Quartz Gauge Straddle Packer Pressure,Clean
Schlumberger,KTDMR_A1P2,mD,"MR Permeability with Processing Parameter Set 2 (FECHO_2, NECH_USED_2 and REG_PARF_2) Using DMR Porsity in Timur-Coates Model for Antenna 1",Clean
Pason,WOBSP,N,AutoDriller WOB SP,Clean
Halliburton Logging,12kDip50,dega,12k Dip 50 inch for the MCIV1D,Clean
BP,BP_RHOBA_DEP_15,g/cm3,Dep - Bulk Density - Azimuthal - Sector15,Clean
Schlumberger,SATG,%,Gas Saturation,Clean
Baker Hughes Inteq,V1P,uV,1970MB module voltage 1 prime for R/C,Clean
Baker Hughes Inteq,P32L,dega,"Phase, 32 Hz, long spacing",Clean
Halliburton Logging,XDP_ALT_PL_Time,s,Pick Time Reflected Shear,Clean
BP,BP_PMP_BOOSTER_RATE,eHz,Stroke Rate - Riser Boost Pump,Unit-symbol case error
Halliburton Logging,YDP_YX_Time,s,Pick Time,Clean
Schlumberger,P_EXT_05,psi,Extrapolated Pressure Transient 05,Clean
Schlumberger,UPRH_SL,kg/m3,Uncorrected Well Fluid PTS Density - Station Log,Clean
BP,BP_TEMP_BH_MPD,degF,Temperature - Bottom Hole - Computed (MPD),Clean
Baker Atlas,txxst06,ms,x-x axis dipole multiplexed waveform start time,Clean
Baker Hughes Inteq,TAUXX,us,"Sampling period for X transmitter, X receiver",Clean
Baker Hughes Intq,DEPTHS,in,INTeX Shear sensor depth,Service-company spelling error
BP,BP_PRESS_SPP_AVG_RIG,bar,Pressure - Standpipe(Rig),Clean
Halliburton Logging,12kSK50,rad,12k Strike 50 inch for the MCIV1D,Clean
Baker Hughes Inteq,THMP,degF,Housing temperature,Mnemonic typographical error
Halliburton Logging,NUMC,dega,Dphase from diff. phase&ampl from RXU & RXM rcvrs,Clean
Schlumberger,EDUR_PVS2,s,PVS2 Measured Ejection Time,Clean
Schlumberger,RN21,MHz,Raw Near Bank 2 Tube 1 Count Rate,Clean
BP,BP_TIME_OUT_SLIPS,s,Elapsed Time out of Slips per stand,Clean
Schlumberger,T1L5_UHR,us,T1 Logarithmic Mean of Bin 5 for Upper High-Resolution Antenna,Clean
Schlumberger,LTOV_SLDT,MHz,SLDT/QLDT Long Spacing Total Overflows,Clean
Baker Atlas,Trmtt04,us,monopole multiplex first arrival time,Mnemonic case error
Schlumberger,GDDC_LFA3,mV,LFA3 Gas Detector Dark Calibration Data,Clean
Schlumberger,"  TPUV",mV,Output For Tool Power Unit Voltage,Mnemonic boundary whitespace
Halliburton Logging,YX_Hole_Size,in,Measured Hole Diameter,Clean
Schlumberger,BSAL_14,%,"Borehole Salinity, pass 14",Clean
Baker Hughes Inteq,SRA074M,kohm.m,Electrical Image - Sector 74 - Memory,Clean
Schlumberger,RLS3,kHz,Raw Long Spacing Window 3 Count Rate,Clean
Halliburton Logging,HF90,kohm.m,HRI Deep Resistivity 90 Inch 4 Ft,Clean
Schlumberger,THBM,ft,Thickness of Reference Plate,Clean
Schlumberger,VPC,V,Voltage for Protection Current,Clean
Halliburton Logging,UMP_ALT_Shear_DT,us,Sonic Delta-T Reflected Shear,Clean
Schlumberger,RV54_LB_1DF,ohm.m,3D Induction 1D Inversion Vertical Filtered Resistivity Lower Bound from 54 inch Array,Clean
Schlumberger,FTDC,kHz,Far Thermal Detector Counts,Clean
Schlumberger,ILS4,ohm.cm,Induction Shallow Resistivity Four Foot,Clean
Baker Hughes Intq,RPMAX,rad/s,RPM - Average - Real-time,Service-company spelling error
Schlumberger,CGDN,lbm/ft3,Grain Density from Core,Clean
BP,BP_PITVOL_TT3,m3,Tank Volume - Trip Tank 3,Clean
Baker Atlas,LATR,ohm.cm,computed mud resistivity,Clean
Schlumbergr,HIOSHI,ppm,HITA One Foot Radial Hydrocarbon Saturation Image,Service-company spelling error
Halliburton Logging,MP_Time_Peaks,ms,Time Peaks,Clean
Halliburton Logging,TrueDip72k50,cgr,"True Formation Dip 72k 50""",Clean
Schlumberger,EXCESS_CONDUCTIVITY,S/m,Contribution of conductive geological events to the tool conductivity measurement response,Clean
Schlumberger,DCLM_PF_UHR,m²/s,Diffusion Coefficient Logarithmic Mean Profile for Upper High-Resolution Antenna,Unicode power notation in unit
Schlumberger,DHAT,degF,Downhole Annulus Temperature,Clean
Halliburton Logging,TrueDip12k50,cgr,"True Formation Dip 12k 50""",Clean
BP,BP_DEP_H_TDM_DEP,in,Dep - Depth Hole - Measured,Clean
Schlumberger,PAMH3,psi,MRPA 3 Memorized Hydrostatic Pressure,Clean
Schlumberger,DTT5F_MLH,s,Transit Tme Difference 5 ft from Monopole Lower High Frequency Waveform,Clean
Baker Hughes Inteq,FLR80,mT,FLR_80,Clean
Schlumberger,PAEX4_DL,psi,MRPA 4 Element Maximum Pressure,Clean
Schlumberger,JPA1,m,MJET Leg OD at Potentiometer A1,Clean
Halliburton Logging,HMR,mS/m,Medium Raw R,Clean
BP,BP_RHOBA_DEP_14,lbm/ft3,Dep - Bulk Density - Azimuthal - Sector14,Clean
Halliburton Logging,SEL_CONT_DATA,pkp,Selected Contamination Data,Unit-symbol typographical error
Schlumberger,DRHB_DH_ECO_RT,g/cm3,"Bulk Density Correction, Bottom, Real-Time Computed Downhole",Clean
Baker Hughes Inteq,ETIME2,us,Elapsed time,Clean
Schlumberger,AZI4,rad,Azimuth of Pad 4,Clean
Schlumberger,T2LM_DFW_SH3,us,Logarithmic Mean of Water T2 Distribution (Diffusion Free) for Shell 3,Clean
Halliburton Logging,XDP_XX_Freq,MHz,Pick Frequency,Clean
Schlumberger,FCND_RAW_DF,bbl,Fracture Conductivity from Dipping Fracture Model without Correction,Clean
Schlumberger,iSO_3_MIST,MHz,Formation Isotope 3,Mnemonic case error
Baker Hughes Inteq,ATNSI,dB,"Comp. dipole attn., inner rcvrs, short xmtrs, all freq.",Clean
Baker Hughes Inteq,DIS21,mT,DIS CHANNEL 21,Clean
Schlumberger,AT_DTR1_F1,B,Frequency 1 Transverse Spacing 1 Attenuation,Clean
Baker Hughes Inteq,RPA,ohm.m²/m,Resistivity Phase Difference Apparent,Unicode power notation in unit
Schlumberger,TRIVFIREFAVG72,mS/m,3D Induction 72 Inch Array Vertical Fracture Indicator Reference Averaged,Clean
Schlumberger,DPAA54_LB_1DF,μrad,3D Induction 1D Inversion Filtered Apparent Dip Azimuth Lower Bound from 54 inch Array,Unicode micro prefix in unit
Schlumberger,PQSF2,kHz,MRPQ 2 Strain Gauge Frequency,Clean
Baker Hughes Inteq,ROTRBT,cgr,"Rotation sensor, RBT",Clean
Baker Hughes Inteq,SRA038M,ohm.cm,Electrical Image - Sector 38 - Memory,Clean
Baker Hughes Inteq,PO2A3,%,Third T2 accumulated partial porosity sum,Clean
Schlumberger,ISGM_11,in2,"Formation Sigma, pass 11",Mnemonic typographical error
Baker Hughes Inteq,HCAC3,A,AC power supply 3 current,Clean
Baker Hughes Inteq,FGP1,us,Fixed gate pick for CBL or bond receiver 1,Clean
Baker Hughes Inteq,KCR,kHz,Potassium count rate,Clean
Baker Hughes Inteq,"MBHR3	",ohm.m,Borehole resistivity coil 3,Mnemonic boundary whitespace
Baker Hughes Inteq,ZI3BU,Gohm,Freq 2 pad 3 capacitive part of complex formation impedance,Clean
Baker Hughes Inteq,RTMD,us,Reflectance travel time median average,Clean
Baker Hughes Inteq,SRA014M,nohm.mm²/m,Electrical Image - Sector 14 - Memory,Unicode power notation in unit
Baker Hughes Inteq,AMAV52,uV,Average amplitude times 5 (for plotting scale)(2nd tool),Clean
Baker Hughes Inteq,CASTHK,ft,Casing thickness,Clean
Halliburton Logging,BHCR36K17ZZ,mS/m,Bore Hole Correction R36K 17In Z Trans/ Z Recv,Clean
Schlumberger,WPRS,kPa,WTPT Pressure,Clean
Baker Hughes Inteq,DTVDX,in,"Change in true vertical depth, external data",Clean
Halliburton Logging,EP0P1TempStab,deltaC/h,EP0P1 Temperature Probe Stability,Clean
Baker Atlas,RL3,ohm.m²/m,Lateral resistivity curve from F9A and FAB,Unicode power notation in unit
Halliburton Logging,ASPDENSITY,lbm/ft3,Asphaltenes density,Clean
Schlumberger,FBM_SL,MHz,Filtered Bubble Count Rate Average - Station Log,Clean
Schlumberger,BM1X_RAW,A,"Raw Medium Button Current from Transmitter 1, Out of Phase",Clean
Pason,P1Rat,m3/d,P1 Rate,Clean
Baker Hughes Inteq,WTEMP,degF,WTEMP,Clean
Halliburton Logging,"PL_Freq﻿",Hz,Pick Frequency 2,Mnemonic boundary invisible character
Halliburton Logging,HAZU,dega,Azimuth Upper Pads,Clean
Baker Hughes Inteq,Minimum Observed Pressure in Flowline,bar,Minimum Observed Pressure in Flowline,Clean
Schlumberger,TRIVFI21,S/m,3D Induction 21 Inch Array Vertical Fracture Indicator,Clean
Baker Hughes Inteq,HP03,mV,High pass filter with default 1000 Hz cutoff,Clean
Baker Hughes Inteq,"SRA043M﻿",kohm.m,Electrical Image - Sector 43 - Memory,Mnemonic boundary invisible character
Pason,RPMTG,Hz,Rotary Rpm Target,Mnemonic-unit semantic mismatch
BP,BP_RPM_SURF_AVG,rpm,RPM - Top Drive,Clean
Schlumbergr,PQRD2_DL,psi,MRPQ 2 Quartzdyne Raw Pressure,Service-company spelling error
Schlumberger,RCV1⁠,ft/min,Raw Auxiliary Cable 1 Velocity,Mnemonic boundary invisible character
Schlumberger,PS_DTE1_F3_HR_SIG,dega,Uncertainty of High Resolution Frequency 3Transverse Electric Phase Shift,Clean
Schlumberger,RMFA,nohm.mm²/m,Apparent Mud Filtrate Resistivity,Unicode power notation in unit
Baker Hughes Inteq,DABSP,bar,Differential of absolute pressure in housing,Clean
Baker Hughes Inteq,DZDNC,g/cm3,Delta borehole size/mud weight corrected density,Clean
BP,BP_GAS_C2,µEuc,Ethane (C2),Unicode micro prefix in unit
Halliburton Logging,MNHB,Euc,Min Borehole Potassium Running Average Error,Clean
Baker Hughes Inteq,TTR8,ms,Traveltime from T-R8,Clean
Schlumberger,POUDRFR2_DL,L/min,MRPOUD 2 Raw Flow Rate,Clean
Baker Hughes Inteq,CPVMBF,bbl,Cumulative packer pump volume from packer,Clean
Baker Hughes Inteq,BHCACO3,uV,Borehole calcium carbonate,Mnemonic-unit semantic mismatch
Baker Hughes Inteq,SRA20X,ohm.m²/m,Electrical Image - Sector 20 - Real-time,Unicode power notation in unit
Halliburton Logging,MAX_AVG_CAPAC1,uF,Maximum Average Capacitance 1,Clean
Pason,TOOLFACE_THRESHOLD,cgr,Toolface Threshold,Clean
Halliburton Logging,NMLC,dega,Dphase from diff. phase&ampl from RXM & RXL rcvrs,Clean
Schlumberger,TFDES,ard,Raw Desired Toolface,Unit-symbol typographical error
Baker Atlas,tyyst11,ms,y-y axis dipole multiplexed waveform start time,Clean
Baker Hughes Inteq,PORDSS,ppm,Porosity for sandstone matrix,Clean
Schlumberger,DWOB_RAW,kgf,Downhole Weight on Bit with Offset,Clean
Halliburton Logging,MPRE,µbar,Monitor Presssure,Unicode micro prefix in unit
Baker Hughes Inteq,CNCFLS,Euc,Field normalized limestone compensated neutron porosity,Clean
Halliburton Logging,DVM5,V,Diff Voltage Min Pad 5,Clean
Schlumberger,R4IM_TOH_RT,ohm.m,"eXtra Button Resistivity Image (Oriented), Real-Time",Clean
Baker Hughes Inteq,MXR6B,ohm.cm,Pad 6 frequency B maximum button resistivity,Clean
Schlumberger,LU12,MHz,Long Upper 1-2 Window Count Rate (LU1+LU2 - LDT),Clean
Halliburton Logging,ACAL,in,Arm Caliper,Clean
Schlumberger,SUOI,ppm,Oil Saturation in the Primary Intergranular Porosity,Clean
Halliburton Logging,84kRV50,ohm.cm,84k Rv 50 inch for the MCIV1D,Clean
Schlumberger,HCOC,Euc,HNGS Formation Cobalt Concentration in pCi/g,Clean
Schlumberger,NFD1,lbm/ft3,Fluid Density Pass 1,Clean
Schlumberger,RH27_LL_U_1DF,ohm.cm,3D Induction 1D Inversion Horizontal Filtered Resistivity Low Likelihood Upper Bound from 27 inch Array,Clean
Baker Hughes Inteq,"  CPDEPTH",in,Depth of 1986MA packer,Mnemonic boundary whitespace
Halliburton Logging,DP1PtTemp,degF,DP1 Pretest Temperature,Clean
Halliburton Logging,VM45,mV,Differental Voltage Measurement 4 Magnitude - Pad 5,Clean
Schlumberger,PAEM3_DL,kPa,MRPA 3 Element Minimum Pressure,Clean
Schlumberger,"RXE_A	",ohm.m,"Equalized Button Resistivities, Pad A",Mnemonic boundary whitespace
Schlumberger,F11R,kHz,Raw Far Bank 1 Tube 1 Count Rate,Clean
Halliburton Logging,INJR,L/min,Injection Pump Rate,Clean
Schlumberger,VRPH_RX1_F1_D,rad,"Voltage Return Phase RX1, Frequency 1, Pad D",Clean
Schlumberger,AFEC,Hz,Far Detector Count Rate,Clean
Schlumberger,TICO12_MH,us,Compressional Integrated Transit Time for Receiver 12 - Monopole High,Clean
Schlumberger,CPRSG1,kPa,MDCP 1 Raw Strain Gauge Pressure,Clean
Halliburton Logging,DP0P2Depth,ft,DP0P2 Depth Probe,Clean
Schlumberger,COD,ft,Casing Outer Diameter,Clean
Schlumberger,RSV0,uV,"Uncalibrated Shallow Voltage, 280 Hz, 0 degree",Clean
Halliburton Logging,DP0MeasVolume,L,DP0 Pretest Measured Volume,Clean
Schlumberger,AY_IMRT,mgn,Acceleration Y-Axis,Clean
Baker Hughes Inteq,PR8K,kPa,Pressure array for double precision,Clean
Baker Hughes Inteq,AZXE⁠,dega,Azimuth of Y-receiver at acoustic tool reference,Mnemonic boundary invisible character
Schlumberger,TEMPNP_H,K,Temperature NGI Pad Board H,Clean
Schlumberger,AECO20,S/m,Array Induction Conductivity Environmentally Compensated Log Processing AE20,Clean
Schlumberger,qHDH,m3/h,Hydrocarbon Downhole Flowrate,Mnemonic case error
Halliburton Logging,EP0P2TempStab,deltaF/h,EP0P2 Temperature Probe Stability,Clean
Halliburton Logging,MEAS_PUMP_RATE,m3/h,Measured Pump Rate,Clean
Schlumberger,DPAP_ZD1,cgr,3D Induction Group 1 Zero-D Inversion Apparent Dip Magnitude,Clean
Schlumberger,T2L6_SH3,us,T2 Logarithmic Mean of Bin 6 for Shell 3,Clean
BP,BP_MUD_MFO1_MPD,m3/d,Flow Out 1  (MPD),Clean
Schlumberger,P09DIA,ft,Hole Diameter [09],Clean
Schlumberger,HTFT,s,APS High Resolution Thermal Detector Time Distribution Acquisition Time,Clean
Schlumberger,TIMC,s,Corrected travel time (WST),Clean
Baker Hughes Inteq,RMZGDP,uT,Raw Z-Axis magnetometer shifted to HDIP,Clean
Schlumberger,RSSC​,g/cm3,"Short Spacing Bulk Density, 16-Sector",Mnemonic boundary invisible character
Baker Hughes Inteq,FING75,ft,Finger 75 readings,Clean
Schlumberger,SFTPC,kPa,MRSF Quartz Gauge Pressure Compensation,Clean
Baker Hughes Inteq,DAZEI,gcr,Deviation azimuth for EART,Unit-symbol typographical error
Halliburton Logging,36kRV17,kohm.m,36k Rv 17 inch for the MCIV1D,Clean
Baker Hughes Inteq,RPCSLX,ohm.m,Resistivity - Phase - Corrected - Short Spaced - 400 kHz - Real-time,Clean
Halliburton Logging,TLGT,µHz,Long Decay Curve,Unicode micro prefix in unit
Schlumberger,IODI,MHz,Iodine (I) Tracer Count Rate Output,Clean
Schlumberger,DPAZ54_LB_1DF,dega,3D Induction 1D Inversion Filtered True Dip Azimuth Lower Bound from 54 inch Array,Clean
Baker Hughes Inteq,DTWB,K,Difference in temperature between top and bottom sensors,Clean
Baker Hughes Inteq,EHR,ms,Whole hours since RECORD mode started,Clean
Schlumberger,aAED_AT,dB/ft,Difference between Stoneley attenuation and modeled elastic Stoneley attenuation computed with Stoneley attenuation,Mnemonic case error
Baker Hughes Inteq,GRADEN,g/cm3,Lee tool fluid density,Clean
Baker Hughes Inteq,FLC82,T,FLC_82,Clean
Schlumberger,IR43,m,Internal Radius 43,Clean
Schlumberger,C55_ORTHO,bar,C55 for Orthorhombic Formation in a Vertical Well,Clean
Baker Hughes Inteq,DOHD,ft,Depth offset of HTD from orientation tool,Clean
Schlumberger,DFMN1,uV,Electrical Probe 1 Minimum Voltage,Clean
Schlumberger,RXO8,ohm.m,Invaded Formation Resistivity filtered at 8 inches,Clean
Schlumberger,CFVL_MAN,s/m,Fluid Acoustic Slowness (Manual),Clean
Schlumberger,RPM_RAB,rad/s,RAB Rotational Speed,Clean
Halliburton Logging,EP3BubblePress,kPa,EP3 Bubble Point Pressure,Clean
Schlumberger,M6TT,ms,MAP 6 Transit Time,Clean
Baker Hughes Inteq,FING79,ft,Finger 79 readings,Clean
Schlumberger,FRV_CALI_TOR,EJ,Fluid Routing Valve Calibration Torque,Clean
Halliburton Logging,COMNBASE,%,Contamination Minimum by baseline,Clean
Halliburton Logging,EP2P2PressStab,Pa/s,EP2P2 Pressure Stability Probe,Clean
Schlumberger,BHSTR3,degF,MRPS 3 H2S Sensor Temperature,Clean
Baker Hughes Inteq,SRA091M,ohm.m,Electrical Image - Sector 91 - Memory,Clean
Halliburton Logging,SECTORS,V,Cement Map,Clean
Schlumberger,CRVP_5_0,h/km,Compressional Radial Variation Profile at 5 Inch Radial Depth from Borehole Surface,Clean
Baker Hughes Inteq,ATTCBF,B/m,Uncompensated CBL attenuation curve for far CBL spacing,Clean
Schlumberger,KPPOS_ACQ,in,Kinematics Piston Position,Clean
Halliburton Logging,TOTC,degF,HPD Inside Case Bottom Temperature Corrected,Clean
Schlumberger,tVDSS,m,Sub-sea TVD: True Vertical Depth measured from Mean Sea Level,Mnemonic case error
Halliburton Logging,"  YX_Time_Peaks",us,Time Peaks,Mnemonic boundary whitespace
Baker Hughes Inteq,RAZGWS,Gal,Raw Z-axis accelerometer shifted to WGI (2nd tool),Clean
Schlumberger,GHMX1,V,Optical Probe 1 Maximum Voltage,Clean
Halliburton Logging,RA5R,kohm.m,Apparent Resistivity Mode 5,Clean
Schlumberger,SL15,ms,SLEW RATE OUTPUT,Clean
Baker Hughes Inteq,SRA29X,ohm.cm,Electrical Image - Sector 29 - Real-time,Clean
Halliburton Logging,RUMU,kohm.m,Resistivity frm diff phase&ampl RXU & RXM receivers TXU working,Clean
Schlumberger,PC_DIST_SH2,psi,Capillary Pressure Distribution for Shell 2,Clean
Schlumberger,AZIX,dega,"Azimuth of Reference Sensor (Pad 1, if available)",Clean
Schlumberger,tFAN,dega,Toolface correction angle,Mnemonic case error
Baker Hughes Inteq,RACDL,kohm.m,"Resistivity Attenuation Compensated Borehole, Dielectric and Inversion Corrected Long 400kHz",Clean
BP,BP_MSE,MJ/m3,Mechanical Specific Energy,Clean
Schlumberger,CR05,in,Corrected Radius 5,Clean
Schlumberger,ROHY,lbm/ft3,Computed Hydrocarbon Density,Clean
Schlumberger,RLAD_ECC,kohm.m,Eccentering Corrected Resistivity Deep Mode,Clean
Schlumberger,SBEA,Euc,Bound Water Saturation From Attenuation,Clean
Schlumberger,RH54_LB_1DF,ohm.m,3D Induction 1D Inversion Horizontal Filtered Resistivity Lower Bound from 54 inch Array,Clean
Halliburton Logging,MXBT,s,Max Build Up Time,Clean
Halliburton Logging,84kRH29,Nohm.mm2/m,84k Rh 29 inch for the MCIV1D,Unit-symbol case error
Schlumberger,SPHASE_ANT2,cgr,Antenna 2 Signal Phase,Clean
Baker Hughes Inteq,ZZAI,S/m,"Apparent conductivity unique frequency, imaginary, ZZ",Clean
Baker Hughes Inteq,ZI5BUS,Eohm,Freq 2 pad 5 capacitive part of complex formation impedance,Clean
Halliburton Logging,EP3PtTemp,degF,EP3 Pretest Temperature,Clean
Schlumberger,RTES_DL,K,Raw SGP Temperature,Clean
Schlumberger,LNTB_FILT,Hz,"Filtered Neutron Long Spacing Tau Count Rate, Bottom",Clean
Schlumberger,DRF3_DL,kHz,MRDP 3 Resistivity Frequency,Clean
Schlumberger,POHP,bar,MRPO Hydraulic Pressure,Clean
Schlumberger,HYDPFLCOR,bar,Sapphire Gauge Pressure Flowline Correction for Hydrostatic,Clean
Schlumberger,AT_DLG1_F1,DB,Frequency 1 Longitudinal Spacing 1 Attenuation,Unit-symbol case error
Baker Hughes Inteq,DeltaPres_3,psi,Delta Pressure 3 - Memory,Clean
Schlumberger,"PT_BQP3_DD_MOBILITY	",mD/cP,Pretest Mobility from MDT Single Probe 3 Quartz Gauge (BQP3),Mnemonic boundary whitespace
Schlumberger,SIGM_07,µm2,"Formation Sigma, pass 07",Unicode micro prefix in unit
Baker Hughes Inteq,DIS17,uT,DIS CHANNEL 17,Clean
Schlumberger,DFTH2_SL,uV,2nd DEFT Water/Oil Threshold - Station Log,Clean
Baker Hughes Inteq,FLR55,mT,FLR_55,Clean
Halliburton Logging,RVHRes36k50​,ohm.m,"Vertical Restivity 50"" / Horizontal Restivity 50"" 36k",Mnemonic boundary invisible character
Schlumberger,BATV_LD,V,Loaded Battery Voltage,Clean
Baker Hughes Inteq,Min. Observed Pressure in Flowline,bar,Min. Observed Pressure in Flowline,Clean
Baker Hughes Inteq,qS6P,psi,"Tic mark for drawdown pressure every 10 K psi, perimetral",Mnemonic case error
Schlumbergr,AZI2,rad,Azimuth of Pad 2,Service-company spelling error
Halliburton Logging,MXIR,m,Maximum Inside Radius,Clean
Halliburton Logging,NSIN,Hz,Gross Inelastic,Clean
Schlumberger,SXWI,%,Non-Clay Water Intergranular Water Saturation for the Flushed Zone,Clean
Schlumberger,RVP1,V,P Potential Difference In Step 1,Clean
Schlumberger,ADJS,us,Adjusted Sonic Travel Time,Clean
Halliburton Logging,LOWT,m,Low Scale for Thickness,Clean
Baker Hughes Inteq,DIS69,T,DIS CHANNEL 69,Clean
Schlumberger,CVEL_PILS⁠,m/h,Cable Velocity at PILS Spinner Measure Point,Mnemonic boundary invisible character
Schlumberger,HITCB60,mS/m,HITA Two Foot Conductivity Bkg A60,Clean
Halliburton Logging,YDP_ALT_PL_Time,ms,Pick Time Reflected Shear,Clean
Schlumberger,SBHF,in2,Sigma Borehole Far Detector,Clean
Pason,R2D,m,Resistivity 2 Depth,Clean
Schlumberger,SIGM_10,MHz,"Formation Sigma, pass 10",Mnemonic-unit semantic mismatch
Halliburton Logging,ATT6,dB/m,Attenuation in segment6,Clean
Baker Hughes Inteq,DEPTHL,ft,INTeX Lamb sensor depth,Clean
Halliburton Logging,OMI4,ohm.cm,OMI Button Array Pad 4,Clean
Baker Hughes Inteq,FLC67,T,FLC_67,Clean
Baker Hughes Inteq,QS0P,kPa,"Tic mark for drawdown pres. every hundredth psi, perimetral",Clean
Schlumberger,QHD_SPRI_SL,L/min,Hydrocarbon Flowrate,Clean
Schlumberger,FPO1,m,MRFC 1 Piston Offset,Clean
Baker Hughes Inteq,Initial N2 Charge,kPa,Initial N2 Charge,Clean
Schlumberger,ETC2_PPC3,ft,PPC3 Tool Center Position on the Caliper #2 and #4 log,Clean
Schlumberger,BQP3,bar,MRPS 3 Quartz Gauge Pressure,Clean
Baker Hughes Inteq,GORG,%,Gas/oil ratio assuming gas gate soundspeed,Clean
Schlumberger,SIDE_FORCE,lbf,Contact Forces applied on a drill string by the wellbore,Clean
Schlumberger,AFR5,Hz,Neutron Far Tube 5 Average Count Rate,Mnemonic typographical error
Schlumberger,DTC_FT,h/km,Delta-T Compressional - DDBHC Far Tx,Clean
BP,PB_H2S5_RIG,ppm,H2S (Rig) Sensor 5,Mnemonic typographical error
Schlumberger,AT_DTR1_F0,dB,Frequency 0 Transverse Spacing 1 Attenuation,Clean
Schlumberger,T1L6_SH1,us,T1 Logarithmic Mean of Bin 6 for Shell 1,Clean
Baker Hughes Inteq,QK2P,psi,Tic mark for drawdown pressure every psi,Clean
Baker Hughes Inteq,T0AFO,s,Time remaining until max temperature outside flask sensor,Clean
Halliburton Logging,CUTL,dB/m,Low Cutoff of the Cement Map,Clean
Schlumberger,AHAZI,rad,Array Induction Corrected HAZI,Clean
Baker Hughes Inteq,BPDR,bbl,Barrels per day apparent from flow meter,Clean
Schlumberger,PS_DTR3_F3_HR,rad,High Resolution Frequency 3 Transverse Spacing 3 Phase Shift,Clean
Baker Hughes Inteq,MBHR2,kohm.m,Borehole resistivity coil 2,Clean
Halliburton Logging,RBU,rad,Rel Bearing Upper Pads,Clean
Halliburton Logging,FMP_ALT_ST_Time,ms,Pick Time,Clean
Halliburton Logging,ESTCOMN,%,Estimated Contamination Minimum,Clean
Halliburton Logging,GMSG_LMP,s,MSG Gate Center,Clean
Pason,NC4,ppm,chr Nor-Butane NC4,Clean
Halliburton Logging,CMPRSFXD,1/Pa,Compresibility Fixed,Clean
Halliburton Logging,84kRV80,ohm.cm,84k Rv 80 inch for the MCIV1D,Clean
BP,BP_PITVOL_BRN1,L,Tank Volume - Brine 1,Clean
Schlumberger,AFCB,m3/h,Array Induction Four Foot Conductivity Background,Mnemonic-unit semantic mismatch
Schlumberger,DPAA54_LB_1DT,rad,3D Induction 1D Inversion Apparent Dip Azimuth Ref. Top Of Hole Lower Bound from 54 inch Array,Clean
Baker Hughes Inteq,DEVG2,rad,Deviation at GXPL position,Clean
Halliburton Logging,XDRT,degF,XDCR Temperatuer,Clean
Halliburton Logging,XY_ALT_Hole_Size​,in,Measured Hole Diameter,Mnemonic boundary invisible character
Baker Hughes Inteq,dIS15,mT,DIS CHANNEL 15,Mnemonic case error
Schlumberger,SWSS_SLDT_HR,Hz,SLDT/QLDT All High Resolution Short Spacing Windows,Mnemonic typographical error
Baker Hughes Inteq,AZ3X,rad,Azimuth of reference pad for 3DeX,Clean
Halliburton Logging,PRDV,L,Production Volume,Clean
Baker Hughes Intq,DO3X,ft,Depth offset of 3DeX from orientation tool,Service-company spelling error
Baker Hughes Inteq,VMA,V,Voltage measured all frequencies complex amplitude,Clean
Schlumberger,PDAP39_UB_1DF,dega,3D Induction 1D Inversion Filtered Apparent Dip Magnitude Upper Bound from 39 inch Array,Mnemonic typographical error
Schlumberger,DPAP_LB_ZD5_DISPLAY,rad,3D Induction Group 5 Zero-D Inversion Apparent Dip Magnitude Lower Bound (modified to display tadpoles less frequently),Clean
Schlumberger,DTSH_A00C,s/m,Shear Slowness from Fast Shear Azimuth Chirp Firing,Clean
Schlumberger,RVF1,uV,F Potential Difference in Step 1,Clean
Schlumberger,HAFFD,MHz,HiRes Amplitude of Formation Signal - Far Detector,Clean
Schlumbergr,AHYD_CGA_DL,lbm/ft3,Apparent Hydrocarbon Density (Depth Logging),Service-company spelling error
Schlumberger,PQRF3,Hz,MRPQ 3 Flowline Resistivity Frequency,Clean
Pason,IC5,ppm,chr Iso-Pentane NC5,Clean
Schlumberger,PMCU,A,Pump Motor Current,Clean
Baker Hughes Inteq,ZR2BU,Gohm,Frequency 2 pad 2 resistance,Clean
Halliburton Logging,RTIN,ohm.m,Formation resistivity obtained for invaded solution,Clean
Schlumberger,CPCO3_DL,psi,MDCP 3 Quartz Gauge Pressure Compensation,Clean
BP,BP_PITVOL_COL2,L,Tank Volume - Column 2,Clean
Baker Hughes Inteq,FLC26,mT,FLC_26,Clean
Halliburton Logging,ST_ALT_YDP_FHB,V,Post Firing Voltage,Clean
Baker Hughes Inteq,DP5B,ohm.m,Pad 5 frequency B average of two center button resistivities,Clean
BP,BP_ESD_PWD_MAX,kg/m3,ESD - PWD (max),Clean
Baker Hughes Inteq,R48,m,Multi-arm_data - Feeler 48 radius,Clean
Schlumberger,P2DT_TA,s/m,Peak 2 Delta-T for Transmitter Array,Clean
Baker Hughes Inteq,HHMMSS,100 Ka[t],"Hours, minutes, seconds",Unit-symbol case error
Baker Hughes Inteq,ATTL,s,Time Since Drilled from MPR Attenuation 400kHz,Clean
Schlumberger,BISO_32_MIST,μHz,Borehole Isotope 2 + 3,Unicode micro prefix in unit
Baker Hughes Inteq,FPres,kPa,Formation Pressure - Memory,Clean
Baker Hughes Inteq,SFCBFW,us,"Surface pick 1st arrival time, far CBL spacing (copy)",Clean
Baker Hughes Inteq,PCTV,L,Cumulative pump-through volume,Mnemonic typographical error
Schlumberger,HCTL,ms,High Resolution Long-Spaced Acquisition Time,Clean
Schlumberger,TTR_XD,us,"Peak Time, Receiver Array - X Dipole",Clean
Schlumberger,DPAP72_1DF,Rad,3D Induction 1D Inversion Filtered Apparent Dip Magnitude from 72 inch Array,Unit-symbol case error
Baker Hughes Inteq,QPJ0P,kPa,"Tic mark for drawdown pressure every hundredth psi, APQJ",Clean
Baker Hughes Inteq,SSV,ms/m,Sound speed,Clean
Schlumberger,FA2_LAMP_VOL,V,JPOC 2 Lamp Voltage 4Hz,Clean
Halliburton Logging,UM_Transmitter_Vpp,uV,Transmitter Vpp,Clean
Schlumberger,RAB_RI_INVERTED,ft,RAB: Inverted Invasion Radius,Clean
Baker Hughes Inteq,RPCVH,kohm.m,Resistivity Phase Diff Compensated Borehole and Inversion Corrected Long 2MHz,Clean
Pason,BIT_HOURS,ms,On Bottom Hours,Clean
Schlumberger,RLNTL,Hz,"Raw Neutron Long Spacing Tau Count Rate, Left",Clean
Pason,N2_VOL_OUT,m3/d,Nitrogen Volume Out,Clean
Schlumberger,SRIV,m3,MRSR Inflation Volume,Clean
Baker Hughes Inteq,AMD4F3,V,Raw data amplitude T4 frequency 3 (in dB/V),Clean
Baker Hughes Inteq,I131,Euc,Iodine 131 concentration,Clean
Schlumberger,PT_BSG1_FORM_PRESS,psi,Pretest Formation Pressure from MDT Single Probe 1 Strain Gauge (BSG1),Clean
Schlumberger,DVPRE_08,psi,Derivative Pressure Transient 08,Clean
Schlumberger,P16DEV,rad,Hole Deviation [16],Clean
Halliburton Logging,EP2PtTemp,K,EP2Pretest Temperature,Clean
Schlumberger,RH21_1DF,kohm.m,3D Induction 1D Inversion Horizontal Filtered Resistivity from 21 inch Array,Clean
Schlumberger,DRDP,ohm.m,DPT Resistivity Mixed After Invasion Processing,Clean
Schlumberger,RSBA_RAB_RT,ohm.cm,Real-Time Average Shallow Button Resistivity,Clean
Schlumberger,RES_BM5_RAW,ohm.cm,"Raw Resistivity Medium, Octant 5",Clean
Baker Hughes Inteq,FLR6,mx,FLR_6,Unit-symbol typographical error
Baker Hughes Inteq,TTRAN,us,Travel time for source to receiver - Real-time,Clean
Baker Hughes Inteq,TRQPF,N/mm²,Torque pressure,Unicode power notation in unit
Pason,P1D,m/s,Porosity 1 Depth,Mnemonic-unit semantic mismatch
Baker Hughes Inteq,AQDEP,fx,Depth of inner pod sensor at current acquisition,Unit-symbol typographical error
Baker Hughes Inteq,SFA13,us,"Surface pick 1st arrival time, T1R3",Clean
Baker Hughes Inteq,SQRUX,ohm.m,Electrical Image - Resistivity Up - Real-time,Clean
Schlumberger,1P8P,rad,Pad 18 Low Frequency Phase,Mnemonic typographical error
BP,BP_PITVOL_BRN4,μm2.m,Tank Volume - Brine 4,Unicode micro prefix in unit
Schlumberger,DTCO4,s/m,Compressional Slowness from Measurement 4,Clean
Baker Hughes Inteq,DIS57,uT,DIS CHANNEL 57,Clean
Baker Hughes Inteq,DIS94,uT,DIS CHANNEL 94,Clean
Baker Atlas,SPSD,uV,SP from electrode sub processed downhole,Clean
Baker Hughes Inteq,TPRA5,ppm,Structured 5th total porosity (CBW + T2 bin array),Clean
Schlumberger,NCAL_NEAR,in,Near Neutron Caliper,Clean
Schlumberger,RSH2_RT,kohm.m,Shoulder-bed resistivity from 400 KHz 3D Xplot,Clean
Baker Hughes Inteq,TMP2,K,Temperature sensor 2,Clean
Baker Atlas,CIDR,mS/m,deep conductivity real,Clean
Baker Hughes Inteq,AMD4F1,uA,Raw data amplitude T4 frequency 1 (in dB/V),Mnemonic-unit semantic mismatch
Schlumberger,SPIF4,rad/s,Spinner 4 Filtered Rotational Velocity,Clean
Halliburton Logging,HorizRes72k29,ohm.m,"Horizontal Resistivity 72k 29""",Clean
Baker Hughes Inteq,INE1,MHz,Short space C/O inelastic PHA spectra,Clean
Schlumberger,C2_OBMT_2,m,OBMT2 Caliper 2,Clean
Schlumberger,SRIV2_DL,L,MRSR 2 Inflation Volume,Clean
Schlumberger,PSOF_APP_T1_H,rad,Apparent Phase Offset for Transmitter 1 Broadcasting at 2 MHz,Clean
Halliburton Logging,WTME,ms,Mril Wait time,Clean
Schlumberger,STRVP_2_5_T,s/m,Stoneley Shear Radial Variation Profile at 2.5 Inch Radial Depth from Borehole Surface for Transmitter Array,Clean
Baker Hughes Inteq,FLR36,uT,FLR_36,Clean
Baker Hughes Inteq,R08,m,Multi-arm_data - Feeler 8 radius,Clean
Schlumberger,DEVIM,dega,Memorized Deviation,Clean
Baker Hughes Inteq,PREW4,kPa,Tank 4 accumulator pressure,Clean
Halliburton Logging,DP0P1QPressCor,kPa,DP0P1 Quartz Probe Pressure Corrected,Clean
Pason,MAGNETIC_TOOLFACE,cgr,Magnetic Toolface,Clean
Halliburton Logging,EPS2QTempStabP1,deltaC/s,EPS2 Quartz Temperature Stability Probe 1,Clean
Baker Hughes Inteq,CVLDS,bbl,Cement volume,Clean
Baker Hughes Inteq,GMLAT,dega,Geomag latitude entry,Clean
Pason,AD_ROP_SP,m/s,AutoDriller ROP SP,Clean
Halliburton Logging,BHCR72K17YY,mS/m,Bore Hole Correction R72K 17In Y Trans/ Y Recv,Clean
Baker Hughes Inteq,PREWC4,bar,Tank 4 accumulator pressure,Clean
Schlumberger,SS2SMRSP_DL,bar,MRSS 2 MRSM SG Raw Pressure,Clean
Schlumberger,PRE_04,bar,Well Pressure Transient 04,Clean
Schlumberger,wFL_STATION_TIME,ms,Water Flow Log (WFL) Station Time,Mnemonic case error
Schlumberger,YRCO,Eohm,Contact Resistance Y,Clean
Schlumberger,DCHO4_RT,m,"ADN Real Time Density Caliper, Horizontal",Clean
Halliburton Logging,P1B2,ohm.m,Pad 1 Button 2 Resistivity,Clean
Schlumberger,QTDC_FSI,m3/d,Downhole Computed Total Flowrate after Calibration from FSI,Clean
Baker Hughes Inteq,TFST##,us,Monopole multiplexed waveform start time,Clean
Schlumberger,A10L_UNC,ohm.m,ARC Uncorrected Attenuation Resistivity 10 inch at 400 KHz,Clean
Halliburton Logging,PL_Time,s,Pick Time Reflected Shear,Clean
Schlumberger,SOXU,ft,"Maximum Ultrasonic Standoff, Up",Clean
Schlumberger,CECA,A.s/kg,Apparent Cation Exchange Capacity,Clean
Baker Hughes Inteq,OFF3X,cgr,Tool body mark offset for 3DeX orientation,Clean
Schlumberger,HD1_PPC4,in,PPC4 Hole Diameter 1,Clean
Schlumberger,RA16H,ohm.cm,Real-Time 16 inch spacing attenuation resistivity,Clean
Baker Hughes Inteq,WFCA,%,Weight fraction of calcium in dry rock,Clean
Baker Hughes Inteq,RCAP02,kHz,Capacitance sensor 2,Clean
Baker Atlas,RL4,ohm.cm,Lateral resistivity curve from FBC and FCD,Clean
Baker Hughes Inteq,DCALY,in,Caliper (Y-axis) difference from bit,Clean
Baker Hughes Inteq,ID05,ft,Dia. 05,Clean
Schlumberger,SRSG,kPa,MRSR Strain Gauge Pressure,Clean
Schlumberger,SHKR,MHz,Shock Rate,Clean
Schlumberger,RA01,in,Calibrated Radius 1,Clean
Baker Hughes Inteq,HPUD3P,MHz,Peak user input high pass filter 3,Clean
Halliburton Logging,FFRQ,MHz,Firing Frequency,Clean
Schlumberger,A34L,kohm.m,"Attenuation Resistivity 34 inch Spacing at 400 KHz, Environmentally Corrected",Clean
Schlumberger,AT4F,ohm.cm,CDR Attenuation Resistivity 4 ft Resolution (QRO),Clean
Halliburton Logging,CAP_FLOWING,pF,Capacitance While Fluid Flowing,Clean
Schlumberger,DTSH_MH_DDBHC,Min/m,"Shear Slowness - Monopole High, Depth Derived Borehole Compensated",Unit-symbol case error
Halliburton Logging,UM_Hole_Size,in,Measured Hole Diameter,Clean
Schlumberger,NER2L_CAL,kHz,"Neutron Near Tube 2 Count Rate, Calibrated, Left",Clean
Halliburton Logging,oHrizRes12k50,ohm.m,"Horizontal Resistivity 12k 50""",Mnemonic typographical error
Schlumberger,DTSH4,ms/m,Shear Slowness from Measurement 4,Clean
Halliburton Logging,C_MIN_B_CAP1,%,Contamination Minimum by baseline Capacitance 1,Clean
Halliburton Logging,SLOS,dB/ft,Spreading Loss,Clean
Halliburton Logging,BHCR60K80XZ,S/m,Bore Hole Correction R60K 80In X Trans/ Z Recv,Clean
Schlumberger,PQPDD2_DL,kPa,MRPQ 2 Pretest Drawdown Pressure Limit,Clean
Baker Hughes Inteq,R24,in,Multi-arm_data - Feeler 24 radius,Clean
Baker Hughes Inteq,QT1P,bar,"Tic mark for drawdown pres. every 0.1 psi, sample sensor",Clean
Halliburton Logging,WL4C,uA,Wire Line 4 Current,Clean
Schlumberger,DC_WAT_T1_SH4,m2/d,Computed Water Diffusion Coefficient indexed by T1 for Shell 4,Clean
Baker Hughes Inteq,FLR40,mT,FLR_40,Clean
Schlumberger,AT_DTR3_F0_SIG,B,Uncertainty of Frequency 0 Transverse Spacing 3 Attenuation,Clean
Halliburton Logging,UM_FHA,mV,Pre Firing Voltage,Clean
Schlumberger,GAS2,uV,FA Gas detector Ch 2 Direct,Clean
Baker Hughes Inteq,DODP,ft,Depth offset of HDIP from orientation tool,Clean
Schlumberger,ACTL,ms,Long Spacing Acquisition Time,Clean
Schlumberger,COND_DTR1_F2_VDC,mS/m,Vertical Deconvolved Frequency 2 Differential Transverse Spacing 1 Conductivity,Clean
Schlumberger,DU_SET_SPD,m³/d,Displacement Unit Desired Pumpout Rate,Unicode power notation in unit
Schlumberger,"T2LM_DI_LHR﻿",us,Logarithmic Mean of T2 Distribution (Diffusion Included) for Lower High-Resolution Antenna,Mnemonic boundary invisible character
Halliburton Logging,SMUD,ohm.cm,Mud Restivity - Calculated,Clean
Baker Hughes Inteq,FLR83,uT,FLR_83,Clean
Halliburton Loggig,CASETHINK3,m,Casing Thickness 3,Service-company spelling error
Baker Hughes Inteq,CNS,%,Compensated neutron porosity,Clean
Schlumberger,AH4R,S/m,AIT-H Real Array #4 Conductivity,Clean
Baker Hughes Inteq,HYPG,bar,Hydraulic power pressure,Clean
Baker Hughes Inteq,DENI,kg/m3,Integrated compensated bulk density,Clean
Baker Hughes Inteq,FLR1,T,FLR_1,Clean
Schlumberger,PKDT_A00X,s/m,Peak Slowness for Slowness-Time Coherence for Fast Shear Azimuth Custom Frequency Firing,Clean
Baker Hughes Inteq,L11D,μm,Inner invasion length,Unicode micro prefix in unit
Schlumberger,CP_DELTA4_RAW,kPa,Phase C Delta Pressure Fourth Position - Uncorrected,Clean
Schlumberger,RH21_UB_1D,ohm.m,3D Induction 1D Inversion Horizontal Square Resistivity Upper Bound from 21 inch Array,Clean
Halliburton Logging,NOIS_Az7,V,Az7 Noise Amplitude Baseline,Clean
Schlumberger,A5LB,ft,"AIT-B Low Frequency, Real Array #5 Boosted Conductivity",Mnemonic-unit semantic mismatch
Pason,AIR_HEATER_TEMP,degF,tgs Air Heater Temperatur,Clean
Halliburton Logging,PKRP,µbar,Packer Pressure,Unicode micro prefix in unit
Baker Hughes Inteq,QPJ4P,spi,"Tic mark for drawdown pressure every hundred psi, APQJ",Unit-symbol typographical error
Halliburton Logging,ACPACITANCE,F,Capacitance,Mnemonic typographical error
Schlumberger,T2LM_DI_SH1,s,Logarithmic Mean of T2 Distribution (Diffusion Included) for Shell 1,Clean
Baker Hughes Inteq,CALB,ft,Caliper from 4th caliper tool,Clean
Baker Hughes Inteq,ADRHDX,degC,Azimuthal Delta Rho - Down Quadrant - Real-time,Mnemonic-unit semantic mismatch
Schlumberger,C13_TIV,kPa,Elastic Constant C13 referred to TI Axis in TIV Formation,Clean
Schlumberger,RES_BX_RAW,ohm.cm,Raw eXtra Deep Button Resistivity,Clean
Baker Hughes Inteq,TAUQ,ms,Sampling period for Q transmitter,Clean
Schlumberger,N10V_SON_RT,V,"sonicVISION Negative 10 V Power Supply, RealTime",Clean
Schlumberger,DFB3_SL,Hz,Bubble Count Probe 3 - Station Log,Clean
Baker Hughes Intq,SRA042M,ohm.m,Electrical Image - Sector 42 - Memory,Service-company spelling error
Baker Hughes Inteq,RMA,hom.cm,Calculated borehole resistivity for ABC processing,Unit-symbol typographical error
Baker Hughes Inteq,FDN2,kg/m³,Second block negative pulses from 57XXFD subset 1,Unicode power notation in unit
Halliburton Logging,TS_ALT_LM_Slowness_Peaks,us,Slowness Peaks,Mnemonic typographical error
Halliburton Logging,DHTNLO,lbf,DownholeTension Lower,Clean
Baker Hughes Inteq,SRA053M,ohm.cm,Electrical Image - Sector 53 - Memory,Clean
Schlumberger,SOITEMP_PQ3DL,degF,MRPQ 3 SOI Temperature,Clean
Baker Hughes Inteq,PCT1,kHz,Short space PHA capture spectrum,Mnemonic typographical error
Baker Hughes Inteq,RBW,cgr,Relative bearing (relative to borehole high side) for WGI,Clean
Baker Hughes Inteq,ABSPF,kPa,Absolute pressure in housing,Clean
Schlumberger,T1LM_SH8,ms,Logarithmic Mean of T1 Distribution for Shell 8,Clean
Baker Hughes Inteq,HPUD1,V,User input high pass filter 1,Clean
Halliburton Logging,EPS3P1TEMP,degF,EPS3 P1 Quartz Gauge Temperature,Clean
Schlumberger,ADVL,m3,Additive Volume,Clean
Schlumberger,DTCO_MH_SEL_RT,μs/ft,"Compressional Slowness - Monpole High, Selected, Real-Time",Unicode micro prefix in unit
Schlumberger,PPGR,N/m3,Pore Pressure Gradient from Resistivity,Clean
Baker Hughes Inteq,ZR2ACR,Eohm,"Pad 2, frequency A button equalization",Clean
Schlumberger,HIOSWI,µEuc,HITA One Foot Radial Water Saturation Image,Unicode micro prefix in unit
Baker Hughes Inteq,YINMIT,dega,Y axis inclination,Clean
Halliburton Logging,AZIL,dega,PAD1 Azimuth Lower Pads,Clean
Halliburton Logging,TAP2,uV,Transmitter A Pad 2 - Used for Calibration,Clean
BP,BP_RHOBA_DEP_9,lbm/ft3,Dep - Bulk Density - Azimuthal - Sector9,Clean
Baker Hughes Inteq,ADSA16M,lbm/ft3,Azimuthal Density - Short Space - Apparent - Sector 16 - Memory,Clean
Schlumberger,DR15,mS/m,Delta Radius 15,Mnemonic-unit semantic mismatch
Baker Hughes Inteq,DIS6,mT,DIS CHANNEL 6,Clean
Pason,OXYGEN_O2,lbmol/ft3,chr Oxygen O2,Clean
Schlumberger,APRS_CDR,kPa,Annular Pressure,Clean
Baker Hughes Inteq,RBIT3W,in,Bit radius 3,Clean
Halliburton Logging,ATTMIN,dB/ft,Minimum Attenuation,Clean
Schlumberger,RH27_1DF,ohm.m,3D Induction 1D Inversion Horizontal Filtered Resistivity from 27 inch Array,Clean
Schlumberger,SWXS_ADT_SIG,Euc,Uncertainty on Shallow Zone Water Saturation,Clean
Pason,RESISTIVITY1,ohm.cm,Resistivity 1,Clean
Schlumberger,SSGP,psi,Smoothed Strain Gauge Pressure,Clean
Halliburton Logging,60kSK50,dega,60k Strike 50 inch for the MCIV1D,Clean
Schlumberger,SRRS_DL,bar,MRSR Raw Strain Gauge Pressure,Clean
Baker Hughes Inteq,YATT,mx,Y-axis attitude,Unit-symbol typographical error
Schlumberger,DTCO_SLOW,s/m,Compressional Slowness from Slow Channel,Clean
Halliburton Logging,RVHRes36k17,ohm.cm,"Vertical Restivity 17"" / Horizontal Restivity 17"" 36k",Clean
Schlumberger,RB_NCMT,dega,Relative Bearing at NCMI cartridge sensor,Clean
Halliburton Logging,"  P5V",uV,Plus 5 Volts,Mnemonic boundary whitespace
Halliburton Logging,CAP_STATIONARY,F,Capacitance Whiile Fluid Stationary,Clean
Schlumberger,ISO_321_MIST,kHz,Formation Isotope 1 + 2 + 3,Clean
Pason,ADT,mA,AutoDriller Torque,Clean
Halliburton Logging,PTHS,psi,Presssure Tenths,Clean
Schlumberger,CPRR2,kohm.m,MDCP 2 Raw Flowline Resistivity,Clean
Baker Hughes Inteq,RBSB2,rad,Relative bearing (relative to borehole low side) (2nd tool),Clean
BP,BP_H2S2_RIG,Euc,H2S (Rig) Sensor 2,Clean
Schlumberger,T2LM_DFW_LHR,us,Logarithmic Mean of Water T2 Distribution (Diffusion Free) for Lower High-Resolution Antenna,Clean
Baker Hughes Inteq,R49,m,Multi-arm_data - Feeler 49 radius,Clean
Halliburton Logging,UFMP_Comp_DT,ms,Sonic Delta-T,Clean
Pason,STRWT,kgf,Stringweight,Clean
Baker Hughes Inteq,AMD4F4,mV,Raw data amplitude T4 frequency 4 (in dB/V),Clean
Baker Hughes Inteq,ID16,m,Dia. 16,Clean
Schlumberger,STFC,edgC,Sonde Temperature Output/Constant,Unit-symbol typographical error
Baker Hughes Inteq,DAZG2,cgr,Deviation azimuth for GXPL,Clean
Halliburton Logging,VM65,uV,Differental Voltage Measurement 6 Magnitude - Pad 5,Clean
Schlumberger,QTDH_ZONE_AVG,m3/d,Zonal Averaged Total Flowrate Downhole,Clean
Pason,MTR_MAX_DIFF,psi,Motor Max Diff,Clean
Baker Hughes Inteq,DZR6B,Eohm,Frequency 2 pad 6 resistance,Mnemonic typographical error
Baker Hughes Inteq,TS03EA,ms,Time since reaching max temperature for outside flask sensor,Clean
Halliburton Logging,CID1,in,Inner Casing Dimater 1,Clean
Schlumberger,AOCB10,mS/m,Array Induction One Foot Conductivity Background A10,Clean
Schlumberger,RES_BS_UP_RT,kohm.m,"Shallow Button Resistivity, Up",Clean
Schlumberger,GHD_CORR,ft,Borehole Diameter Corrected by Borehole Enlargement Equipment,Clean
Baker Hughes Inteq,BIT_DIAM,m,Bit Diameter,Clean
Schlumberger,TTCO_MUX,s,Compressional Peak Time from Monopole Upper Transmitter Custom Frequency Firing Monopole Component,Clean
Halliburton Logging,FM_ALT_Hole_Size,ni,Measured Hole Diameter,Unit-symbol typographical error
Schlumberger,TFARB_DH_ECO_RT,kHz,"Thermal Neutron Far Count Rates, Bottom, Real-Time, Computed Downhole",Clean
Pason,N2_PRESS,psi,Nitrogen Pressure In,Clean
Schlumberger,CWLV,L,Current Wellhead Slurry Volume,Clean
Schlumberger,P28H_COND_RT,S/m,Phase Shift Conductivity 28 inch Spacing at 2 MHz,Clean
Schlumberger,GDMS_DL,uV,Gas Detector Source Intensity Monitor Source Calibration Data (Depth Logging),Clean
Baker Hughes Inteq,ZI4BUS,ohm,Freq 2 pad 4 capacitive part of complex formation impedance,Clean
Schlumberger,SS3SMSGT,dega,MRSS 3 MRSM SG Temperature,Mnemonic-unit semantic mismatch
Schlumberger,P_EXT_03,bar,Extrapolated Pressure Transient 03,Clean
Schlumberger,LNBU,d,"Neutron Long Spacing Burst Count Rate, Up",Mnemonic-unit semantic mismatch
Halliburton Logging,BHCR72K50XY,mS/m,Bore Hole Correction R72K 50In X Trans/ Y Recv,Clean
Schlumberger,DRLBITPEN,ft,Drill Bit Depth Of Penetration,Clean
Schlumberger,UNGI,dB,Minimum Allowed Electronic Gain Near,Clean
Schlumberger,nERB_ADN_RT,kHz,"Near Bank Count Rates, Bottom, Real-Time",Mnemonic case error
Baker Hughes Inteq,RAZFOD,uV,Raw Z-axis accelerometer from fast channel,Clean
Halliburton Logging,FSPECTIME,us,Accumulation time for Far Spectrum,Clean
Baker Hughes Inteq,TIM14,ms,Time curve from TD for accelerometer correction to Minilog,Clean
Schlumberger,SUST1,InH2O[39degF],MDSU 1 Set Point,Unit-symbol case error
Pason,AZIMUTH,cgr,Azimuth,Clean
Halliburton Logging,HT06,ohm.m,60 in Radial Resistivity 2ft,Clean
Baker Hughes Inteq,rADIUS14M,m,Acoustic Caliper - Radius - Sector 14 - Memory,Mnemonic case error
Schlumberger,PTCO,degF,PBMS Temperature Correction,Clean
Halliburton Logging,SED6,ohm.m,Skin Effect Corrections D6,Clean
Baker Hughes Inteq,SRA61X,ohm.m,Electrical Image - Sector 61 - Real-time,Clean
Schlumberger,CPQP2_DL,bar,MDCP 2 Quartz Gauge Pressure,Clean
Baker Hughes Inteq,QL4P,bar,Tic mark for drawdown pressure every hundred psi,Clean
Baker Atlas,tnst10,s,monopole multiplex waveform start time,Clean
Baker Hughes Inteq,BRIT6,m,Bit radius 6,Mnemonic typographical error
Baker Hughes Inteq,PPTR,ms,Predicted pipe time for radials,Clean
Schlumberger,GX_RT,gn,"Raw Gravity X-axis, Real-Time",Clean
Schlumberger,CSSF1P,cgr,Caliper Short Spacing Frequency 1 Phase,Clean
Baker Hughes Inteq,PO2A4,%,Fourth T2 accumulated partial porosity sum,Clean
Baker Hughes Inteq,DIS34,aguss,DIS CHANNEL 34,Unit-symbol typographical error
Halliburton Logging,VertRes36k29,ohm.cm,"Vertical Resistivity 36k 29""",Clean
Pason,PNC4G,ppm,Pason nC4,Clean
Schlumberger,COND_DLG4_F0_SIG,kS/m,Uncertainty on Frequency 0 Differential Longitudinal Spacing 4 Conductivity,Clean
Pason,DIN,g/cm³,tgs Mud Density In,Unicode power notation in unit
Schlumberger,AT_DTE1_F2,dB,Frequency 2 Transverse Electric Attenuation,Clean
Schlumberger,ROSB_ADN_RT,lbm/ft3,Real-Time Bottom Quadrant Short Spacing Bulk Density,Clean
Schlumberger,P10L_COND_RT,kS/m,Phase Shift Conductivity 10 inch Spacing at 400 KHz,Clean
Baker Hughes Inteq,FLR62,mT,FLR_62,Clean
Schlumbergr,FCFD_SPRI_SL,g/cm3,SPRInt Friction-corrected Density,Service-company spelling error
Schlumberger,"ITEM	",degF,Calibrated temperature,Mnemonic boundary whitespace
Baker Hughes Inteq,P16S,rad,"Phase, 16 Hz, short spacing",Clean
Schlumberger,FSH_AZIM_L10,rad,Fast Shear Azimuth for Level 10,Clean
Schlumberger,P1DT_TA,ms/m,Peak 1 Delta-T for Transmitter Array,Clean
Halliburton Logging,CAP4,mA,Survey Current Average - Pad 4,Clean
Schlumberger,3XVRSGP,N/m²,3XV Strain Gauge Raw Pressure,Unicode power notation in unit
Schlumberger,MLLP​,ohm.m,Measure of MLL Plus Sqrt(Sigma**2+Tau**2),Mnemonic boundary invisible character
BP,BP_ESD_PWD_MIN_DEP,lbm/ft3,Dep - ESD - PWD (min),Clean
Halliburton Logging,FM_Delta-T,ms,FM Sonic Delta-T,Clean
Baker Hughes Inteq,DIS77,mT,DIS CHANNEL 77,Clean
Baker Hughes Inteq,POST,dega,"Powered orientation swivel angular position, tilt sensor",Clean
Schlumberger,AH5R,S/m,AIT-H Real Array #5 Conductivity,Clean
Baker Hughes Inteq,FL72,uT,FL CHANNEL 72,Clean
Halliburton Logging,aMPGATE,us,MSG Gate Center,Mnemonic case error
Pason,HOOK_LOAD,lbf,Hook Load,Clean
Halliburton Logging,QUU1,ohm.m,Quality U1,Clean
Schlumberger,MRPM,rpm,Motor RPM,Clean
Halliburton Loggig,ECMR,%,Estimated Contamination Maximum Resistivity,Service-company spelling error
Baker Hughes Inteq,CIRR,ft,Circumscribing circle radius for three caliper arms,Clean
Halliburton Logging,MAX_AVG_RHO,lbm/ft3,Maximum Average Rho,Clean
Halliburton Logging,QPR2,MmHg[0degC],Quartz Probe 2 Pressure,Unit-symbol case error
BP,BP_DIFFPRES_MUDMOTOR,PPa,Differential Pressure - Mud Motor,Unit-symbol case error
Baker Hughes Inteq,RMZGST,uT,Raw Z-axis magnetometer shifted to STAR,Clean
Schlumberger,GRDE,kg/m3,Gradiomanometer Reference Density,Clean
Baker Hughes Inteq,FL71,uT,FL CHANNEL 71,Clean
Schlumberger,PENT_LHR,kPa,Entry Pressure from Capillary Pressure Computation for Lower High-Resolution Antenna,Clean
Schlumberger,MTVC,MHz,PTS Pressure Temperature VCO Count Rate,Clean
Baker Hughes Inteq,PO2B3,ppm,Third BVI accumulated partial porosity sum,Clean
Schlumberger,SAZ2,Hz,"Raw Short Spacing Window 3 Count Rate, 16-Sector Waveform",Clean
BP,BP_WOB_DH_MAX,lbf,Weight on bit - Downhole (max),Clean
Halliburton Logging,FR13,ohm.cm,DIFF RESISTIVITY 8 17 CM,Clean
Halliburton Logging,TMC4,µs,Low Reso. Travel velocity based on m/l rcvrs from compensated.,Unicode micro prefix in unit
Schlumberger,KNML,D[API],NML Permeability,Clean
Schlumberger,SFVP,mV,SFL Voltage Plus Measurement,Clean
Schlumberger,CDEV,dega,Calibrated Borehole Deviation,Clean
Schlumbergr,QDCORR,psi,Quartzdyne Pressure Correction,Service-company spelling error
Baker Hughes Inteq,P08M,mm,"Phase, 8 Hz, medium spacing",Mnemonic-unit semantic mismatch
Schlumberger,DRHOLS,kg/m3,Density Correction Long Spacing,Clean
Baker Hughes Inteq,M4C2,S/m,"HDIL 4-foot resolution matched conductivity, 20-inch DOI",Clean
Baker Hughes Inteq,FL27,uT,FL CHANNEL 27,Clean
Schlumberger,PU1R,degF,PUCS Calibrated CQG Reference Temperature,Clean
Baker Hughes Inteq,CAC2,MHz,Calcium in capture spectrum (far detector),Clean
Halliburton Logging,TULC,us,Travel velocity based on u/l rcvrs from compensated.,Clean
Halliburton Loggig,FRQ1,kHz,Mril Frequency 1 (band 0 -4),Service-company spelling error
Halliburton Logging,TUML,us,Travel velocity based on u/m rcvrs from lower xmtr.,Clean
Baker Hughes Inteq,sRA111M,ohm.cm,Electrical Image - Sector 111 - Memory,Mnemonic case error
Halliburton Logging,BCA2,uF,Capacitance 2 Base Line,Clean
Baker Hughes Inteq,CDESI,mS/m,Conductivity short xmtrs inner rcvrs all frequencies,Clean
Halliburton Logging,XX_Slowness_Peaks,ms,Slowness Peaks,Clean
Schlumberger,RES_BS4,kohm.m,"Resistivity Shallow, Octant 4",Clean
Schlumberger,A34H_UNC_RT,kohm.m,"ARC Uncorrected Attenuation Resistivity 34 inch Spacing at 2 MHz, Real-Time",Clean
Halliburton Logging,CTMF,in,Contamination Fit Based On Mobility,Mnemonic-unit semantic mismatch
Baker Hughes Inteq,FLR87,T,FLR_87,Clean
Halliburton Logging,T1BS,D,Mril Ben Swanson Method Permability from T1Dist,Clean
Schlumberger,AP1P,dega,Active Pad 1 Low Frequency Phase,Clean
Baker Hughes Inteq,YINRAT,rad,Y axis inclination,Clean
Halliburton Logging,BHCR36K50XZ,kS/m,Bore Hole Correction R36K 50In X Trans/ Z Recv,Clean
Baker Hughes Inteq,R19,in,Multi-arm_data - Feeler 19 radius,Clean
Baker Hughes Inteq,C07M,m,Sectional caliper 7,Clean
Schlumberger,HMFL,ohm.m,High Resolution MSFL,Clean
Schlumberger,PS_DTR3_F3_HR_SIG,cgr,Uncertainty of High Resolution Frequency 3Transverse Spacing 3 Phase Shift,Clean
Schlumberger,RSNBB,MHz,"Raw Neutron Short Spacing Burst Count Rate, Bottom",Clean
Baker Hughes Inteq,AMD4F5,V,Raw data amplitude T4 frequency 5 (in dB/V),Clean
Baker Hughes Inteq,TTF2,us,"Traveltime subcycle 0, T1R2",Clean
Schlumberger,SL3R,L/min,Stage LP Additive #3 Flowrate,Clean
Schlumberger,SPIF2_FSI_SL,rad/s,Filtered (Sliding Window) Rotational Velocity Spinner 2 - Station Log,Clean
Halliburton Logging,BDip84k80,V,"Borehole Dip 84k 80""",Mnemonic-unit semantic mismatch
Baker Hughes Inteq,PORSC,ppm,"Single detector neutron porosity, borehole size corrected",Clean
Halliburton Logging,ONIS_UMP,V,Waveform noise baseline,Mnemonic typographical error
Schlumbergr,RZI03AQ,uA,"Uncalibrated A0 Current 3A, quadrature",Service-company spelling error
Schlumberger,MTRSPD,rpm,Motor Speed,Clean
BP,BP_ESD_PWD_MAX_DEP⁠,lbm/ft3,Dep - ESD - PWD (max),Mnemonic boundary invisible character
Schlumberger,AT_DLG1_F0,B,Frequency 0 Longitudinal Spacing 1 Attenuation,Clean
Halliburton Logging,QMID,kPa,Quartz Calculated Presssure @ Midpad,Clean
BP,BP_VIR_TT_MPD,m3,Tank Volume - Virtual Trip Tank,Clean
Halliburton Logging,C2M1,A,Survey Current #2 Magnitude - Pad 1,Clean
Baker Hughes Inteq,SPER,s,Sample period,Clean
Schlumberger,EMID_PPC2,in,Ellipse Minimum Distance,Clean
Baker Hughes Inteq,FL82,T,FL CHANNEL 82,Clean
Schlumberger,SOIRPRES_PS2,kPa,MRPS 2 SOI Raw Pressure,Clean
Schlumberger,ROS2,g/cm3,SS2 RHO Density - LDT,Clean
Halliburton Logging,WSRB,cgr,Relative Bearing,Clean
Halliburton Logging,LMP_ALT_ST_Freq,MHz,Pick Frequency,Clean
Baker Hughes Inteq,TFSP02K,ms,Monopole multiplexed sample period,Clean
Halliburton Logging,PRO1,bar,FPS1 Outet Pressure,Clean
Baker Hughes Inteq,APH4AS,rad,Pad 4 frequency A average phase over pad buttons (2nd),Clean
Schlumberger,TQLS,K,Torque loss,Mnemonic-unit semantic mismatch
Halliburton Logging,"  SO6",m,Stand Off Arm 6,Mnemonic boundary whitespace
Schlumberger,GFBM,Hz,GHOST Filtered Bubble Count Rate Average,Clean
BP,BP_GAS_C5_NEO_DEP,ppm,Dep - Neo-Pentane (nC5),Clean
Baker Hughes Inteq,FGPCBN,s,Fixed gate pick for CBL near transmitter,Clean
Halliburton Logging,MTNM,us,Normalization of MCAL TA mode,Clean
Baker Hughes Inteq,TS2817LAD,ft,2817LA SPNR DOWN depth reference,Mnemonic typographical error
Baker Atlas,CRMR,Sk/m,enhanced processing medium real conductivity,Unit-symbol typographical error
Baker Hughes Inteq,TXYSP01,us,XY-axis multiplexed sample period,Clean
Schlumberger,ROBB_DH_RT,kg/m3,"Bulk Density, Bottom, Real-Time Computed Downhole",Clean
Schlumberger,RES_RING_T1,ohm.m,Ring Resistivity using Transmitter 1,Clean
Baker Hughes Inteq,FLC7,tT,FLC_7,Unit-symbol case error
BP,BP_SURGE_SWAB_TD,kg/m3,Surge Swab - TD (calculated),Clean
Schlumberger,SRVP_20_0_SLOW_T,s/m,Shear Radial Variation Profile at 20.0 Inch Radial Depth from Borehole Surface for SLOW Waveform Transmitter Array,Clean
Schlumberger,SPDP,V,SP Digital Plus Measurement,Clean
Baker Hughes Inteq,SRA064M,ohm.m²/m,Electrical Image - Sector 64 - Memory,Unicode power notation in unit
Schlumberger,SXOBMF_SH1,ppm,Oil-Based Mud Filtrate Saturation in Flushed Zone for Shell 1,Clean
Schlumberger,GDMD_AFA3,V,AFA3 Gas Detector Source Intensity Monitor Dark Calibration Data,Clean
Schlumberger,PS_DTR1_F2_SIG,dega,Uncertainty of Frequency 2 Transverse Spacing 1 Phase Shift,Clean
Schlumberger,"CRB	",rad,Calibrated Relative Bearing,Mnemonic boundary whitespace
Schlumberger,ROBL_DH,kg/m3,"Bulk Density, Left",Clean
Schlumberger,ASSCA,V,Array Induction SPA Calibrated,Clean
Baker Atlas,tntt07,ms,monopole multiplex first arrival time,Clean
Schlumbergr,RXO_ADT_SIG,ohm.cm,Uncertainty on Invaded Zone Rxo,Service-company spelling error
Schlumberger,VIBZ,gn,"RMS Vibration, Z-Axis",Clean
BP,BP_ECD_PWD_DEP,lbm/ft3,Dep - ECD - PWD,Clean
Halliburton Logging,EP0P2SpherMob,D/(Pa.s),EP0P2 Spherical Mobility,Clean
Halliburton Logging,MM_DIFF_RES,ohm.m,Maximum - Minimum Resistivity,Clean
Baker Hughes Inteq,TPORA3,ppm,Third total porosity (CBW + T2 bin array),Clean
Halliburton Logging,BCH5,mS/m,Borehole Corrections Conductivity D5,Clean
Schlumberger,UFWB,ms,Minimum Possible Waveform Delay Far,Clean
Baker Hughes Inteq,WID1,uV,"Pad 1 average data of buttons 11, 12, 13, 14",Clean
Schlumberger,OSIPRES_SR1,kPa,MRSR SOI Pressure,Mnemonic typographical error
Schlumberger,BAROMETRIC_PRESSURE,kPa,The pressure of the atmosphere (relative to vacuum),Clean
Schlumberger,"IRMZ﻿",kS/m,Induction Real Medium Zero Conductivity,Mnemonic boundary invisible character
Schlumberger,DM48_DH,in,Ultrasonic Tool Downhole Delta Movement Along Axis 4 and 8,Clean
Schlumberger,TRIP1NO,cgr,Computed Output P1NO - 3 inch from 6 inch GPIT Data,Clean
Baker Hughes Inteq,ATNLOC,dB/m,"Comp. calib. attn., outer rcrvs, long xmtrs, all freq.",Clean
Baker Hughes Inteq,C09M,m,Sectional caliper 9,Clean
Halliburton Logging,"  NUML",rad,Dphase frm diff. phase&ampl from RXU & RXM rcvrs TXL Working,Mnemonic boundary whitespace
Schlumberger,RODURHO_OP1,g/mc3,TNOP 1 DV-Rod Unsmooth Fluid Density,Unit-symbol typographical error
Halliburton Logging,TOWR,ms,CAST time offset of the window of resonance,Clean
Schlumberger,ASOSWI,ppm,Array Induction One Foot Radial Water Saturation Image,Clean
Schlumberger,RHET,degC,Raw Electronic Temperature,Clean
Halliburton Logging,EP1P2HorizMob,D/(Pa.s),EP1P2 Horizontal Mobility,Clean
Baker Hughes Inteq,PHAB,MHz,PHA background spectrum,Clean
Halliburton Logging,NMLU,dega,Dphase frm diff. phase&ampl from RXM & RXL rcvrs TXU Working,Clean
Baker Hughes Inteq,SRA065M,ohm.cm,Electrical Image - Sector 65 - Memory,Clean
Schlumberger,TIME_SFA_MFX,us,Time Index Channel of Slowness-Frequency Projection for Monopole Far Transmitter Custom Frequency Firing Monopole Component,Clean
Baker Hughes Inteq,MLR3,kohm.m,RTeX medium resistivity 3,Clean
Halliburton Logging,DDY,S/m,Deep Y Deconvolved,Clean
Schlumberger,RA15,in,Calibrated Radius 15,Clean
Schlumberger,HTEN,lbf,Head Tension,Clean
Pason,CWR,L/min,Cement Water Rate,Clean
Schlumberger,NBEF,A,Near Effective Beam Current,Clean
Schlumbergr,BLSH,ms/m,Block Shift between Shots or Knee,Service-company spelling error
Halliburton Logging,BHCR60K29XY,mS/m,Bore Hole Correction R60K 29In X Trans/ Y Recv,Clean
Baker Hughes Inteq,PO13A2,%,Second T2 accumulated partial porosity sum,Clean
Baker Hughes Inteq,FACR,cgr,Fast Angle of Anisotropy,Clean
Schlumberger,A16H_COND_RT,mS/m,Attenuation Conductivity 16 inch Spacing at 2 MHz,Clean
BP,BP_PRESS_SURFBACK_MPD,bar,Pressure - Surface Back  (MPD),Clean
BP,BP_GAS_C4_ISO,Euc,Iso-Butane (IC4),Clean
Halliburton Logging,TFGTCF,Hz,Far Corr Decay Filtered,Clean
Baker Hughes Inteq,ADSA4M,g/cm3,Azimuthal Density - Short Space - Apparent - Sector 4 - Memory,Clean
Schlumberger,rODTEMP_PQ1,degC,MRPQ 1 DV-Rod Temperature,Mnemonic case error
Halliburton Logging,TBP4,uV,Transmitter B Pad 4 - Used for Calibration,Clean
Halliburton Logging,ST_ALT_UM_FHA,V,Pre Firing Voltage,Clean
Halliburton Logging,T1KC,D[API],Mril T1 Coates Permability from T1Dist,Clean
Schlumberger,SRSS,μs,Sample Rate Surface Sensor,Unicode micro prefix in unit
Schlumberger,SFTQDT2_DL,K,MRSF 2 Quartzdyne Gauge Sensor Temperature (Depth Logging),Clean
Schlumberger,KH_MU_05,W,Mobility - Thickness Product Transient 05,Clean
Schlumberger,PTPSTNPOS,ft,Pretest Piston Position,Clean
Pason,ANP,bar,Annulus Pressure,Clean
Halliburton Logging,TRN5,kohm.m,Formation resistivity mode5 obtained for non invaded solution,Mnemonic typographical error
Schlumberger,A44P,uV,Analog 44 for PIM,Clean
Halliburton Logging,MFTT,ms/m,Fluid Transit Time from Mudcell 1st-2nd reflection,Clean
BP,BP_PITVOL_HOLD1,3m,Tank Volume - Holding 1,Unit-symbol typographical error
Schlumberger,RCAL,ft,Raw Caliper,Clean
Baker Hughes Inteq,DENIC2,kg/m3,Integrated corrected compensated bulk density (2nd tool),Clean
Schlumbergr,DTTM,h/km,"Delta-T, indexed by Time rather than Depth",Service-company spelling error
Halliburton Logging,OMI5,ohm.m,OMI Button Array Pad 5,Clean
Schlumberger,SSW1,Hz,Raw Short Spacing Window 1 Count Rate,Clean
Halliburton Logging,CMPRS,1/bar,Compresibility,Clean
Schlumberger,SPIF4_FSI_SL,rad/s,Filtered (Sliding Window) Rotational Velocity Spinner 4 - Station Log,Clean
Schlumberger,ADICO07,mS/m,AIT Dip Invariant 7 inch Conductivity,Clean
Baker Hughes Inteq,RPCSHX,ohm.cm,Resistivity - Phase - Corrected - Short Spaced - 2 MHz - Real-time,Clean
Baker Hughes Inteq,DNDM,1/ft,"Density Data Density, Memory",Clean
Schlumberger,SRVP_15_0_YD_R,s/m,Shear Radial Variation Profile at 15.0 Inch Radial Depth from Borehole Surface for YD Waveform Receiver Array,Clean
Schlumberger,BM2X_RAW,A,"Raw Medium Button Current from Transmitter 2, Out of Phase",Clean
Baker Atlas,trmtt02,s,monopole multiplex first arrival time,Clean
Pason,AD_TIMEDRILL_SP,ms/m,AutoDriller TimeDrill SP,Clean
Schlumberger,"  T2LM_DFM_SH1",ms,Logarithmic Mean of Oil-Based Mud Filtrate T2 Distribution (Diffusion Free) for Shell 1,Mnemonic boundary whitespace
Schlumberger,FSHA_OVERALL_C,dega,Overall estimate of fast shear azimuth for Chirp Firing,Clean
BP,bP_MUD_MFO_GL,m3/d,Flow Out - Mud (GainLoss Service),Mnemonic case error
Baker Hughes Inteq,CAC1,MHz,Calcium in capture spectrum (near detector),Clean
Schlumberger,M2TT,s,MAP 2 Transit Time,Clean
Baker Hughes Inteq,PTVS,ft³,Pump through volume for RCI (2nd tool),Unicode power notation in unit
Schlumberger,TT10,ms,Transit Time 10,Clean
Schlumberger,SOIRPRES_PA1,psi,MRPA 1 SOI Raw Pressure,Clean
Halliburton Logging,06kRV50,kohm.m,60k Rv 50 inch for the MCIV1D,Mnemonic typographical error
Baker Hughes Inteq,TYYSP01K,su,Four-comp. dipole XX multiplexed sample period,Unit-symbol typographical error
Schlumberger,CNEC,Hz,Corrected Near Epithermal Counts,Clean
Schlumberger,P244,cgr,Phase R2 from T4 at 400 KHz,Clean
Pasn,RES1B,ohm.cm,Res1 At Bit,Service-company spelling error
Schlumberger,RF21_P1F,MHz,"Raw Far Bank 2 Tube 1 Count Rate, 0.1 ft",Clean
Baker Hughes Inteq,CLC3,kHz,Chlorine capture indicator (extra long detector),Clean
Schlumberger,SEPARATOR_GAS_GRAVITY,lbm/ft3,Separator gas gravity,Clean
Schlumberger,DEVI_PMIT,rad,Borehole Deviation,Clean
Baker Hughes Inteq,RD05,ft,"Radius, tool axis to pad 5 face",Clean
Baker Atlas,trmst02,us,monopole multiplex waveform start time,Clean
Schlumberger,RP10,uA,"Uncalibrated Current, Azimuth 10, 0 degree",Clean
Pason,CASING,kPa,Casing Pressure,Clean
Schlumberger,PEF_RLS2_HR,kHz,High Resolution Long Spacing PEF Window 2 Count Rate,Clean
Schlumberger,KDRF,s,Knee Drift Curve After Manual Adjustment,Clean
Halliburton Logging,"BHCR72K80YZ	",mS/m,Bore Hole Correction R72K 80In Y Trans/ Z Recv,Mnemonic boundary whitespace
Schlumberger,CALI_QSCS,in,QSCS Caliper,Clean
Baker Atlas,CIMQ,kS/m,medium conductivity quadrature,Clean
Baker Hughes Inteq,CALCM,in,Acoustic Caliper - Corrected - Memory,Clean
Baker Hughes Inteq,FL96,mT,FL CHANNEL 96,Clean
Schlumberger,DP_G,µrad,3D Induction Grimaldi Dip,Unicode micro prefix in unit
Halliburton Logging,BHCR12K80YZ,mS/m,Bore Hole Correction R12K 80In Y Trans/ Z Recv,Clean
Schlumberger,WSAN,%,Weight Percent Of Sand,Clean
Schlumberger,RM_HRLT,kohm.m,HRLT Computed Mud Resistivity,Clean
Baker Hughes Inteq,TTS,s,Traveltime estimate far monopole shear,Clean
Halliburton Logging,BHCR60K17XX,S/m,Bore Hole Correction R60K 17In X Trans/ X Recv,Clean
Halliburton Logging,RT90,ohm.cm,90 in Radial Resistivity 2ft,Clean
Schlumberger,TT6_MU,s,Transit Time Monopole Upper Transmitter Firing #6,Clean
Baker Hughes Inteq,CASWGT,Mg/in,Casing Weight,Clean
Baker Hughes Inteq,RCAP10,kHz,Capacitance sensor 10,Clean
Schlumberger,LNBL_FILT,Hz,"Filtered Neutron Long Spacing Burst Count Rate, Left",Clean
Schlumberger,PH_T5_R2,dega,Phase Measurement at Receiver 2 with Transmitter 5 Broadcasting,Clean
Baker Hughes Inteq,PO11,m³/m³,Accumulated partial porosity sum,Unicode power notation in unit
Halliburton Logging,5VOL,V,5 Volts,Clean
Schlumberger,TT5F_MLX,s,Transit Time 5 ft from Monopole Upper Custom Frequency Waveform,Clean
Baker Hughes Inteq,SPUPG,Hz,Spinner up revolutions per second,Clean
Schlumberger,TRIDPD15_1DF,μrad,3D Induction 1D Inversion Filtered Dip Magnitude Standard Deviation from 15 inch Array,Unicode micro prefix in unit
Baker Hughes Inteq,ABDCRFM,lbm/ft3,Azimuthal Bulk Density - Compensated - Right Quadrant - Filtered - Memory,Clean
Schlumberger,SNER_FILT,kHz,"Filtered Neutron Short Spacing Early Count Rate, Right",Clean
Baker Hughes Inteq,BRAD,in,Bit radius,Clean
Baker Hughes Inteq,SRA30X,ohm.m,Electrical Image - Sector 30 - Real-time,Clean
Schlumberger,VRAM_F2_G,V,"Voltage Return, Amplitude, Frequency 2, Pad G",Clean
Schlumberger,ROSL_WDP,g/cm3,"Short Spacing Bulk Density, Left, via WDP",Clean
Schlumberger,HSIGC,ft2,HiRes Sigma Correction,Clean
Schlumberger,T2LM_DFW_SH1,s,Logarithmic Mean of Water T2 Distribution (Diffusion Free) for Shell 1,Clean
Halliburton Logging,SED3,ohm.cm,Skin Effect Corrections D3,Clean
Schlumberger,P10H_COND_RT,S/m,Phase Shift Conductivity 10 inch Spacing at 2 MHz,Clean
Baker Hughes Inteq,SFLDF,s/m,Fluid wave slowness (fixed),Clean
Schlumberger,RH72_HL_U_1DF,kohm.m,3D Induction 1D Inversion Horizontal Filtered Resistivity High Likelihood Upper Bound from 72 inch Array,Clean
Baker Hughes Inteq,BDET,Hz,Bottom detector,Clean
Schlumberger,T2_BFV_CUTOFF_ANT1,ms,Antenna 1 Motion Induced T2 Bound Fluid Volume Cutoff,Clean
Baker Hughes Inteq,ARAD,m,Reflectance traveltime radius,Clean
Halliburton Logging,UFMP_ALT_Shear_Freq,MHz,Pick Frequency 2,Clean
Baker Hughes Inteq,MSEC3,mS/m,"HDIL skin effect corrected curve, subarray 3",Clean
Schlumberger,EDV,dega,EMS Deviation,Clean
Baker Hughes Inteq,ARADS5,m,Reflectance traveltime radius,Clean
Schlumberger,DTSM_PLUS_ERR_TOTAL,Ns/m,Shear Delta-T Plus Total Shear Delta-T Error,Unit-symbol case error
Baker Hughes Inteq,RACSLX,ohm.m,Resistivity - Attenuation - Corrected - Short Spaced - 400 kHz - Real-time,Clean
Halliburton Logging,OTPD,m,Top Depth,Mnemonic typographical error
Halliburton Logging,BHCR36K29YX,kS/m,Bore Hole Correction R36K 29In Y Trans/ X Recv,Clean
Schlumberger,PEF_OVRL_HR,MHz,High Resolution Long Spacing PEF Overflow Countrate,Clean
Halliburton Logging,C6RESIDUALPCT,ppm,C6ResidualsPct,Clean
Halliburton Logging,Quartz Probe2 Pressure 3,bar,Quartz Probe 2 Pressure 3 Eps,Clean
Halliburton Logging,Quartz Probe2 Pressure 2,psi,Quartz Probe 2 Pressure 2 Eps,Clean
Halliburton Logging,BHCR36K17YZ,kS/m,Bore Hole Correction R36K 17In Y Trans/ Z Recv,Clean
Schlumberger,AHFRX,hom.m,Array Induction Four Foot Rxo,Unit-symbol typographical error
Baker Hughes Inteq,ABDC7X,µg/cm3,Azimuthal Bulk Density - Compensated - Sector 7 - Real-time,Unicode micro prefix in unit
Halliburton Logging,BDip60k80,rad,"Borehole Dip 60k 80""",Clean
Baker Hughes Inteq,SRA15X,ohm.m,Electrical Image - Sector 15 - Real-time,Clean
Baker Hughes Inteq,CRADW,m,Casing radius,Clean
Halliburton Logging,BDip60k17,rad,"Borehole Dip 60k 17""",Clean
Schlumbergr,DC_GAS_T2,m2/h,Computed Gas Diffusion Coefficient indexed by T2,Service-company spelling error
Pason,C1M,Euc,chr Methane C1,Clean
Baker Hughes Inteq,RADIUS13M,in,Acoustic Caliper - Radius - Sector 13 - Memory,Clean
Schlumberger,RES_BIT_RAW_OM,ohm.m,"Raw Bit Resistivity, Oil-based Mud",Clean
Schlumberger,DPAA_UB_ZDB,ard,3D Induction Best Zero-D Inversion Apparent Dip Azimuth Upper Bound,Unit-symbol typographical error
Schlumberger,DFBF4_FSI_SL,Hz,Filtered (Sliding Window) Bubble Count Rate Electrical Probe 4 - Station Log,Clean
Schlumberger,RH15_LB_1D,kohm.m,3D Induction 1D Inversion Horizontal Square Resistivity Lower Bound from 15 inch Array,Clean
Halliburton Logging,C1M1,uA,Survey Current #1 Magnitude - Pad 1,Clean
Baker Hughes Inteq,"  FLR16",mT,FLR_16,Mnemonic boundary whitespace
Baker Hughes Inteq,R14,in,Multi-arm_data - Feeler 14 radius,Clean
Halliburton Logging,CAP5,mA,Survey Current Average - Pad 5,Clean
Baker Hughes Inteq,kILL_PRESS,kPa,Kill Line Pressure,Mnemonic case error
Baker Hughes Inteq,SOLBS,mV,Solenoid bus DC voltage,Clean
Baker Hughes Inteq,DZR6AS,ohm.cm,Freq A pad 6 dynamic real resistivity of formation impedance,Clean
Halliburton Logging,fMP_Comp_Time,s,Pick Time,Mnemonic case error
Halliburton Logging,BHCR84K50ZZ,kS/m,Bore Hole Correction R84K 50In Z Trans/ Z Recv,Clean
Schlumbergr,GHBF1_FSI,kHz,Filtered (Sliding Window) Bubble Count Rate Optical Probe 1,Service-company spelling error
Baker Hughes Inteq,FLR21,mT,FLR_21,Clean
Schlumberger,DTP1_RT,ms/m,Peak 1 Delta-T for Receiver Array,Clean
BP,BP_PITVOL_RES5,L,Tank Volume - Reserve 5,Clean
Baker Hughes Inteq,PZCSS2,ppm,Corrected porosity for sandstone matrix (2nd tool),Clean
Halliburton Logging,LM_FHB,Vm,Post Firing Voltage,Unit-symbol typographical error
Baker Hughes Intq,FLR2,T,FLR_2,Service-company spelling error
Schlumberger,PBQR,degC,PBMS Calibrated CQG Reference Temperature,Clean
Schlumberger,"QL03	",L/min,Liquid Flowrate Channel 03,Mnemonic boundary whitespace
Schlumberger,IDBC,ohm.m,Deep Induction Borehole Corrected Resistivity,Clean
Schlumberger,QGKF_PUCS2_SL,MHz,CQG Clock Frequency,Clean
Halliburton Logging,QSPS1CORPRES⁠,bar,Quartz Gauge Straddle Packer 1 Pressure,Mnemonic boundary invisible character
Schlumberger,TT8_ML,s,Transit Time Monopole Lower Transmitter Firing #8,Clean
Pason,PC4G,%,tgs C4 Gas Percentage,Clean
Schlumberger,NER1_CAL,kHz,"Neutron Near Tube 1 Count Rate, Calibrated, Average",Clean
Schlumberger,WTT9,s,Waveform transit time transducer 9,Clean
Baker Hughes Inteq,RD06,ft,"Radius, tool axis to pad 6 face",Clean
Halliburton Logging,BHCR36K80YZ,mS/m,Bore Hole Correction R36K 80In Y Trans/ Z Recv,Clean
Schlumberger,PAXL2_DL,bar,MRPA 2 Maximum Interval Pressure,Clean
Schlumberger,DRHO_WDP,lbm/ft3,"Bulk Density Correction, via WDP",Clean
Baker Hughes Inteq,GMINT,T,Magnetic field intensity (strength magnitude),Clean
Baker Hughes Inteq,DIS68,T,DIS CHANNEL 68,Clean
Halliburton Logging,BHCR60K50ZY,mS/m,Bore Hole Correction R60K 50In Z Trans/ Y Recv,Clean
Schlumberger,SWCM,%,Water Saturation - Capture Mode,Clean
Schlumberger,sSTATIONTIM,s,Time at Start of Station,Mnemonic case error
Halliburton Logging,ST_ALT_XDP_Time_Peaks,s,Time Peaks,Clean
Baker Hughes Inteq,ILSM,Hz,Deviation of mean of inelastic long space count rate,Clean
Baker Hughes Inteq,FLR20,T,FLR_20,Clean
Schlumberger,SFV3,mV,Stationary Fluid Voltage 3,Clean
Schlumberger,UCHO_DH_ECO_RT,ft,"Utrasonic Caliper, Horizontal Diameter, Real-Time, Computed Downhole",Clean
Baker Hughes Inteq,M1CCX,mS/m,"HDIL 1-foot resolution compressed conductivity, 120-inch DOI",Clean
Schlumberger,P10P,cgr,Pad 10 Low Frequency Phase,Clean
Baker Hughes Inteq,SFCBF,us,"Surface pick 1st arrival time, far CBL spacing",Clean
Baker Hughes Inteq,AZGFGX,Gal,Filtered Z-axis accelerometer shifted to GXPL,Clean
Baker Hughes Inteq,P6OBI,kohm.m,Packed pad 6 block,Clean
Schlumberger,RES_BD3,kohm.m,"Resistivity Deep, Octant 3",Clean
Schlumberger,IQ03,uA,"Current, Azimuth 3, 90 degree",Clean
Schlumberger,RSFC,uA,Raw SFL Current,Clean
Halliburton Loggig,EP2P2TVD,m,EP2P2 TVD Depth Probe,Service-company spelling error
Halliburton Logging,INFR,m3/d,Inflation Pump Rate,Clean
Schlumberger,RA34H,nohm.mm²/m,Real-Time 34 inch spacing attenuation resistivity,Unicode power notation in unit
Schlumberger,ZAIT_RCNSTR_15,kS/m,3D Induction 1D Inversion Reconstructed Data for 15-inch array,Clean
BP,BP_MUD_MDO1_MPD,kg/m3,Density Out 1  (MPD),Clean
Baker Hughes Inteq,PDCDL,rad,Corrected porosity for dolomite matrix,Mnemonic-unit semantic mismatch
Schlumberger,SFTHP2,psi,MRSF 2 Inflate Pressure,Clean
Schlumberger,T2LM_DF1_SH8,us,Logarithmic Mean of Special Fluid 1 T2 Distribution (Diffusion Free) for Shell 8,Clean
Halliburton Logging,TrueDip72k80,dega,"True Formation Dip 72k 80""",Clean
Pason,P2_RATE_PVT,kHz,Pump 2 Rate PVT,Clean
Halliburton Logging,AMPS8,V,Az8 Pipe Amplitude,Clean
Halliburton Logging,TLFC,rad,Tool Face,Clean
Baker Hughes Inteq,SFAF4,s,"Surface pick 1st arrival time, T1R4",Clean
Schlumberger,RSFV,uV,Raw SFL Voltage,Clean
BP,BP_ANN_VEL,ft/min,Annular Velocity - Downhole Measured,Clean
Schlumberger,ASTCE,degC,Array Induction Cartridge Electronics Temperature,Clean
Schlumberger,UCHO_DH,ft,"Ultrasonic Caliper, Horizontal Diameter, Downhole",Clean
Halliburton Logging,HBCR12K29XY,S/m,Bore Hole Correction R12K 29In X Trans/ Y Recv,Mnemonic typographical error
Baker Hughes Inteq,TS42F1,us,Time since reaching max temperature for inside flask sensor,Clean
Baker Hughes Inteq,EMSL,uV,Voltage,Clean
Baker Hughes Inteq,MBVIA3,ppm,Third T2 bulk volume irreducible,Clean
Baker Hughes Inteq,RM,kohm.m,Mud resistivity,Clean
Schlumberger,ECD_LWR,lbm/ft3,"Equivalent Circulating Density, Lower",Clean
Schlumberger,SOLV_PVS1_SL⁠,mV,PVS1 Solenoid Voltage,Mnemonic boundary invisible character
BP,"BP_RPM_TURBINE	",rad/s,RPM - Turbine,Mnemonic boundary whitespace
Schlumberger,T2_BFV_CUTOFF_ANT2_RT,ms,"Antenna 2 Motion Induced T2 Bound Fluid Volume Cutoff, Real-Time",Clean
Schlumberger,RLCA,m,Raw Caliper,Clean
Schlumberger,RCA1,ft,Raw Caliper 1,Clean
Halliburton Logging,VM61,uV,Differental Voltage Measurement 6 Magnitude - Pad 1,Clean
Schlumberger,COND_DTR1_F1_SIG,S/m,Uncertainty on Frequency 1 Differential Transverse Spacing 1 Conductivity,Clean
Schlumberger,SS1SMRSP,bar,MRSS 1 MRSM SG Raw Pressure,Clean
Baker Hughes Inteq,SDDTN,h/km,Standard deviation of 6-inch slowness for near transmitter,Clean
Baker Hughes Inteq,TTLC,MHz,Total carbon count rate (short detector),Clean
Pason,STROKES_4,Hz,Pump 4 strokes/min,Clean
Baker Hughes Inteq,TS80FO,us,Time since reaching max temperature for outside flask sensor,Clean
Schlumberger,H1B1,kHz,APS High Resolution Array-1 Detector Neutron Burst-Off Background Window 1 Count Rate,Clean
Baker Hughes Inteq,"  MSEC6",mS/m,"HDIL skin effect corrected curve, subarray 6",Mnemonic boundary whitespace
Baker Hughes Inteq,B32M,rad,"Phase, 32 Hz, medium spacing offset 360 degrees",Clean
Baker Hughes Inteq,PKSXT,ms/m,"Peaks from compressed semblance surface XX, transmitter",Clean
Halliburton Logging,TML4,ms,Low Reso. Travel velocity based on m/l rcvrs from lower xmtr.,Clean
Halliburton Logging,FLWT,Mg/in,FL Weight,Clean
Schlumberger,ECCE_AZIMUTH,cgr,Azimuth of line from center of hole to center of tool,Clean
Schlumberger,SFTRQ,kPa,MRSF Raw Quartz Gauge Pressure,Clean
Halliburton Logging,NDDV,bbl,Next Suggested Drawdown Volume,Clean
Schlumberger,SOITEMP_PA2DL,degC,MRPA 2 SOI Temperature,Clean
Schlumberger,40KE,Hz,40 keV Output,Clean
BP,BP_MUD_MDO_AVG,lbm/ft3,Density Out - Mud,Clean
Schlumberger,GNT,kHz,GNT Neutron API Counts,Clean
Schlumberger,T2_BFV_CUTOFF_ANT2,ms,Antenna 2 Motion Induced T2 Bound Fluid Volume Cutoff,Clean
Schlumberger,APW1,cgr,Pad Azimuth With Resistivity 1,Mnemonic typographical error
Baker Hughes Inteq,ACCLX,mgn,MPC accelerometer X,Clean
Schlumberger,PS_DLG2_F3_HR_SIG,rad,Uncertainty of High Resolution Frequency 3Longitudinal Spacing 2 Phase Shift,Clean
Schlumberger,H_SH1,in,Shallow Zone Inner Ramp Invasion Thickness,Clean
Schlumberger,SOIRPRES_PQ1,N/mm²,MRPQ 1 SOI Raw Pressure,Unicode power notation in unit
Halliburton Logging,BCA1,F,Capacitance 1 Base Line,Clean
Schlumberger,RV27_LL_L_1DF,kohm.m,3D Induction 1D Inversion Vertical Filtered Resistivity Low Likelihood Lower Bound from 27 inch Array,Clean
Schlumberger,PQPRCORR2,m3/h,Correction Applied to the MRPQ 2 Quartz Gauge Sensor Pressure,Mnemonic-unit semantic mismatch
Baker Hughes Inteq,C2DE,s,Dielectric conductivity,Clean
Baker Hughes Inteq,AMD1F5,V,Raw data amplitude T1 frequency 5 (in dB/V),Clean
Schlumberger,RES_BD_UNC,kohm.m,"Resistivity Deep, Uncorrected",Clean
Baker Hughes Inteq,FIRINT,us,Beam pulse firing interval,Clean
Baker Hughes Inteq,CSG,m,Casing size,Clean
Baker Hughes Inteq,"CALUF	",ft,Upper lock arm caliper,Mnemonic boundary whitespace
Schlumberger,ROBU,g/cm3,"Bulk Density, Up",Clean
Halliburton Logging,ePSP1CP,psi,EPS P1 Quartz Gauge Correction Pressure,Mnemonic case error
Schlumberger,A10H_RT,kohm.m,"ARC Attenuation Resistivity 10 inch Spacing at 2 MHz, Environmentally Corrected, Real-Time",Clean
Baker Hughes Inteq,CPT2,MHz,Long space PHA capture spectrum,Clean
Schlumberger,US_DIAM_UNCAL,in,Shifting Diameter Uncalibrated,Clean
Schlumberger,RB_OBMT,cgr,Memorized Relative Bearing,Clean
Baker Hughes Inteq,WCMAT,ppm,Normalized weight fraction of organic carbon in dry rock,Clean
Halliburton Logging,ALT_PL_Freq,kHz,Pick Frequency 2,Clean
Baker Hughes Inteq,fLR45,mT,FLR_45,Mnemonic case error
Baker Hughes Inteq,"  LSPOR",%,Long space porosity,Mnemonic boundary whitespace
Schlumberger,AZEC_RF,uV,Azimuth of Eccentering for Unflagged Waves,Mnemonic-unit semantic mismatch
Schlumberger,tT_MUM_M,ms,First Motion Detection Transit Time for Monopole Upper Transmitter Mid Frequency Firing Monopole Component,Mnemonic case error
Baker Hughes Inteq,C02M,m,Sectional caliper 2,Clean
Baker Hughes Intq,SRA53X,ohm.m,Electrical Image - Sector 53 - Real-time,Service-company spelling error
Schlumberger,P6P,Mina,Pad 6 Low Frequency Phase,Unit-symbol case error
Schlumberger,RVW4,uV,W Potential Difference in Step 4,Clean
Schlumberger,SPI2_SL,rad/s,Spinner 2 Rotational Velocity - Station Log,Clean
BP,BP_GAS_C5_NORM_DEP,%,Dep - Nor-Pentane (NC5),Clean
Baker Hughes Inteq,SFT2,Hz,Long space spectrum count rate 100-140 keV,Clean
Pason,AD_WOB,lbf,AutoDriller WOB,Clean
BP,BP_H2S,Euc,H2S,Clean
Schlumberger,SUBSEA_BOP_TO_SURFACE_ANNULUS_TIME,µs,Time to circulate from subsea BOP to surface through the annulus,Unicode micro prefix in unit
Halliburton Logging,ST_YDP_FHB,V,Post Firing Voltage,Clean
Baker Hughes Inteq,QL2P,μbar,Tic mark for drawdown pressure every psi,Unicode micro prefix in unit
Halliburton Logging,LM_Transmitter_Vpp,uV,Transmitter Vpp,Clean
Baker Hughes Inteq,MNR1,μm,Minimum radius 1,Unicode micro prefix in unit
Schlumberger,TTFS,Ka[t],Transit Time (Far Spacing),Unit-symbol case error
Baker Hughes Inteq,PORHLE,%,"Porosity from highest frequency, long xmtrs, real time",Clean
Baker Hughes Inteq,"D02	",ft,Diameter from DMAG tool,Mnemonic boundary whitespace
Schlumberger,TH16,in,Thickness 16,Clean
Baker Hughes Inteq,COMP,1/bar,Compressibility,Clean
Schlumberger,FBEF_10,A,"Far Effective Beam Current, pass 10",Clean
Schlumberger,CR19,µm,Corrected Radius 19,Unicode micro prefix in unit
Schlumberger,SRVP_12_5_YD_T,h/km,Shear Radial Variation Profile at 12.5 Inch Radial Depth from Borehole Surface for YD Waveform Transmitter Array,Clean
Baker Hughes Inteq,FL26⁠,T,FL CHANNEL 26,Mnemonic boundary invisible character
Schlumberger,SXGAS_LHR,ppm,Gas Saturation in Flushed Zone for Lower High-Resolution Antenna,Clean
Schlumberger,SFTHP2_DL​,psi,MRSF 2 Inflate Pressure (Depth Logging),Mnemonic boundary invisible character
Baker Hughes Inteq,TCVO,bbl,Tubular casing cumulative volume,Clean
Baker Hughes Inteq,PODX,m,Pipe outer diameter,Clean
Schlumberger,PENT_SL,bar,Entry Pressure from Capillary Pressure Computation - Station Log,Clean
Halliburton Logging,pHFL,psi,Hydraulic Pressure,Mnemonic case error
Pason,STROKES_1,MHz,Pump 1 strokes/min,Clean
Halliburton Logging,DPSCALPR,m3/h,DPS Calculated Pump Rate,Clean
Schlumberger,T1T_FAST,s,"STC Peak Time, Transmitter Array - FAST",Clean
Schlumberger,RN12_SL,Hz,Near Count Rate From Gate 12,Clean
Schlumberger,ADICO27,mS/m,AIT Dip Invariant 27 inch Conductivity,Clean
Schlumberger,DDA,rad,Differential DIP Azimuth,Clean
Baker Hughes Inteq,oBD3,mV,"Pad 3 average data of buttons 3, 4, 5, 6",Mnemonic case error
Halliburton Logging,VM53,μV,Differental Voltage Measurement 5 Magnitude - Pad 3,Unicode micro prefix in unit
Schlumberger,REPT,kohm.m,Resistivity from The EPT Tool,Clean
Baker Hughes Inteq,CXY2,in,Caliper from C13 and C24 of 2nd 8240 4-arm caliper,Clean
Baker Hughes Inteq,RMZGOD,T,Raw Z-axis magnetometer,Clean
Halliburton Logging,CTHI,ppm,Contamination Based On Hydrogen Index,Clean
Baker Hughes Inteq,RBEI,cgr,Relative bearing (Relative to borehole high side) for EART,Clean
Halliburton Logging,Borehole Dip,cgr,Borehole Dip Average,Clean
Halliburton Logging,IONI,A,Ion Source Current,Clean
Schlumberger,COND_DLG1_F1,S/m,Frequency 1 Differential Longitudinal Spacing 1 Conductivity,Clean
Schlumberger,DROR_RT,kg/m3,"Bulk Density Rotational Correction, Real-Time",Clean
Baker Hughes Inteq,SDDTF,ms/m,Standard deviation of 6-inch slowness for far transmitter,Clean
Schlumberger,AH8R,mS/m,AIT-H Real Array #8 Conductivity,Clean
Schlumberger,FCND_RAW_AHF,bbl,Fracture Conductivity from Apparent Horizontal Fracture Model without Correction,Clean
Schlumberger,WSS,hz,Short Spacing Windows,Unit-symbol case error
Baker Hughes Inteq,AGNYYA,dB,Combined acoustic averaged receiver gain,Clean
Schlumberger,SRIVO_DL,bbl,MRSR Interval Volume,Clean
Schlumberger,SNLA,Hz,"Neutron Short Spacing Late Count Rate, Average",Clean
Baker Hughes Inteq,FLR96,uT,FLR_96,Clean
Baker Hughes Inteq,SPRMA2,D[API],Second T2 permeability from SBVI calculation,Clean
Schlumberger,T2L5_SH1,us,T2 Logarithmic Mean of Bin 5 for Shell 1,Clean
Baker Hughes Inteq,PZCDL2,ppm,Corrected porosity for dolomite matrix (2nd tool),Clean
Baker Hughes Inteq,SRA102M,ohm.m,Electrical Image - Sector 102 - Memory,Clean
Schlumberger,RSP2_SL,rev/s,Raw Spinner 2 Rotational Velocity - Station Log,Clean
Schlumberger,NAZ3,MHz,"Calibrated Neutron Near Tube 3 Count Rates, 8-Sector Waveformm",Clean
Pason,TGS_IC4,Euc,Pason iC4,Clean
Schlumberger,PDD3_DL,kN/m²,MRPS 3 Pretest Drawdown Pressure Limit,Unicode power notation in unit
Pason,PVAC,μpsi,tgs Pump Vacuum,Unicode micro prefix in unit
Schlumberger,PKTI_90X,s,Peak Time for Slowness-Time Coherence for Dipole 90 Degree Transmitter Custom Frequency Firing 90 Degree Component,Clean
Baker Hughes Inteq,BVLD,m3,Borehole volume,Clean
Schlumberger,BRF1,Hz,MRPS 1 Flowline Resistivity Frequency,Clean
Schlumberger,ZAI_PADB_NORTH,cgr,Pad B Azimuth Relative to True North,Mnemonic typographical error
Schlumberger,KV_AVG,D,Layer Average Vertical Permeability,Clean
Baker Hughes Inteq,ECLPC,bar,Sentinel Pressure emergency close reservoir,Clean
Halliburton Logging,AZIDIP84k50,rad,"Borehole Dip Azimuth 84k 50""",Clean
Schlumberger,"  SRQDT_DL",K,MRSR Quartzdyne Gauge Sensor Pressure (Depth Logging),Mnemonic boundary whitespace
Schlumberger,VRAM_RX1_F2_D,cm,"Voltage Return Amplitude RX1, Frequency 2, Pad D",Mnemonic-unit semantic mismatch
Halliburton Logging,C45CAL1,%,C45Calc1,Clean
Schlumberger,hMC3_DL,mA,MRHY 3 Motor Current,Mnemonic case error
BP,BP_RHOBA_DEP_13,kg/m3,Dep - Bulk Density - Azimuthal - Sector13,Clean
Schlumberger,RFAR2U,Hz,Raw Neutron Far Tube 2 Up Count Rate,Clean
Schlumberger,RH_HL_LB_ZD1,ohm.cm,3D Induction Group 1 Zero-D Inversion Horizontal Resistivity High Likelihood Lower Bound,Clean
Halliburton Logging,PRDR,m3/d,Production Pump Rate,Clean
Schlumberger,RHOMS_SLDT_HR,kg/m3,SLDT/QLDT High Resolution Middle Spacing Density,Clean
BP,BP_RHOBC_DEP,kg/m3,Dep - Bulk Density - Correction,Clean
BP,BP_BLOCK_SPEED_DN,m/s,Block Speed - Down,Clean
Schlumberger,BSIM,ohm.m,Shallow Button Resistivity Image,Clean
Schlumberger,P14TMP,degF,Fluid Temperature [14],Clean
Halliburton Logging,BHCR36K80ZX,kS/m,Bore Hole Correction R36K 80In Z Trans/ X Recv,Clean
Schlumberger,DTCO_MUM,s/m,Compressional Slowness from Monopole Upper Transmitter Mid Frequency Firing Monopole Component,Clean
Baker Hughes Inteq,SPNRS,kHz,Standard deviation of spinner,Clean
Baker Hughes Inteq,FL64,T,FL CHANNEL 64,Clean
BP,BP_ECD_PWD,lbm/ft3,ECD - PWD,Clean
Baker Hughes Inteq,QAW,mgn,Magnitude of accelerometer vector for WGI,Clean
Schlumberger,ASRE,uV,A - Surface Ref Potential Difference,Clean
Baker Atlas,trmtt03,ms,monopole multiplex first arrival time,Clean
Baker Hughes Inteq,DDRate_2,L/min,Draw Down Rate 2 - Memory,Clean
Baker Hughes Inteq,SFT2S,Hz,Short space detector spectrum count rate 100-140 keV,Clean
Baker Hughes Inteq,ESEC,ms,Remainder of seconds curve since RECORD mode started,Clean
Halliburton Logging,EP3P1HorizMob,mD/cP,EP3P1 Horizontal Mobility,Clean
Schlumberger,SRIV_DL,L,MRSR Inflation Volume,Clean
Pason,MUD_CARBONATE_ION_CONC,ppm,Carbonate ion concentr.,Clean
Baker Hughes Inteq,R36,in,Multi-arm_data - Feeler 36 radius,Clean
Halliburton Logging,SO5,m,Stand Off Arm 5,Clean
Halliburton Logging,RRPS,rev/s,Recommended RPS for the data allocation,Clean
Schlumberger,TTCO_MLM,us,Compressional Peak Time from Monopole Lower Transmitter Mid Frequency Firing Monopole Component,Clean
Baker Hughes Inteq,MTPHSCX,%,Total Porosity - Downhole Processed - Real-time,Clean
Schlumberger,P12P,dega,Pad 12 Low Frequency Phase,Clean
Schlumberger,RFAC,Pa/m,Fracture Pressure Gradient,Mnemonic typographical error
Schlumberger,RODURHO_IFA1,kg/m3,IFA 1 DV-Rod Unsmoothed Fluid Density,Clean
Schlumberger,RB_PMIT,ard,Relative Bearing,Unit-symbol typographical error
Schlumberger,TIMS,us,Time of Shot or Stack,Clean
Pason,PROPANE_C3,ppm,chr Propane C3,Clean
Schlumberger,"  QGPF_PUCS2_SL",kHz,CQG Pressure Frequency,Mnemonic boundary whitespace
Halliburton Logging,EP2P2empStab,deltaC/h,EP2P2 Temperature Probe Stability,Clean
Schlumberger,"  BATT_SDIS_AVE",dB/ft,Borehole Compensated Attenuation Short Distance Average,Mnemonic boundary whitespace
Schlumberger,SHRINKAGE_TEMP,K,Temperature at which the shrinkage is measured,Clean
Halliburton Logging,TMBC,K,HPD Outside Case Bottom Temperature Corrected,Clean
Halliburton Logging,QIR2,ohm.cm,Reconstructed invaded solution apparent resistivities of mode2,Clean
Schlumberger,pARH2,bar,MRPA 2 Raw Inflate Pressure,Mnemonic case error
Baker Hughes Inteq,pO12A3,ppm,Third T2 accumulated partial porosity sum,Mnemonic case error
Baker Hughes Inteq,DZDNC2,lbm/ft3,Delta borehole size/mud weight corrected density (2nd tool),Clean
Halliburton Logging,DIV,Vm,Instrument Voltage,Unit-symbol typographical error
Baker Hughes Inteq,ACLLF,in,Lower lock arm caliper,Mnemonic typographical error
Baker Hughes Inteq,RBDP,rad,Relative bearing (Relative to borehole high side) for HDIP,Clean
Schlumberger,VELP_WET⁠,m/s,Compressional Velocity for Fluid Saturated Rock,Mnemonic boundary invisible character
Baker Hughes Inteq,ARADS1,m,Reflectance traveltime radius,Clean
Baker Hughes Inteq,ACCTemp,degF,94 ACC_Temp,Clean
Schlumberger,POUDET2_DL,us,MRPOUD 2 Elapsed Pumping Time,Clean
Schlumberger,PTMX,in,Pad ThicknessMaximum,Clean
Halliburton Logging,PSII,InHg[60degF],Shut In Pressure Initial,Unit-symbol case error
BP,"  BP_GAS_ADV_C3_IN_DEP",%,Dep - Propane (C3) IN - Advanced service,Mnemonic boundary whitespace
Schlumberger,SHEAR_STRN,psi,Shear Strength,Clean
Schlumberger,RLNER,Hz,"Raw Neutron Long Spacing Early Count Rate, Right",Clean
Halliburton Logging,EP2P2Depth,ft,EP2P2 Depth Probe,Clean
Baker Hughes Inteq,CAC3,Hz,Calcium in capture spectrum (extra long detector),Clean
Halliburton Logging,AMPS1,V,Az1 Pipe Amplitude,Clean
Baker Hughes Inteq,MITDEV,dega,Deviation from MIT tool,Clean
Schlumberger,H_STOF_SIG,Ft[Ind75],Uncertainty on Standoff Thickness in Oil Based Mud,Unit-symbol case error
Schlumberger,LL8T,ohm.cm,Value of LL8 Which Would Have Been Read if Results Were Good,Clean
Halliburton Logging,84kRH80,kohm.m,84k Rh 80 inch for the MCIV1D,Clean
Halliburton Logging,SDOU,m,StandOff Used,Clean
Baker Hughes Inteq,TYYST03,s,Four-comp. dipole XX multiplexed waveform start time,Clean
Schlumberger,HV,V,Head Voltage,Clean
Baker Hughes Inteq,RPCV,ohm.m,Resistivity Phase Difference Borehole Inversion Corrected,Clean
Baker Hughes Inteq,VB,mV,Battery voltage,Mnemonic typographical error
Schlumberger,VRPH_RX1_F1_E,dega,"Voltage Return Phase RX1, Frequency 1, Pad E",Clean
Baker Hughes Inteq,DIFE23,%,Differential porosity from T2 echo trains 2 and 3,Clean
Schlumberger,CST60,mS/m,"AIT-S Two Foot Vertical Response, 60 Inch Radial Midpoint Conductivity",Clean
Schlumberger,DT_MU,ms/m,1.5 Feet Span Slowness from Monople Upper Transmitter,Clean
Baker Hughes Inteq,SPAGW,edga,Final spline angles,Unit-symbol typographical error
Baker Hughes Inteq,SRA44X,ohm.m,Electrical Image - Sector 44 - Real-time,Clean
Baker Hughes Inteq,M4CC3,mS/m,"HDIL 4-foot resolution compressed conductivity, 30-inch DOI",Clean
Schlumberger,4P11,dega,Phase R4 from T1 at 100 KHz,Mnemonic typographical error
Baker Hughes Inteq,OBD1,V,"Pad 1 average data of buttons 3, 4, 5, 6",Clean
Baker Hughes Inteq,BHDGT,ft,Borehole diameter from GTI measurement,Clean
Schlumberger,HMC3,uA,MRHY 3 Motor Current,Clean
Schlumberger,HRF1,MHz,HiRes Far Count Rate From Gate 01,Clean
Halliburton Logging,TPCO,degF,HPD Temperature Pressure Corrected,Clean
Schlumbergr,ABS,ft2,Area of Bit,Service-company spelling error
Schlumberger,FAR1L_CAL,µHz,Calibrated Neutron Far Tube 1 Left Count Rate,Unicode micro prefix in unit
Baker Hughes Inteq,PEXRC,psi,Sentinel Pump extend pressure,Clean
Halliburton Logging,BHCR12K80ZY,mS/m,Bore Hole Correction R12K 80In Z Trans/ Y Recv,Clean
Schlumberger,COND_BIT_OBM,mS/m,Bit Conductivity - Oil Based Mud,Clean
Baker Hughes Inteq,V6BC⁠,ft/min,"Velocity from 500 Hz, row 6 sensors b and c",Mnemonic boundary invisible character
Schlumberger,sPHS_A1P2_DH,dega,"Antenna 1 Signal Phase with Processing Parameter Set 2 (FECHO_2, NECH_USED_2 and REG_PARF_2), Downhole",Mnemonic case error
Baker Hughes Inteq,FLR76,T,FLR_76,Clean
BP,BP_GAS_ADV_C4_ISO_IN_DEP,ppm,Dep - Iso-Butane (iC4) IN - Advanced service,Clean
Baker Hughes Inteq,TFDEN,kg/m3,Tuning fork computed density,Clean
Baker Hughes Inteq,APH3B,dega,Pad 3 frequency B average phase over pad buttons,Clean
Schlumberger,SPFV1_FSI,m/h,Fluid Velocity at Spinner 1,Clean
Schlumberger,THNO,m,Nominal Casing Thickness,Clean
Baker Hughes Inteq,BHTA1,V,Reflectance peak volts,Clean
Baker Hughes Inteq,SPNM,cgr,Spinner map,Clean
Schlumberger,aDICO15,S/m,AIT Dip Invariant 15 inch Conductivity,Mnemonic case error
Schlumberger,EOU_VERT_ROT,ard,"The angle, measured in a vertical plane tangent to the wellbore path at the associated survey point, between the EOU major axis, and the direction of the wellbore path",Unit-symbol typographical error
Schlumberger,RR01,kohm.m,"Resistivity, Azimuth 1",Clean
Baker Atlas,TE4,1/2 Ms,time between echos in fourth data packet,Unit-symbol case error
Halliburton Logging,BHCR72K10ZZ,S/m,Bore Hole Correction R72K 10In Z Trans/ Z Recv,Clean
Baker Hughes Inteq,PKSMFR,h/km,Peaks from mono compressional correlogram (4 wave) far rcvr,Clean
Schlumberger,FREQ_OP_ANT1,kHz,Antenna 1 Operating Frequency,Clean
Schlumberger,HMFC,ohm.m,Corrected HMFL,Clean
Schlumberger,HSFND,μm2,HiRes Sigma Formation - Near Detector,Unicode micro prefix in unit
Halliburton Logging,VertRes12k29,ohm.m,"Vertical Resistivity 12k 29""",Clean
Baker Hughes Inteq,PSLIR,dega,"Phase shift, inner rcvrs, long xmtrs, all freq",Clean
Baker Hughes Inteq,PREWC2,psi,Tank 2 accumulator pressure,Clean
Baker Hughes Inteq,ECLP,bar,Pressure emergency close reservoir,Clean
Schlumberger,ISO_2_MIST,MHz,Formation Isotope 2,Clean
Halliburton Logging,VM46,mV,Differental Voltage Measurement 4 Magnitude - Pad 6,Clean
Schlumberger,SFTSG2,psi,MRSF 2 Strain Gauge Pressure,Clean
Schlumberger,BUPR,bar,Buffer Tank Pressure,Clean
Pason,WOBTG,N,Weight on Bit Target,Clean
Halliburton Logging,YX_ALT_Time_Peaks,us,Time Peaks,Clean
Halliburton Logging,MIN_RHO,kg/m3,Minimum Rho,Clean
Baker Hughes Inteq,CV2PC,uV,"Module calibration voltage 2 prime for R/C, 1986MA",Clean
Baker Hughes Inteq,OVDR,rad,OvalisationDirection,Clean
Schlumberger,RD2_PPC3,m,PPC3 Radius 2 Calibrated,Clean
Schlumberger,FSR2,μs,SLEW RATE,Unicode micro prefix in unit
Halliburton Logging,YY_Hole_Size,in,Measured Hole Diameter,Clean
Halliburton Logging,LSPDUPPER,m/h,Line Speed Upper Pads,Clean
Baker Hughes Inteq,SDDT,ms/m,Standard deviation of 6-inch slowness,Clean
Halliburton Logging,VertRes72k50,ohm.m,"Vertical Resistivity 72k 50""",Clean
Schlumberger,AEMD_AT,dB/ft,Modeled elastic Stoneley attenuation from Attenuation,Clean
Schlumberger,TH4,μm,Thickness 4,Unicode micro prefix in unit
Halliburton Logging,FP13,dega,DIFF PHASE 8 17 CM,Clean
Baker Hughes Inteq,FLC50,T,FLC_50,Clean
Schlumberger,RSCN_09,Hz,"Near Effective Capture Count Rate, pass 09",Clean
Baker Hughes Inteq,W1CF,Hz,Tool flask temperature,Mnemonic-unit semantic mismatch
BP,BP_PITVOL_HOLD3,ft³,Tank Volume - Holding 3,Unicode power notation in unit
Baker Hughes Inteq,PZCSS,Euc,Corrected porosity for sandstone matrix,Clean
Schlumberger,P1NO_MAST,dega,"Pad 1 Azimuth in Plane Orthogonal to Tool Axis (0 = True North), memorized to MAST",Clean
Halliburton Logging,SQ1T,degF,SPS1 Quartz Gauge Temperature,Mnemonic typographical error
Baker Hughes Inteq,ZI5BU,mA,Freq 2 pad 5 capacitive part of complex formation impedance,Mnemonic-unit semantic mismatch
Schlumberger,"FSH_AZIM_L11	",dega,Fast Shear Azimuth for Level 11,Mnemonic boundary whitespace
Baker Hughes Inteq,LSCSPK2,kHz,"Cesium reference peak position, long space",Clean
Schlumberger,DI0,mA,"Deep Current, 35 Hz, 0 degree",Clean
Schlumberger,CPSF1_DL,Hz,MDCP 1 Strain Gauge Frequency,Clean
Halliburton Logging,BHCR36K17XY,kS/m,Bore Hole Correction R36K 17In X Trans/ Y Recv,Clean
Schlumberger,P22L_UNC_DH_ECO_RT,ohm.cm,"ARC Uncorrected Phase Shift Resistivity 22 inch at 400 KHz, Real-Time, Computed Downhole",Clean
Schlumberger,T2LM_OIL_MRF,imn,Logarithmic Mean of Oil T2 Distribution from Fluid Typing Analysis,Unit-symbol typographical error
Baker Hughes Inteq,RESV,hom.m,"WS inversion resistivity, vertical",Unit-symbol typographical error
Schlumberger,rHLL,Hz,Raw High-Resolution Long Lower Counts,Mnemonic case error
Schlumberger,ILQB,A,"Lower electrode Injected Current Quadrature, Pad B",Clean
Baker Hughes Inteq,FLR32,mT,FLR_32,Clean
Schlumberger,RV_LL_LB_ZD2,ohm.m,3D Induction Group 2 Zero-D Inversion Vertical Resistivity Low Likelihood Lower Bound,Clean
Baker Hughes Inteq,CV2,mV,"Module voltage 2 for R/C, 1986MA",Clean
Halliburton Logging,DFSA⁠,Euc,Density Derived Fluid Salinity,Mnemonic boundary invisible character
Baker Hughes Inteq,DRPDA50X,kohm.m,Resistivity - Phase Difference - Apparent - 50 kHz - Real-time,Clean
Baker Hughes Inteq,DIS31,mT,DIS CHANNEL 31,Clean
Schlumberger,AFD1,m,Array Induction Four Foot Inner Diameter of Invasion,Clean
Baker Atlas,RES,kohm.m,fluid sample resistivity,Clean
BP,BP_PITVOL_RES3,L,Tank Volume - Reserve 3,Clean
Schlumberger,TPLT,s/m,Theoretical TPL Value,Clean
Baker Hughes Inteq,RPCVSL,kohm.m,Resistivity Phase Diff Compensated Borehole and Inversion Corrected Short 400kHz,Clean
Halliburton Logging,RT20,ohm.m,20 in Radial Resistivity 2ft,Clean
Halliburton Logging,ST_Hole_Size,in,Measured Hole Diameter,Clean
Baker Hughes Inteq,FLC10,T,FLC_10,Clean
Schlumberger,RD3_PPC1,in,PPC1 Radius 3 Calibrated.,Clean
Halliburton Logging,DIIN,in,Radial Depth of Inner Invasion,Clean
Baker Hughes Inteq,TAU11,s,Channel A/D sampling period,Clean
Schlumberger,SPHASE_SH8,rad,Signal Phase for Shell 8,Clean
Schlumberger,DPAP27_UB_1DF,rad,3D Induction 1D Inversion Filtered Apparent Dip Magnitude Upper Bound from 27 inch Array,Clean
Baker Hughes Inteq,AMNTH,m,Azimuthal miniumum thickness,Clean
Baker Hughes Inteq,SRA071M,ohm.cm,Electrical Image - Sector 71 - Memory,Clean
Halliburton Logging,T1LM_BP,s,T1 Log Mean Bypassed,Clean
Baker Hughes Inteq,FLTM,K,Internal tool temperature,Clean
Schlumberger,HYDBTEMP,degF,Sapphire Gauge Board Temperature for Hydrostatic,Clean
Baker Hughes Inteq,FL69,mT,FL CHANNEL 69,Clean
Schlumberger,"RV21_LL_U_1DF	",ohm.m,3D Induction 1D Inversion Vertical Filtered Resistivity Low Likelihood Upper Bound from 21 inch Array,Mnemonic boundary whitespace
Halliburton Logging,UM_Delta-T,ms,UM Sonic Delta-T,Clean
Baker Hughes Inteq,SRA028M,kohm.m,Electrical Image - Sector 28 - Memory,Clean
Schlumberger,COND_DTR2_F1_VDC,Sm/m,Vertical Deconvolved Frequency 1 Differential Transverse Spacing 2 Conductivity,Unit-symbol typographical error
Schlumberger,SPI1_SL,degC,Spinner 1 Rotational Velocity - Station Log,Mnemonic-unit semantic mismatch
Baker Hughes Inteq,AQCB,Gal,Magnitude of accelerometer vector for CBIL,Mnemonic typographical error
Baker Hughes Inteq,"  DIS36",uT,DIS CHANNEL 36,Mnemonic boundary whitespace
Schlumberger,COND_DTR2_F1_SIG,mS/m,Uncertainty on Frequency 1 Differential Transverse Spacing 2 Conductivity,Clean
Schlumberger,AAT,K,Average Accelerometer Temperature,Clean
Halliburton Logging,EPS2P2TEMP,K,EPS2 P2 Quartz Gauge Temperature,Clean
Baker Hughes Inteq,Initial Draw Down Pr. 2,kPa,Initial Draw Down Pr. 2 - Real-time,Clean
Schlumberger,HCAL,in,HRCC Caliper Calibrated,Clean
Schlumberger,"VA23	",V,Circumferential Potential Difference A2-A3,Mnemonic boundary whitespace
Schlumberger,SFTIV2_DL,L,MRSF 2 Inflation Volume (Depth Logging),Clean
Halliburton Logging,TTTR,us,MSG Travel Time Tracker,Clean
Baker Hughes Inteq,DT12N,h/km,Slowness over 12-inches from near transmitter,Clean
Baker Hughes Inteq,T15FB,us,Time remaining until max temperature for inside flask sensor,Clean
Baker Hughes Inteq,ID19,m,Dia. 19,Clean
BP,BP_PRESS_SPP1_MPD,psi,Pressure - Standpipe 1  (MPD),Clean
Baker Hughes Inteq,ASPEP,psi,"Packer element pressure, normalized",Clean
Baker Hughes Inteq,MCSC,kHz,MCS spectrum capture count rate spectrum,Clean
Schlumberger,RCTEMP_IFAX1,K,IFAX 1 Resistivity Cell Temperature,Clean
Schlumberger,DT_PLUS_ERR_HD,0.001 H/ft,Slowness Plus Error of RMS Slowness due to Hole Diameter,Unit-symbol case error
Baker Hughes Inteq,RMYGPK,mT,Raw Y-axis magnetometer shifted to WGI,Clean
Baker Hughes Inteq,SRA5X,kohm.m,Electrical Image - Sector 5 - Real-time,Clean
Schlumberger,PQDT2,degC,MRPQ 2 Quartzdyne Temperature,Clean
Schlumberger,ROBU_WDP,g/cm3,"Bulk Density, Up, via WDP",Clean
Halliburton Logging,FMP_PL_Freq,Hz,Pick Frequency 2,Clean
Baker Hughes Inteq,rMZGPK,T,Raw Z-axis magnetometer shifted to WGI,Mnemonic case error
Schlumberger,RB_OBMT_2,cgr,Memorized Relative Bearing,Clean
Schlumberger,S2F_TL,rad/s,Spinner 2 Filtered,Clean
Schlumberger,GHB5,HMz,Bubble Count Rate Optical Probe 5,Unit-symbol typographical error
Baker Hughes Inteq,PEXB,kPa,Piston extend pressure,Clean
Halliburton Logging,EPS2QPresStabP1,MPa/h,EPS2 Quartz Pressure Stability Probe 1,Clean
Schlumberger,SXO_DTR2_XP,Euc,Transverse Differential Spacing 2 SXO Express,Clean
Schlumberger,DC_WAT_T2_SH8,m2/d,Computed Water Diffusion Coefficient indexed by T2 for Shell 8,Clean
Schlumberger,TTCO_MFX,ms,Compressional Peak Time from Monopole Far Transmitter Custom Frequency Firing Monopole Component,Clean
Schlumberger,rB_FBST,cgr,Memorized Relative Bearing,Mnemonic case error
Schlumberger,RF21,kHz,Raw Far Bank 2 Tube 1 Count Rate,Clean
Pason,MUD_600RPM_DEF,cgr,600 RPM deflection,Clean
Baker Hughes Inteq,DIS64,mT,DIS CHANNEL 64,Clean
Baker Hughes Inteq,SIGSSE,S/m,"Synthetic conductivity, short xmtrs, real time",Clean
Baker Hughes Inteq,TYXST01K,ms,XY-axis multiplexed waveform start times,Clean
BP,BP_ESD_PWD,g/cm3,ESD - PWD,Clean
Halliburton Logging,YY_ALT_FHB,mV,Post Firing Voltage,Clean
Schlumberger,REF_DPAZ,cgr,Reference Structural Dip Azimuth,Clean
Schlumbergr,RZVM3Q,mV,"Uncalibrated M1-M2 Monitoring Voltage 3, quadrature",Service-company spelling error
Baker Hughes Inteq,RPASH,kohm.m,Resistivity Phase Diff Compensated Apparent Short 2MHz,Clean
Baker Hughes Inteq,TORQUE_AVG,EJ,Surface Torque- Depth Average,Clean
Baker Hughes Inteq,DIS12,Pa,DIS CHANNEL 12,Mnemonic-unit semantic mismatch
Halliburton Logging,ST_ALT_Freq,MHz,Pick Frequency,Clean
Baker Hughes Inteq,TMPP,k,Temperature internal in POS,Unit-symbol case error
Halliburton Loggig,TMPH,degF,Housing Temperature,Service-company spelling error
Schlumberger,T2L2,us,T2 Logarithmic Mean of Bin 2,Clean
Baker Hughes Inteq,RD062,m,"Radius, tool axis to pad 6 face",Clean
Baker Hughes Inteq,CF11,kHz,Center frequency,Clean
Schlumberger,EZSP,kPa,Far-Field Effective Vertical Stress,Clean
BP,BP_PITVOL_P03,bbl,Tank Volume - Pop Off Tank 3,Clean
Baker Hughes Inteq,LFC54,uT,FLC_54,Mnemonic typographical error
Baker Hughes Inteq,CV2P,mV,"Module voltage 2 prime for R/C, 1986MA",Clean
Baker Hughes Inteq,TTN,us,Traveltime from near transmitter-receiver,Clean
Schlumberger,SXSF1,ppm,Special Fluid 1 Saturation in Flushed Zone,Clean
Baker Hughes Inteq,"  DIS28",uT,DIS CHANNEL 28,Mnemonic boundary whitespace
Halliburton Logging,BBLP,bar,Bubble Point Pressure,Clean
Schlumberger,MVR,V,PTS MV Density,Clean
Baker Hughes Inteq,PO3A3,Euc,Third T2 accumulated partial porosity sum,Clean
Schlumberger,RPM_MR,rpm,MR Rotational Speed,Clean
Baker Hughes Inteq,RPMMXR,rad/s,RPM Maximum - Memory,Clean
Baker Hughes Inteq,SPW,V,Electrode sub processed at surface,Clean
Baker Hughes Inteq,R25,m,Multi-arm_data - Feeler 25 radius,Clean
Schlumberger,TKO_SNRFEXT,B,"Time-Wavenumber-Order (Pronys Analysis), Signal to Noise Ratio Transmitter Array - Expert",Clean
Baker Atlas,tntt10,ohm.m,monopole multiplex first arrival time,Mnemonic-unit semantic mismatch
Schlumberger,HGMN,dB,Minimum Applied Gain (Fluid Properties Measurement),Clean
Halliburton Logging,BDip60k29,rad,"Borehole Dip 60k 29""",Clean
Baker Hughes Inteq,SIGZLE,kS/m,"Conductivity of water from ADEX long xmtrs, real time",Clean
Halliburton Logging,AZIDIP60k17,dega,"Borehole Dip Azimuth 60k 17""",Clean
Baker Hughes Inteq,IXSC,Hz,Capture corrected inelastic extra long space,Clean
Baker Hughes Inteq,P1OBI,ohm.cm,Packed pad 1 block,Clean
Halliburton Logging,XDP_ALT_XX_Freq,MHz,Pick Frequency,Clean
Schlumberger,YRA4,kohm.m,HRLA Shallow Resistivity From Computed Focusing Mode 4,Clean
Baker Hughes Inteq,RD052,m,"Radius, tool axis to pad 5 face",Clean
Halliburton Logging,VM32,mV,Differental Voltage Measurement 3 Magnitude - Pad 2,Clean
Baker Atlas,RCMQ,kS/m,enhanced processing medium quad conductivity,Mnemonic typographical error
Schlumberger,GD_150V​,uV,Gyro Data 150 Volt supply,Mnemonic boundary invisible character
Schlumberger,YME_STA,psi,Static Young's Modulus,Clean
Halliburton Logging,36kRH50,kohm.m,36k Rh 50 inch for the MCIV1D,Clean
Baker Hughes Inteq,FMBV,uV,MPC feed motor bus voltage,Clean
Baker Hughes Inteq,RPASL,kohm.m,Resistivity Phase Diff Compensated Apparent Short 400kHz,Clean
Halliburton Logging,BHCR36K10ZZ,mS/m,Bore Hole Correction R36K 10In Z Trans/ Z Recv,Clean
Baker Hughes Inteq,FLC79,mT,FLC_79,Clean
Halliburton Logging,BHCR60K17YZ,S/m,Bore Hole Correction R60K 17In Y Trans/ Z Recv,Clean
Baker Hughes Inteq,SURF_RPM,rev/s,Surface RPM,Clean
Schlumberger,RH15_HL_L_1DF,ohm.cm,3D Induction 1D Inversion Horizontal Filtered Resistivity High Likelihood Lower Bound from 15 inch Array,Clean
Schlumberger,PS_DTR3_F1,rad,Frequency 1 Transverse Spacing 3 Phase Shift,Clean
Schlumberger,HCMM_PVS2,A,PVS2 Metering Hall Probe Current - MAIN,Clean
Schlumberger,"RADIAL_STRESS﻿",bar,Radial component of the applied stress vector,Mnemonic boundary invisible character
Halliburton Logging,XY_ALT_Slowness_Peaks,us,Slowness Peaks,Clean
Schlumberger,SXSF2_SH2,%,Special Fluid 2 Saturation in Flushed Zone for Shell 2,Clean
Schlumberger,T1LM_SH3​,ms,Logarithmic Mean of T1 Distribution for Shell 3,Mnemonic boundary invisible character
Schlumberger,DDMOB,D/cP,Drawdown Mobility,Clean
Schlumberger,ROBR_RT,g/cm3,"Bulk Density, Right, Real-Time",Clean
Schlumberger,DER1,dB/m,"Differential Energy, Receiver Array - Lower Dipole",Clean
Baker Hughes Inteq,ODY,m,Outside diameter of tubing in Y direction,Clean
Halliburton Logging,EP0P2TVD,ft,EP0P2 TVD Depth Probe,Clean
Halliburton Logging,stabilityProbe2,Pa/h,Pressure Stability Probe 2,Mnemonic case error
Schlumberger,SRHP_DL,bar,MRSR Inflate Pressure,Clean
Baker Hughes Inteq,FING63,m,Finger 63 readings,Clean
Baker Hughes Inteq,GMINC,rad,Magnetic field inclination,Clean
Halliburton Logging,GMSG_UMP,us,MSG Gate Center,Clean
Schlumberger,GHBF1_FSI_SL,MHz,Filtered (Sliding Window) Bubble Count Rate Optical Probe 1 - Station Log,Clean
Schlumberger,OBREB_2,ohm.m²/m,Buttons Resistivities Equalized Pad B,Unicode power notation in unit
Baker Hughes Inteq,CALCFM,m,Acoustic Caliper - Corrected - Filtered - Memory,Clean
Baker Hughes Inteq,SFA23,s,"Surface pick 1st arrival time, T2R3",Clean
Halliburton Logging,ATTMAX,dB/m,Maximum Attenuation,Clean
Halliburton Logging,RFTP,K,Resistivity Derived used Fluid Temp,Clean
Halliburton Logging,BHCR84K50ZY,mS/m,Bore Hole Correction R84K 50In Z Trans/ Y Recv,Clean
Halliburton Logging,LM_Slowness_Peaks,us,Slowness Peaks,Clean
Halliburton Logging,BHK,uEc,Borehole Potassium Concentration,Unit-symbol typographical error
Baker Hughes Inteq,M4C1,S/m,"HDIL 4-foot resolution matched conductivity, 10-inch DOI",Clean
Schlumberger,DRH1,psi,MRDP 1 Raw Horizontal Strain Gauge Pressure,Clean
Schlumberger,TMPY_SLDT,degC,SLDT/QLDT Temperature from System Distribution Board Sensor,Clean
Halliburton Logging,IM5A,uV,Minus 5 Volts Analog,Mnemonic typographical error
Schlumberger,RYM12,uV,HRLA Uncalibrated M1-M2 Voltage,Clean
Baker Hughes Inteq,RACD,kohm.m,"Resistivity Attenuation Borehole, Dielectric and Inversion Corrected",Clean
Schlumberger,RV_ML_UB_ZD6,ohm.m,3D Induction Group 6 Zero-D Inversion Vertical Resistivity Mid Likelihood Upper Bound,Clean
Baker Hughes Inteq,AMD5F4,V,Raw data amplitude T5 frequency 4 (in dB/V),Clean
Pason,AD_TORQUE_SP,uA,AutoDriller Torque Limit,Clean
Halliburton Logging,TVD EPS2 Depth Probe 2,m,TVD EPS2 Depth Probe 2,Clean
Pason,FDD,ft,Formation Density Depth,Clean
Baker Hughes Inteq,QBZ,mT,Magnitude of magnetometer vector for ZDL,Clean
Schlumberger,GYY,gn,Raw gravity Y-axis reading,Clean
Baker Hughes Inteq,TFRQ,MHz,"Unique frequency, sorted frequency values",Clean
Halliburton Logging,CTAL,us,TCAL TA mode,Mnemonic typographical error
Baker Hughes Inteq,AVEL23,m/h,Absolute flow velocity between detectors 2 and 3,Clean
Schlumberger,PS_DTR2_F3_HR,dega,High Resolution Frequency 3 Transverse Spacing 2 Phase Shift,Clean
Baker Hughes Inteq,ECCEN00,ft,Eccentricity_Arm0,Clean
Halliburton Logging,TLC4,s,Low Reso. Travel velocity based on u/l rcvrs from compensated.,Clean
Halliburton Logging,COMXBASE,gEuc,Contamination Maximum by baseline,Unit-symbol case error
Halliburton Logging,P1SR,ft,Probe 1 Snorkel Radius,Clean
Baker Hughes Inteq,AMAV,mV,Average amplitude,Clean
Baker Hughes Inteq,HP02,V,High pass filter with default 600 Hz cutoff,Clean
Schlumbergr,SPMX2_FSI_SL,uV,Spinner 2 Maximum Voltage - Station Log,Service-company spelling error
Halliburton Logging,ST_ALT_XDP_Slowness_Peaks,bbl,Slowness Peaks,Mnemonic-unit semantic mismatch
Baker Hughes Inteq,CTAGW,dega,Tool-centered spline angles,Mnemonic typographical error
Baker Hughes Inteq,ZI2AU,ohm,Freq 1 pad 2 capacitive part of complex formation impedance,Clean
Baker Hughes Inteq,V2AB,m/h,"Velocity from 500 Hz, row 2, sensors a and b",Clean
Baker Hughes Inteq,C68,ft,"Second caliper from axis 6, 8",Clean
Schlumberger,RV21_ML_L_1DF,kohm.m,3D Induction 1D Inversion Vertical Filtered Resistivity Mid Likelihood Lower Bound from 21 inch Array,Clean
Schlumberger,RB_PPC2,rad,PPC2 Relative Bearing,Clean
Schlumberger,VRAM_RX2_F1_G,mV,"Voltage Return Amplitude RX2, Frequency 1, Pad G",Clean
Baker Hughes Inteq,QPJ3P,kPa,"Tic mark for drawdown pressure every 10 psi, from APQJ",Clean
Schlumberger,SRVP_12_5_YD_R,s/m,Shear Radial Variation Profile at 12.5 Inch Radial Depth from Borehole Surface for YD Waveform Receiver Array,Clean
Halliburton Logging,RA3R,ohm.cm,Apparent Resistivity Mode 3,Clean
Schlumberger,PS_DLG3_F0_HR_SIG,dega,Uncertainty of High Resolution Frequency 0Longitudinal Spacing 3 Phase Shift,Clean
Baker Hughes Inteq,MXSPD,m/h,Maximum logging speed,Clean
Baker Hughes Inteq,DONM,μm,Depth offset of MR from orientation tool,Unicode micro prefix in unit
Baker Hughes Inteq,CVECW,ft3/d,Vector to center of mass,Mnemonic-unit semantic mismatch
Schlumberger,SLS_STOR_OFF_BOT,GJ,Torque off Bottom measured on the rig floor,Clean
Schlumberger,GPP,kPa,Waveform Holding the Grids of Pressure Potential,Clean
Schlumberger,ROSC,g/cm3,"Bulk Density, 16-Sector",Clean
Schlumberger,SFCP,mA,SFL Current Plus Measurement,Clean
Baker Hughes Inteq,HRD12,Hz,Long space spectrum count rate 140-200 keV (2nd tool),Clean
Schlumberger,RNER2L,kHz,"Raw Neutron Near Tube 2 Count Rate, Left",Clean
Halliburton Logging,UFMP_ALT_PL_Time,us,Pick Time Reflected Shear,Clean
Halliburton Logging,AUC4,B/m,Low Reso. Wave attenuation based on u/m rcvrs from compensated.,Clean
Halliburton Logging,YDP_YY_Time,ms,Pick Time,Clean
Schlumberger,DTL_MFL,ms/m,MAST 1.5 FT Span Long Spacing Slowness - Far Monopole Lower,Clean
Baker Hughes Inteq,LINCAL,in,Intermediate linear caliper,Clean
Baker Hughes Inteq,FLR18,uT,FLR_18,Clean
Schlumberger,FAR2U_CAL,MHz,Calibrated Neutron Far Tube 2 Up Count Rate,Clean
Baker Hughes Inteq,DAZGX,cgr,Deviation azimuth for GXPL,Clean
Schlumberger,RIRM,kS/m,Raw Induction Real Medium,Clean
Schlumberger,ATCO60,kS/m,Array Induction Two Foot Conductivity A60,Clean
Halliburton Logging,PDD6,ohm.m,SED Pad 6 Resistivity,Clean
Schlumberger,PARQ4,bar,MRPA 4 Raw Quartz Gauge Pressure,Clean
Baker Hughes Inteq,OA1,Hz,Oxygen activation count rate (short space),Clean
Schlumbergr,CMW_MAX_GS,g/cm3,Maximum critical mud weight representing the minimum in-situ stress,Service-company spelling error
Baker Hughes Inteq,DIS24,T,DIS CHANNEL 24,Clean
Schlumberger,3ME,kHz,3 MeV Output,Clean
Halliburton Logging,60kSK80,cgr,60k Strike 80 inch for the MCIV1D,Clean
Baker Atlas,RL5,Ohm.m,Lateral resistivity curve from FDE and FEF,Unit-symbol case error
Schlumberger,BOT_LCSV_MOD,uV,Bottom Step Lower Casing Segment Voltage Complex Module,Clean
Schlumberger,VRR1,mV,R Potential Difference In Step 1,Mnemonic typographical error
Halliburton Logging,ARODENSITY,kg/m3,Aromatics density,Clean
Schlumberger,SSED,ms/m,Difference between Stoneley slowness and modeled elastic Stoneley slowness computed with Stoneley slowness and attenuation,Clean
Baker Hughes Inteq,OFFW,rad,"WGI orientation, tool body mark offset",Clean
Halliburton Logging,MLSP,m/h,Maximum logging speed,Clean
Baker Hughes Inteq,SH0MC,cgr,"Calibrated cement map, Shear SH0",Clean
Baker Hughes Intq,RSW3,ft,Radius with swing arm correction for caliper pad 3,Service-company spelling error
Baker Hughes Inteq,MLR4,ohm.cm,RTeX deep resistivity 4,Clean
Halliburton Logging,BHCR12K29XZ,kS/m,Bore Hole Correction R12K 29In X Trans/ Z Recv,Clean
Baker Hughes Inteq,HPUD2P,kHz,Peak user input high pass filter 2,Clean
Halliburton Logging,ST_LM_Time_Peaks,us,Time Peaks,Clean
Schlumberger,SOITEMP_PQ1DL,degF,MRPQ 1 SOI Temperature,Clean
Halliburton Logging,BHCR72K17XY,kS/m,Bore Hole Correction R72K 17In X Trans/ Y Recv,Clean
Schlumberger,P461,dega,Phase R4 from T6 at 100 KHz,Clean
Schlumberger,RD2,ft,Radius 2,Clean
BP,BP_RPM_TONG,rad/s,RPM - Make-up,Clean
Baker Hughes Inteq,SRA085M,ohm.cm,Electrical Image - Sector 85 - Memory,Clean
Schlumberger,PT_DHP1_MUD_PRESS,bar,Pretest Mud Pressure from MDT Horizontal Probe 1 Strain Gauge (DHP1),Clean
Baker Hughes Inteq,DOST,ft,Depth offset of STAR from orientation tool,Clean
Baker Hughes Inteq,AGNYX1,dB,Acoustic averaged receiver gain,Clean
Schlumberger,rH_ML_LB_ZD2,ohm.cm,3D Induction Group 2 Zero-D Inversion Horizontal Resistivity Mid Likelihood Lower Bound,Mnemonic case error
Baker Hughes Inteq,PSSI,cgr,"Phase shift, dipole inner rcvrs, short xmtrs, all freq",Clean
Schlumberger,A4HB,mS/m,"AIT-B High Frequency, Real Array #4 Boosted Conductivity",Clean
Halliburton Logging,YDP_ALT_ST_Freq,MHz,Pick Frequency,Clean
Baker Hughes Inteq,ZR1BCR,Eohm,"Pad 1, frequency B button equalization",Clean
Halliburton Logging,TVD EPS3 Depth Probe 2,ft,TVD EPS3 Depth Probe 2,Clean
Schlumberger,NM4A,V,Normalized MAP 4 Amplitude,Clean
Halliburton Logging,FM_ALT_FHA,uV,Pre Firing Voltage,Clean
BP,BP_PITVOL_HOLD5,L,Tank Volume - Holding 5,Clean
Schlumberger,WTEP_AVG,degC,Averaged Well Temperature,Clean
Baker Hughes Inteq,FLC89,μT,FLC_89,Unicode micro prefix in unit
Schlumberger,PS_DTR4_F2,dega,Frequency 2 Transverse Spacing 4 Phase Shift,Clean
Schlumberger,WSHA,%,Weight Percent Of Shale,Clean
Baker Hughes Inteq,DIS92,uT,DIS CHANNEL 92,Clean
Schlumberger,DI_HRLT,m,HRLT Diameter of Invasion,Clean
BP,BP_BLOCK_SPEED_UP,m/x,Block Speed - Up,Unit-symbol typographical error
Halliburton Logging,FLUIDTMP,degC,Fluid Temperature,Clean
Baker Hughes Inteq,DIP2,mV,"Pad 2 average data of buttons 11, 12, 13, 14",Clean
Schlumberger,TH44,m,Thickness 44,Clean
Schlumberger,PRON,ohm.m,Measure of PROX Minus Sqrt(Sigma**2+Tau**2),Clean
BP,BP_PITVOL_TT_TOTAL,1e-6 gal[US],Tank Volume - Trip Tanks Combined,Unit-symbol case error
Schlumberger,PSTNRATE,L/min,Piston Rate,Clean
Halliburton Logging,EPS3P1CP,Pka,EPS3 P1 Quartz Gauge Correction Pressure,Unit-symbol typographical error
Schlumberger,ROBA_ADN_RT,kg/m3,Real-Time Bulk Density,Clean
Schlumberger,FVA,ft,Electrical Fracture Aperture: Mean value of fracture trace aperture averaged over a given window height,Clean
Baker Hughes Inteq,PO13,Euc,Accumulated partial porosity sum,Clean
Halliburton Logging,SO1,m,Stand Off Arm 1,Clean
Schlumberger,P03CVL,m/s,Cable Velocity [03],Clean
Baker Hughes Inteq,CDEMIE,mS/m,"Conductivity estimate med xmtrs inner rcvrs, all freq.",Clean
Baker Hughes Inteq,FRQABS,MHz,Second tool Frequency parameter abs mode for all pads,Clean
Baker Hughes Inteq,ABDC16X,lbm/ft3,Azimuthal Bulk Density - Compensated - Sector 16 - Real-time,Clean
Schlumberger,FL_PRES_S_RAW,bar,Secondary Gauge Flowline Raw Pressure,Clean
Halliburton Logging,RVHRes60k17,kohm.m,"Vertical Restivity 17"" / Horizontal Restivity 17"" 60k",Clean
Schlumberger,DPTR_ZD3_DISPLAY,cgr,3D Induction Group 3 Zero-D Inversion True Dip Magnitude (modified to display tadpoles less frequently),Clean
Schlumberger,VRPH_F1_A2,cgr,"Voltage Return, Phase, Frequency 1, Pad A and Button 2",Clean
Schlumberger,BISO_3_MIST,Hz,Borehole Isotope 3,Clean
Baker Hughes Inteq,DEV (XX),cgr,"Deviation (XX for tool curve is relative to, CB - CBIL, ST-STAR, DP- HDIP, XE - XMAC)",Clean
Baker Hughes Inteq,RBIT3,m,Bit radius 3,Clean
Baker Hughes Inteq,RPCDSH,ohm.m²/m,"Resistivity Phase Diff Compensated Borehole, Dielectric and Inversion Corrected Short2MHz",Unicode power notation in unit
Schlumberger,FWID,m,Fracture Width,Clean
Halliburton Logging,DP0Compress,1/kPa,DP0 Compresibility,Clean
Halliburton Logging,"CASETHINK4	",in,Casing Thickness 4,Mnemonic boundary whitespace
Schlumberger,UCVE_DH,ft,"Ultrasonic Caliper, Vertical Diameter, Downhole",Clean
Schlumberger,TXI2,mA,Normalized Supply Current for Tx2 at 2 MHz,Clean
Pason,MUD_TEMP,K,Mud temperature,Clean
Schlumberger,DCLM_PF_SH1,m2/h,Diffusion Coefficient Logarithmic Mean Profile for Shell 1,Clean
Baker Hughes Inteq,"GRIX	",1/m,"Data Density Integrated from Gamma Ray, Transmitted",Mnemonic boundary whitespace
Schlumberger,HRN13,Hz,HiRes Near Count Rate From Gate 13,Clean
Baker Hughes Inteq,IXSM,MHz,Deviation of mean of inelastic extra long space count rate,Clean
Baker Hughes Inteq,PORZLS2,ppm,Porosity for limestone matrix (2nd tool),Clean
Halliburton Logging,BCD6,kohm.m,Borehole Corrections D6,Clean
Baker Hughes Inteq,RBRAT,dega,Relative bearing from RAT tool,Clean
Schlumberger,TPMPVOL,d,Total Pump Output Volume,Mnemonic-unit semantic mismatch
Schlumberger,DT_WT,ms/m,Slowness of Wet Rock,Clean
Halliburton Logging,EP0PtTemp,degC,EP0 Pretest Temperature,Clean
Pason,NORHEXANE_NC6,ppm,chr Nor-Hexane NC6,Clean
Schlumberger,PSX4,kS/m,Pressure Signal Imaginary 4,Clean
Baker Hughes Inteq,fL48,mT,FL CHANNEL 48,Mnemonic case error
Schlumberger,C2S,m,Delayed Caliper for Film Presentation,Clean
BP,bP_MUD_MFO_CORIOLIS_DEP,L/min,Dep - Flow Out - Mud (Coriolis),Mnemonic case error
Schlumberger,OAA,ohm.cm,"Buttons, aligned, Pad A",Clean
Baker Hughes Inteq,XSLOW,h/km,Slowness from cross correlation,Clean
Baker Hughes Inteq,RFDD,m,MPC feed diameter,Clean
Halliburton Logging,PAD4,mS/m,EMI Pad 4 values,Clean
Schlumberger,SPIF1_FSI_SL,rad/s,Filtered (Sliding Window) Rotational Velocity Spinner 1 - Station Log,Clean
Schlumberger,RES_BS_RAW_RT,ohm.m,"Raw Shallow Button Resistivity, Real-Time",Clean
Halliburton Logging,YDP_ST_Freq,MHz,Pick Frequency,Clean
Halliburton Logging,QPRE,psi,Quartz Calculated Presssure,Clean
Baker Hughes Inteq,CHR1C3_AVG,ppm,Propane- Average,Clean
Baker Hughes Inteq,HEATC,V,Motor relay control current feedback voltage,Clean
Schlumberger,ETH_APD,g/cm3,C2-C5 Average Partial Density,Clean
Halliburton Logging,HO09,ohm.m,90 in Radial Resistivity 1ft,Clean
Baker Hughes Inteq,MWOUT,lbm/ft3,Mud Weight Out - Average,Clean
Halliburton Logging,XX_FHB,V,Post Firing Voltage,Clean
Schlumberger,RETI,ms,Current date/time as 10ms units past Job Start Date,Clean
Schlumberger,TEMP_PVS2_SL,degC,PVS2 Temperature,Clean
Schlumberger,T1L8_LHR,ms,T1 Logarithmic Mean of Bin 8 for Lower High-Resolution Antenna,Clean
Halliburton Logging,HDR,S/m,Deep Raw R,Clean
Baker Hughes Inteq,AGNXYA,B,Combined acoustic averaged receiver gain,Clean
Schlumbergr,FORS,bar,Formation strength correction for bit wear,Service-company spelling error
Baker Hughes Inteq,BNVIBZMAXM,Gal,Near Bit Axial Vibration Maximum - Memory,Mnemonic typographical error
Baker Hughes Inteq,FLR34,uT,FLR_34,Clean
Pason,TGS_PUMP_VAC,kPa,tgs Pump Vacuum,Clean
Halliburton Logging,UMP_ALT_Hole_Size,ft,Measured Hole Diameter,Clean
Baker Hughes Inteq,SRA112M,ohm.m,Electrical Image - Sector 112 - Memory,Clean
BP,BP_GAS_C4_NORM,%,Nor-Butane (NC4),Clean
Schlumberger,TOT_ISO_1_MIST,MHz,Total Isotope 1,Clean
Schlumberger,SBNA,m2,Sigma Borehole Near Apparent,Clean
Schlumberger,SHK_RAB_TRANS_RT,kHz,"RAB Transverse Shocks, Real-Time",Clean
Baker Hughes Inteq,FLC93,T,FLC_93,Clean
Halliburton Logging,uMP_Comp_Freq,Hz,Pick Frequency,Mnemonic case error
Baker Atlas,Crgmr,kS/m,enhanced processing medium real conductivity,Mnemonic case error
Baker Hughes Inteq,QBPK,T,Magnitude of magnetometer vector for packer,Clean
Schlumberger,ETC1_PPC4,in,PPC4 Tool Center Position on the Caliper #1 and #3 log,Clean
Schlumberger,SAPBTEMP,K,Sapphire Gauge Board Temperature,Clean
Schlumberger,RV15_1D,ohm.cm,3D Induction 1D Inversion Vertical Square Resistivity from 15 inch Array,Clean
Schlumberger,INV_DD_VOL,L,Investigation DrawDown Volume,Clean
Schlumberger,ADBP,psi,Dummy Borehole Pressure,Clean
Schlumberger,EM_ECCE,in,Electromagnetic Tool Eccentering,Clean
Halliburton Logging,ST_ALT_FM_FHB,uV,Post Firing Voltage,Clean
Schlumberger,QAFL,m3/d,Air Flowrate in Flow Loop,Clean
Schlumberger,SXHC_UHR,tEuc,Hydrocarbon Saturation in Flushed Zone for Upper High-Resolution Antenna,Unit-symbol case error
BP,BP_TQ_DH_AVG,J,Torque - Downhole,Clean
Halliburton Logging,RVHRes60k29,ohm.cm,"Vertical Restivity 29"" / Horizontal Restivity 29"" 60k",Clean
Schlumberger,PS_DLG2_F3,dega,Frequency 3 Longitudinal Spacing 2 Phase Shift,Clean
Schlumberger,GZ_TEMP,degF,Z-Axis Accelerometer Temperature,Clean
Halliburton Logging,XDP_ALT_XY_DT,ms,Sonic Delta-T,Clean
Schlumberger,PASG_DL,psi,MRPA Strain Gauge Pressure,Clean
Baker Hughes Inteq,"CHR1IC5_AVG	",%,Isopentane- Average,Mnemonic boundary whitespace
Schlumberger,RSNTL,Hz,"Raw Neutron Short Spacing Tau Count Rate, Left",Clean
Schlumberger,A40B_DH_ECO_RT,ohm.cm,"ARC Blended Attenuation Resistivity 40 inch Spacing, Real-Time",Clean
Schlumberger,AX_MR,gn,Accelerometer X Component of Magnetic Resonance Tool,Clean
Schlumberger,HMCU_DL​,uA,Hydraulic Motor Current,Mnemonic boundary invisible character
Schlumberger,HY_RT,oe,"Raw Magnetic Field Strength Y-axis, Real-Time",Unit-symbol case error
Schlumberger,BFAZ_MAX_SH_NOR,cgr,Borehole failure azimuth with respect to north for the maximum shear failure,Clean
Halliburton Logging,YDP_ALT_PL_Freq,Hz,Pick Frequency 2,Clean
Halliburton Logging,BHCR12K80YX,KS/m,Bore Hole Correction R12K 80In Y Trans/ X Recv,Unit-symbol case error
Halliburton Logging,VM56,uV,Differental Voltage Measurement 5 Magnitude - Pad 6,Clean
Schlumberger,IPERM_HR,bbl,Integrated High Resolution Permeability,Clean
BP,BP_AV_CALC1,ft/min,Annular Velocity (calculated),Clean
Baker Hughes Inteq,PIT_DRILL,μm2.m,Mud Tank Volume (Active System),Unicode micro prefix in unit
Halliburton Logging,72kDip17,Rev,72k Dip 17 inch for the MCIV1D,Unit-symbol case error
Baker Hughes Inteq,ABDCUX,kg/m3,Azimuthal Bulk Density - Compensated - Up Quadrant - Real-time,Clean
Schlumberger,RFFRES,ohm.cm,Raw Flowline Fluid Resistivity,Clean
Baker Hughes Inteq,CEMC2,dega,Calibrated cement map (2nd tool),Clean
Schlumberger,SS2D,µm,Surface Sensor 2 Depth,Unicode micro prefix in unit
Baker Hughes Inteq,QPJ6P,N/m²,"Tic mark for drawdown pressure every 10 K psi, APQJ",Unicode power notation in unit
Baker Hughes Inteq,PDCDL2,cm³/L,Corrected porosity for dolomite matrix (2nd tool),Unicode power notation in unit
Halliburton Logging,NPMHV,uV,Near Photo Multiplier HV,Clean
Schlumberger,ASTCO30,S/m,Array Induction Two Foot Conductivity A30,Clean
Baker Hughes Inteq,ACBH,in,Internal borehole size for QC traveltime estimate,Clean
Schlumberger,TCND,MHz,Total Counts Near Detector,Clean
Baker Hughes Inteq,CCVOW,blb,Cement cumulative volume,Unit-symbol typographical error
Halliburton Logging,VM22,uV,Differental Voltage Measurement 2 Magnitude - Pad 2,Clean
Schlumberger,FVEM⁠,h/km,Sound Slowness (Fluid Properties Measurement),Mnemonic boundary invisible character
Baker Hughes Inteq,PREW2,bar,Tank 2 accumulator pressure,Clean
Schlumberger,CPSG3_DL,kPa,MDCP 3 Strain Gauge Pressure,Clean
Schlumberger,SHK3TM_RT,us,Time at Shock Level 3,Clean
Schlumberger,"TFAC﻿",dega,Toolface from Impulse,Mnemonic boundary invisible character
Halliburton Logging,bHCR60K50ZZ,mS/m,Bore Hole Correction R60K 50In Z Trans/ Z Recv,Mnemonic case error
Baker Hughes Inteq,LSCSPK,Hz,"Cesium reference peak position, long space",Clean
Halliburton Logging,60kRV29,ohm.cm,60k Rv 29 inch for the MCIV1D,Clean
Schlumberger,LNEB,d,"Neutron Long Spacing Early Count Rate, Bottom",Mnemonic-unit semantic mismatch
Schlumberger,DPAP_ZD2,dega,3D Induction Group 2 Zero-D Inversion Apparent Dip Magnitude,Clean
Schlumberger,DPAA15_LB_1DT,cgr,3D Induction 1D Inversion Apparent Dip Azimuth Ref. Top Of Hole Lower Bound from 15 inch Array,Clean
Schlumbergr,AT_DLG1_F1_SIG,dB,Uncertainty of Frequency 1 Longitudinal Spacing 1 Attenuation,Service-company spelling error
Schlumberger,RA05,m,Calibrated Radius 5,Clean
Schlumberger,HCMSX,kS/m,High Resolution MSFL Conductivity (SRTX),Clean
Schlumberger,AT_DTR4_F0_SIG,B,Uncertainty of Frequency 0 Transverse Spacing 4 Attenuation,Clean
Schlumberger,RV39_HL_U_1DF,ohm.cm,3D Induction 1D Inversion Vertical Filtered Resistivity High Likelihood Upper Bound from 39 inch Array,Clean
Halliburton Logging,DHTNUP,kgf,DownholeTension Upper,Clean
Pason,DENSITY_IN,lbm/ft3,tgs Mud Density In,Clean
Baker Hughes Inteq,zR5BES,ohm,"Second tool Pad 5, frequency B button equalization",Mnemonic case error
Baker Hughes Inteq,YDISB,ft,"Displacement along y axis, b axis",Clean
Schlumbergr,DPAP_ZD3,rad,3D Induction Group 3 Zero-D Inversion Apparent Dip Magnitude,Service-company spelling error
Schlumberger,RHS,lbm/ft3,HLDS Short-Spaced Bulk Density,Clean
Baker Hughes Inteq,RBGXTO,rad,relative bearing of tool 1 to second instace tool 2,Clean
Schlumberger,NDPRE_05,psi,Normalized Differential Pressure Transient 05,Clean
Schlumberger,VRAM_F1_C2,µV,"Voltage Return, Amplitude, Frequency 1, Pad C and Button 2",Unicode micro prefix in unit
Halliburton Logging,T1MN,s,Shortest travel time of 1st reflection for ecenter tool,Clean
Schlumberger,TC11,degC,Temperature Channel 11,Clean
Halliburton Logging,VM15,uV,Differental Voltage Measurement 1 Magnitude - Pad 5,Clean
Halliburton Logging,ST_UFM_FHB,V,Post Firing Voltage,Clean
Schlumberger,EST2,degC,Temperature 2,Clean
Halliburton Logging,THET,gcr,Direction of major axis from reference,Unit-symbol typographical error
Schlumberger,HICED,m,HITA Computed Effective Electrical Borehole Diameter,Clean
Halliburton Loggig,CAP_DIFF,F,Capacitance Differential,Service-company spelling error
Baker Hughes Inteq,ZR5AES,µohm,"Second tool Pad 5, frequency A button equalization",Unicode micro prefix in unit
Halliburton Logging,FLWTMPDF,degF,Fluid Flowing Temperature Differential,Clean
Schlumberger,Z2PU,kHz,AGS Detector 2 Pile-up Countrate,Clean
Schlumberger,RH27_LL_L_1DF,ohm.m,3D Induction 1D Inversion Horizontal Filtered Resistivity Low Likelihood Lower Bound from 27 inch Array,Clean
Schlumberger,rPPV_DL,bar,Kinematics Pressure,Mnemonic case error
Schlumberger,ROLA_ADN_RT,lbm/ft3,Real-Time Long Spacing Bulk Density,Clean
Halliburton Logging,EFSI,Hz,Far Inelastic Counts EVR,Clean
Schlumberger,STAT_HSTEMP,K,Static Heatsink Temperature,Clean
Baker Hughes Inteq,FLC30,T,FLC_30,Clean
Halliburton Logging,NSTM,s,Accumulation time for Formation Spectrum,Clean
Pason,ISOHEXANE_IC6,%,chr Iso-Hexane IC6,Clean
Schlumberger,ABND_SL,MHz,Amplitude of Borehole Signal - Near Detector,Clean
BP,BP_RHOBA_DEP_8,Kg/m3,Dep - Bulk Density - Azimuthal - Sector8,Unit-symbol case error
Schlumberger,pS_DLG4_F3,dega,Frequency 3 Longitudinal Spacing 4 Phase Shift,Mnemonic case error
Halliburton Logging,BHCR84K80ZY,mS/m,Bore Hole Correction R84K 80In Z Trans/ Y Recv,Clean
Halliburton Logging,SMB2,D/(Pa.s),Spherical Mobility 2,Clean
Schlumberger,NTHM,uH,Normalized Thickness Magnetic Permeability (MU),Clean
Schlumberger,T2LM_DFO_SH8,us,Logarithmic Mean of Oil T2 Distribution (Diffusion Free) for Shell 8,Clean
Schlumberger,TT3_5F_AVE_MLH,ms,Transit Time 3.5 ft Average from Monopole Lower High Frequency Waveform,Clean
Schlumberger,DTSM_WT,h/km,Shear Slowness of Wet Rock,Clean
Baker Hughes Inteq,DIS83,T,DIS CHANNEL 83,Clean
Halliburton Logging,eDCT,kg/m3,Density Correction EVR,Mnemonic case error
Schlumberger,DSF_MUD_YIELD_POINT,kPa,Mud Yield Point,Clean
Schlumberger,A4LX,mS/m,"AIT-B Low Frequency, Quad Array #4 Conductivity",Clean
Baker Hughes Intq,AR20RTAX,rad,Azimuthal Resistivity - 20 kHz - Real - Target Angle - Real-time,Service-company spelling error
Baker Hughes Inteq,RMYGCB,T,Raw Y-axis magnetometer shifted to CBIL,Clean
Halliburton Logging,TrueDip72k29,cgr,"True Formation Dip 72k 29""",Clean
Baker Hughes Inteq,CAL3A,in,Caliper from 3-arm caliper tool,Clean
Halliburton Logging,VM42,V,Differental Voltage Measurement 4 Magnitude - Pad 2,Clean
Pason,N2VI,m3/d,Nitrogen Volume In,Clean
Baker Hughes Inteq,TNSP02,ms,Monopole multiplexed sample period,Clean
Schlumberger,T1LM_UHR,s,Logarithmic Mean of T1 Distribution for Upper High-Resolution Antenna,Clean
Schlumberger,HIORX,kohm.m,HITA One Foot Rxo,Clean
Schlumberger,DMVE,in,"Tool Delta Movement, Vertical",Clean
Schlumberger,DTF_LOW_BOUNDARY,mm,DT Fluid Low Boundary (DTF 90%),Mnemonic-unit semantic mismatch
Halliburton Logging,FPMHV,mV,Far Photo Multiplier HV,Clean
Baker Hughes Inteq,APQM,kPa,1970MB Quartzdyne pump chamber pressure,Clean
Baker Hughes Inteq,MBVMA5,L,Fifth T2 bulk volume moveable,Clean
Baker Hughes Inteq,TPRA4,Euc,Structured 4th total porosity (CBW + T2 bin array),Clean
Baker Hughes Inteq,RMYGG2,uT,Raw Y-axis magnetometer shifted to GXPL,Clean
Schlumberger,RES_STRN_CP,bar,Residual Strength vs. Confining Pressure,Clean
Schlumberger,SNGA_FILT,Hz,"Filtered Neutron Short Spacing Background Count Rate, Average",Clean
Halliburton Logging,SCHV,uV,Sample Chamber Volume,Clean
BP,BP_H2S3_RIG,ppm,H2S (Rig) Sensor 3,Clean
Baker Hughes Inteq,POSA,dega,"Powered orientation swivel angular position, accelerometer",Clean
Halliburton Logging,MAGY,Oe,Magnetometer Y with unit,Clean
Schlumberger,SGT,gn,Survey Tool Gravity Calculation,Clean
Schlumberger,RNGF,mS,Focused Ring Conductance,Clean
Schlumberger,T1PC_LHR,us,T1 Cutoff from Capillary Pressure Computation for Lower High-Resolution Antenna,Clean
Schlumberger,CSDC,Hz,Spectrum C Discriminated Count Rate,Mnemonic typographical error
Halliburton Logging,TrueAzimuth72k50,cgr,"True Dip Azimuth 72k 50""",Clean
Schlumberger,VRAM_RX2_F2_G,V,"Voltage Return Amplitude RX2, Frequency 2, Pad G",Clean
Schlumberger,DTIME_01,ms,Delta Time From Transient 01 Start,Clean
Schlumberger,P08FDS,kg/m3,Fluid Density [08],Clean
Halliburton Logging,ST_FHA,mV,Pre Firing Voltage,Clean
Schlumberger,WTEP_SL​,degC,Well Temperature,Mnemonic boundary invisible character
Baker Hughes Inteq,FLR8,T,FLR_8,Clean
Schlumberger,DPTR54_UB_1DF,rad,3D Induction 1D Inversion Filtered True Dip Magnitude Upper Bound from 54 inch Array,Clean
BP,BP_PITVOL_ACT2,bbl,Tank Volume - Active 2,Clean
Baker Hughes Inteq,FMTRS,kHz,Standard deviation of flowmeter,Clean
Baker Hughes Inteq,CFAV,Euc,Flux leakage average,Clean
Schlumberger,SSSPM6,Hz,Subsea Pump 6 Stroke Rate,Clean
Baker Hughes Inteq,AMD5F5,uV,Raw data amplitude T5 frequency 5 (in dB/V),Clean
Halliburton Logging,BHCR84K80XX,mS/m,Bore Hole Correction R84K 80In X Trans/ X Recv,Clean
Schlumberger,RH_LB_ZD2,kohm.m,3D Induction Group 2 Zero-D Inversion Horizontal Resistivity Lower Bound,Clean
Baker Hughes Inteq,RPCLX,ohm.cm,Resistivity - Phase - Corrected - 400 kHz - Real-time,Clean
Baker Hughes Inteq,RAASL,ohm.m,Resistivity Attenuation Compensated Apparent Short 400kHz,Clean
Baker Hughes Inteq,"P1AVG﻿",ohm.m,Pad 1 mean value of 24 buttons,Mnemonic boundary invisible character
Baker Hughes Inteq,PO3B2,%,Second BVI accumulated partial porosity sum,Clean
Baker Hughes Inteq,SPDHH,uV,Spontaneous Potential downhole from 1533 INDX,Clean
Schlumberger,GASQ_FSI,m3/h,Gas Surface Computed Flowrate,Clean
Schlumberger,AT_DLG4_F1,dB,Frequency 1 Longitudinal Spacing 4 Attenuation,Clean
Schlumberger,RSS1,MHz,Raw Short Spacing Window 1 Count Rate,Clean
Halliburton Logging,OMI1,ohm.m,OMI Button Array Pad 1,Clean
Halliburton Logging,EP1PtVolume,bbl,EP1 Pretest Volume,Clean
Baker Hughes Inteq,Z1RMSX,mgn,Axial Acceleration & Max 1 Sec RMS - Real-time,Clean
Baker Hughes Inteq,SPUP,kHz,Spinner up revolutions per second,Clean
Halliburton Logging,EDD4,ohm.m,Pad #4 Resistivity Fast,Clean
Schlumberger,TEMP_CORR,degF,Temperature for Pressure Correction,Clean
Halliburton Logging,GTEMP,K,Generator Temperature,Clean
Halliburton Loggig,ST_YDP_Time_Peaks,us,Time Peaks,Service-company spelling error
Baker Hughes Inteq,A4F,mV,"Receiver voltage, far",Clean
Baker Hughes Inteq,HVAC1,uV,AC power supply 1 voltage,Clean
Halliburton Logging,BDip36k29,gcr,"Borehole Dip 36k 29""",Unit-symbol typographical error
Pasn,H2OO,m3/h,Water Out,Service-company spelling error
Baker Hughes Inteq,DTMX2,sm/m,Maximal slowness (2nd tool),Unit-symbol typographical error
Halliburton Logging,72kSK17,rad,72k Strike 17 inch for the MCIV1D,Clean
Baker Hughes Inteq,L21DI,Hz,"Outer invasion length, invasion model",Mnemonic-unit semantic mismatch
Halliburton Logging,sT_XDP_FHB,mV,Post Firing Voltage,Mnemonic case error
Baker Hughes Inteq,DIS79,T,DIS CHANNEL 79,Clean
Schlumberger,SWPC_SH4,ppm,Water Saturation from Capillary Pressure Computation for Shell 4,Clean
Schlumberger,TRIDPD27_1DF,dega,3D Induction 1D Inversion Filtered Dip Magnitude Standard Deviation from 27 inch Array,Clean
Halliburton Logging,SIA1​,kHz,Far Silicon Actn Window,Mnemonic boundary invisible character
Baker Hughes Inteq,OFFSGT,in,Tool-to-centroid radius,Clean
Halliburton Logging,AMPS3,mV,Az3 Pipe Amplitude,Clean
Schlumberger,QHP,3m/h,Heavy Phase Flowrate,Unit-symbol typographical error
Schlumbergr,CMVB,kS/m,Medium Induction Very Enhanced Borehole Corrected Conductivity,Service-company spelling error
Schlumberger,SFLB,m3/d,SFL Borehole Corrected Resistivity,Mnemonic-unit semantic mismatch
Schlumberger,RHOB_CM,lbm/ft3,Density of Clay Mineral,Clean
Baker Hughes Inteq,RBIT1,in,Bit radius 1,Clean
Schlumberger,HICRS,ohm.cm,HITA Computed Effective Mud Resistivity Smoothed,Clean
Schlumberger,ADI15,ohm.cm,AIT Dip Invariant 15 inch Resistivity,Clean
Schlumberger,FPV3_DL,bbl,MRFC 3 Piston Volume,Clean
Schlumberger,A16B_COND_RT,kS/m,Blended Attenuation Conductivity 16 inch,Clean
Schlumberger,HPV3_DL,bbl,MRHY 3 Hydraulic Pump Volume Output,Clean
Baker Hughes Inteq,M0C1​,mS/m,"Focused conductivity, 10-inch DOI",Mnemonic boundary invisible character
Halliburton Logging,QRA1,ohm.m,Apparent Resistivity Mode 1,Clean
Schlumberger,WAG3,dB,Waveform gain transducer 3,Clean
Baker Hughes Inteq,RBIT1W,in,Bit radius 1,Clean
Schlumberger,INCLDES,dega,Desired Inclination,Clean
Schlumberger,VRPH_F1_C1,cgr,"Voltage Return, Phase, Frequency 1, Pad C and Button 1",Clean
Baker Atlas,SGM3,ohm.m,complex sigma array 3,Clean
Baker Hughes Inteq,DIS32,T,DIS CHANNEL 32,Clean
Baker Hughes Inteq,ADSA7M,lbm/ft3,Azimuthal Density - Short Space - Apparent - Sector 7 - Memory,Clean
Baker Hughes Inteq,DISMAX,mT,MAX DIS CHANNEL,Clean
Pason,DTDSP,ms/m,AutoDriller TimeDrill SP,Clean
Schlumberger,Q_TEMP,K,Quartz Gauge Temperature,Clean
Schlumberger,JHP_DL,psi,MJET Intensifier Pressure,Clean
Halliburton Logging,BHVT,L,Bore Hole Volume,Clean
Halliburton Logging,QUD3,ohm.m,Quality D3,Clean
Halliburton Logging,"  C1M4",uA,Survey Current #1 Magnitude - Pad 4,Mnemonic boundary whitespace
Schlumberger,QGTEMP,degC,Quartz Gauge Sensor Temperature,Clean
Schlumberger,DPAP_LB_ZD6_DISPLAY,dega,3D Induction Group 6 Zero-D Inversion Apparent Dip Magnitude Lower Bound (modified to display tadpoles less frequently),Clean
Baker Hughes Inteq,FLR35,uT,FLR_35,Clean
BP,BP_PITVOL_CATCH,L,Tank Volume - Catch,Clean
Schlumberger,SP_DTR3_F0,rad,Frequency 0 Transverse Spacing 3 Phase Shift,Mnemonic typographical error
Baker Hughes Inteq,DIP1,uV,"Pad 1 average data of buttons 11, 12, 13, 14",Clean
Baker Hughes Inteq,PPTN,us,Predicted pipe time for near spacing,Clean
Halliburton Logging,HorizRes12k29,ohm.m,"Horizontal Resistivity 12k 29""",Clean
Baker Hughes Inteq,R21,in,Multi-arm_data - Feeler 21 radius,Clean
Baker Hughes Inteq,TYYST08,us,Four-comp. dipole XX multiplexed waveform start time,Clean
Baker Hughes Inteq,FING67,in,Finger 67 readings,Clean
Pason,FDENB,kg/m3,Fdens At Bit,Clean
Schlumberger,TTRP,ms,"Peak Time, Receiver Array, Compressional - Monopole P&S",Clean
Schlumberger,AP6P,cgr,Active Pad 6 Low Frequency Phase,Clean
Baker Hughes Intq,RAD4S,ft,"Radius, tool axis to pad 4 face",Service-company spelling error
Baker Hughes Inteq,FLR84,µgauss,FLR_84,Unicode micro prefix in unit
Baker Hughes Inteq,DIS45,T,DIS CHANNEL 45,Clean
Numar MRI Logging,T2 or T2GM,us,Transverse relaxation time,Clean
Halliburton Logging,BHCR12K17XZ,S/m,Bore Hole Correction R12K 17In X Trans/ Z Recv,Clean
Schlumberger,AMTV,ft,Active Mud Tank Volume,Mnemonic-unit semantic mismatch
Baker Hughes Inteq,DIS30,uT,DIS CHANNEL 30,Clean
Halliburton Logging,OMI6,kohm.m,OMI Button Array Pad 6,Clean
Schlumberger,OIAAD,A,Injected Current Average Amplitude Pad D,Clean
Schlumberger,N3TD,Hz,Near Gate 3,Clean
Halliburton Logging,XDTM,s,Z Accelerometer Time Fast,Mnemonic typographical error
Baker Hughes Inteq,R33,ft,Multi-arm_data - Feeler 33 radius,Clean
Schlumberger,QHCH,m3/h,Hydrocarbon Channel Flowrate,Clean
Baker Hughes Inteq,ETPK,ms,Delta elapsed time from packer,Clean
Schlumberger,DIFFPRES,kPa,Differential Pressure,Clean
Pason,fLOSS,L,Fluid Loss,Mnemonic case error
Baker Hughes Inteq,ET0DL2,ms,"Elapsed time, long space",Clean
Halliburton Logging,MP_FHB,mV,Post Firing Voltage,Clean
Schlumberger,IRTL,ohm.m,True resistivity for low side of borehole,Clean
Baker Hughes Inteq,MTRAVGR,rpm,Motor RPM - Average - Memory,Clean
Schlumberger,ZBPH_F1_D2,cgr,"Impedance of Buttons, Phase, Frequency 1, Pad D and Row 2",Clean
Schlumberger,PENT_SH8,kPa,Entry Pressure from Capillary Pressure Computation for Shell 8,Clean
Schlumberger,PAHP_DL,psi,MRPA Inflate Pressure,Clean
Baker Hughes Inteq,PORZLS,ppm,Porosity for limestone matrix,Clean
Baker Hughes Inteq,MNR2W,ft,Minimum radius 2,Clean
Schlumberger,T2LM_H2O_SH2,ms,Logarithmic Mean of Water T2 Distribution for Shell 2,Clean
Halliburton Logging,C6PLUSDENSITY,lbm/ft3,C6Plus Density,Clean
Baker Hughes Inteq,YAXR,mS/m,"Apparent conductivity unique frequency, real, YX",Mnemonic typographical error
Schlumberger,LDIA_RT,in,"Long Axis Ultrasonic Caliper, Real-Time",Clean
Schlumberger,VRPH_F2_A1,cgr,"Voltage Return, Phase, Frequency 2, Pad A and Button 1",Clean
Baker Hughes Inteq,ABDCLM,lbm/ft3,Azimuthal Bulk Density - Compensated - Left Quadrant - Memory,Clean
Halliburton Logging,HT30,ohm.m,HRI Deep Resistivity 30 Inch 2 Ft.,Clean
Pason,PAHT,K,tgs Air Heater Temperatur,Clean
Baker Hughes Intq,DTEM1,degF,Differential temperature,Service-company spelling error
Baker Hughes Inteq,MX22G,dB,"Waveform maximum amplitude, gain removed",Clean
Halliburton Logging,60kDip29,dega,60k Dip 29 inch for the MCIV1D,Clean
Schlumberger,CRMC,ohm.m,MCFL Mudcake Resistivity,Clean
Baker Hughes Inteq,TNSP04,us,Monopole multiplexed sample period,Clean
Baker Hughes Inteq,PPORA2,%,Second T2 partial porosity distribution,Clean
Schlumberger,aHIFC,S/m,Array Induction Fully Calibrated,Mnemonic case error
Baker Hughes Inteq,SRA3X,ohm.cm,Electrical Image - Sector 3 - Real-time,Clean
Schlumberger,GDDC_AFA2,V,AFA2 Gas Detector Dark Calibration Data,Clean
Halliburton Logging,BHCR12K80XZ,kS/m,Bore Hole Correction R12K 80In X Trans/ Z Recv,Clean
Schlumberger,KSDR_HR,D,High Resolution SDR Permeability,Clean
Halliburton Logging,FE13,ohm.m,DIFF DIELECTRIC CONST 8 17 CM,Clean
Baker Hughes Inteq,RB (XX),dega,"Relative bearing (relative to borehole high side)(XX for tool curve is relative to, CB - CBIL, ST-STAR, DP- HDIP, XE - XMAC)",Clean
Halliburton Logging,BHCR72K50YY,mS/m,Bore Hole Correction R72K 50In Y Trans/ Y Recv,Clean
Halliburton Logging,SGRU,kohm.m,Short Normal Resistivity Unfiltered,Clean
Baker Hughes Inteq,DTVD,ft,Change in true vertical depth,Clean
Baker Hughes Inteq,DPCTM,1/2 Ms,Time in milliseconds,Unit-symbol case error
Schlumberger,RH_UB_ZD4,ohm.cm,3D Induction Group 4 Zero-D Inversion Horizontal Resistivity Upper Bound,Clean
Baker Hughes Inteq,MUR2,hom.cm,"Unfocused resistivity, subarray 2",Unit-symbol typographical error
Schlumberger,DPAP27_1D,rad,3D Induction 1D Inversion Apparent Dip Magnitude from 27 inch Array,Clean
Baker Hughes Inteq,ISSM,kHz,Deviation of mean of inelastic short space count rate,Clean
Halliburton Logging,XDP_ALT_XX_DT,us,Sonic Delta-T,Clean
Schlumberger,iR23,ft,Internal Radius 23,Mnemonic case error
Schlumberger,SP_DTR4_F0_SIG,rad,Uncertainty of Frequency 0 Transverse Spacing 4 Phase Shift,Mnemonic typographical error
Halliburton Logging,C1M5,A,Survey Current #1 Magnitude - Pad 5,Clean
Schlumberger,DFB1,Hz,Bubble Count Rate Electrical Probe 1,Clean
Baker Hughes Inteq,TFSP01K,ms,Monopole multiplexed sample period,Clean
Baker Hughes Inteq,ZDR2B,Gohm,Frequency 2 pad 2 resistance,Clean
Halliburton Logging,"QUD4﻿",ohm.cm,Quality D4,Mnemonic boundary invisible character
Schlumberger,RDBD_RAB_RT,kohm.m,Real-Time Down Quadrant Deep Button Resistivity,Clean
Halliburton Logging,VM33,mV,Differental Voltage Measurement 3 Magnitude - Pad 3,Clean
Baker Hughes Inteq,M4CCX,mS/m,"HDIL 4-foot resolution compressed conductivity, 120-inch DOI",Clean
Baker Hughes Inteq,RBIT6W,ft,Bit radius 6,Clean
Baker Hughes Inteq,FS22,zH,Frequency step calculated,Unit-symbol typographical error
Baker Hughes Inteq,T13FO,us,Time remaining until max temperature outside flask of 4490,Clean
BP,BP_PITVOL_RES_WASTE_2,bbl,Tank Volume - Waste 2,Clean
Baker Hughes Inteq,SRA19X,kohm.m,Electrical Image - Sector 19 - Real-time,Clean
Schlumberger,TTSH_MLL,s,Shear Peak Time from Monopole Lower Transmitter Low Frequency Firing Monopole Component,Clean
Halliburton Loggig,HorizRes84k80,kohm.m,"Horizontal Resistivity 84k 80""",Service-company spelling error
Schlumberger,BTIME,s,Phase B Pressure Time Stamp,Clean
Baker Hughes Inteq,FLC2,mT,FLC_2,Clean
Baker Hughes Inteq,FL39,mT,FL CHANNEL 39,Clean
Baker Hughes Inteq,MCFP,bar,MCFM precision pressure,Clean
Baker Atlas,tnst11,ms,monopole multiplex waveform start time,Clean
Schlumberger,ASIMR,ohm.m,Array Induction Input Borehole Mud Resistivity To AIT Processing,Clean
Schlumberger,IRAR​,ft,Casing Inner Radii,Mnemonic boundary invisible character
Halliburton Loggig,BHCR84K29YZ,S/m,Bore Hole Correction R84K 29In Y Trans/ Z Recv,Service-company spelling error
Halliburton Logging,CF09,S/x,90 in Radial Conductivity 4ft,Unit-symbol typographical error
Schlumberger,a40B_COND_RT,mS/m,Blended Attenuation Conductivity 40 inch,Mnemonic case error
Schlumberger,KTIM_SL,D,Permeability Computed Using Timur/Coates Model - Station Log,Clean
Schlumberger,PSRU,kohm.m,UP Phase Shift Resistivity,Clean
Schlumberger,LTOV,kHz,Long Spacing Total Overflows,Clean
Schlumberger,RZVM1Q,uV,"Uncalibrated M1-M2 Monitoring Voltage 1, quadrature",Clean
Schlumberger,DPAP15_1DF,dega,3D Induction 1D Inversion Filtered Apparent Dip Magnitude from 15 inch Array,Clean
Schlumberger,SLDE,g/cm3,Slurry Density,Clean
Halliburton Logging,PTTE,degF,SPS Fluid Temperature,Clean
Halliburton Logging,OTHER4DENSITY,lbm/ft3,Other 4 Density,Clean
Schlumberger,PS_DLG3_F2,cgr,Frequency 2 Longitudinal Spacing 3 Phase Shift,Clean
Schlumberger,DPAA72_1DF,rad,3D Induction 1D Inversion Filtered Apparent Dip Azimuth from 72 inch Array,Clean
Schlumberger,WNTCR,MHz,RST WFL Net Count Rate,Clean
Baker Hughes Inteq,CDEMI,S/m,Conductivity med xmtrs inner rcvrs all frequencies,Clean
Schlumberger,PS_DTR4_F2_HR_SIG,cgr,Uncertainty of High Resolution Frequency 2Transverse Spacing 4 Phase Shift,Clean
Schlumberger,HBACK,MHz,HiRes Background - Near Gates,Clean
Halliburton Logging,"EP3P1TempStab﻿",deltaC/h,EP3P1 Temperature Probe Stability,Mnemonic boundary invisible character
Halliburton Logging,EST_CONT_MN_CP2,Euc,Estimated Contamination Minimum Capacitance 2,Clean
Pason,MSE_TORQUE,J,Mse Torque,Clean
Baker Hughes Inteq,AR20RTAM,cgr,Azimuthal Resistivity - 20 kHz - Real - Target Angle - Memory,Clean
Schlumberger,PQ3TR_DL,degC,MRPQ 3 Resistivity Cell Temperature,Clean
Baker Hughes Inteq,R05,in,Multi-arm_data - Feeler 5 radius,Clean
Schlumberger,ISO_UNCAL,A,Uncalibrated Source Current,Clean
Schlumberger,DFA,dB,DPT Far Attenuation,Clean
Schlumberger,RSCF_16,kHz,"Far Effective Capture Count Rate, pass 16",Clean
Schlumberger,B1TR_DL,degC,MRPS 1 Resistivity Cell Temperature,Clean
Schlumberger,P15DIA,m,Hole Diameter [15],Clean
Halliburton Logging,BHCR60K80ZY,S/m,Bore Hole Correction R60K 80In Z Trans/ Y Recv,Clean
Schlumberger,MNSL_RT,ms/m,"Minimum Labeling Slowness Real-time, Compressional",Clean
Baker Hughes Inteq,SII3,Hkz,Silicon in inelastic spectrum (extra long detector),Unit-symbol typographical error
Halliburton Logging,MP_Shear_DT,s,Sonic Delta-T Reflected Shear,Clean
Schlumberger,T1LM_OIL_SH8,s,Logarithmic Mean of Oil T1 Distribution for Shell 8,Clean
Halliburton Logging,TMLU,s,Travel velocity based on m/l rcvrs from upper xmtr.,Clean
Halliburton Logging,EP0P1TVD,in,EP0P1 TVD Depth Probe,Clean
Baker Atlas,crgmq,kS/m,enhanced processing medium quad conductivity,Clean
Baker Hughes Inteq,Filled Sample Pressure,bar,Filled Sample Pressure,Clean
BP,BP_GAS_ADV_C5_NORM_IN,%,Normal-Pentane (nC5) IN - Advanced service,Clean
Schlumberger,"RSCN_07﻿",kHz,"Near Effective Capture Count Rate, pass 07",Mnemonic boundary invisible character
Schlumberger,RLA3,ohm.cm,Apparent Resistivity from Computed Focusing Mode 3,Clean
Baker Hughes Inteq,M0C3,mS/m,"Focused conductivity, 30-inch DOI",Clean
Baker Hughes Inteq,T42F0,us,Time remaining until max temperature for inside flask sensor,Clean
Halliburton Logging,FormationPress,bar,Formation Presssure,Clean
Schlumberger,ARM_ANGLE_NOSE_SL,cgr,NOSE Arm Angle Station Log,Clean
Baker Hughes Inteq,TP15V,mV,"Transmitter voltage, +15V",Clean
Baker Hughes Inteq,CAL2S,ft,Diameter from pad 2 and its opposite,Clean
Halliburton Logging,63kSK50,rad,36k Strike 50 inch for the MCIV1D,Mnemonic typographical error
Baker Hughes Inteq,SPWDH,mV,Electrode sub processed downhole,Clean
Pason,P3Rat,m3/d,P3 Rate,Clean
Schlumberger,LDRESTIM​,Gohm,Long Distance Resistance from Estimated Voltage,Mnemonic boundary invisible character
Halliburton Logging,RAP3,kohm.m,Corrected Calibration Panel Apparent Resistivity Mode 3,Clean
Schlumberger,GHMX0_FSI_SL,v,Optical Probe 0 Maximum Voltage - Station Log,Unit-symbol case error
Baker Hughes Inteq,SRA054M,ohm.m,Electrical Image - Sector 54 - Memory,Clean
Baker Hughes Inteq,AGNF3,B,Acoustic averaged receiver gain,Clean
Baker Atlas,trmst01,us,monopole multiplex waveform start time,Clean
Halliburton Logging,UFM_ALT_FHB,uV,Post Firing Voltage,Clean
Baker Hughes Inteq,ZR4BU,oEhm,Frequency 2 pad 4 resistance,Unit-symbol typographical error
Schlumberger,GDEV_EDTC​,cgr,EDTC Hole Deviation from Gravity,Mnemonic boundary invisible character
Schlumberger,QWDC_FSI,L/min,Downhole Computed Water Flowrate after Calibration from FSI,Clean
Schlumberger,ZAIT_RCNSTR_54​,mS/m,3D Induction 1D Inversion Reconstructed Data for 54-inch array,Mnemonic boundary invisible character
Baker Hughes Inteq,RMXXE,mT,Raw X-Axis magnetometer shifted to XMAC-F1,Clean
Schlumberger,RZVD1Q,mV,"Uncalibrated A0*-A0*' Difference Voltage 1, quadrature",Clean
Schlumberger,W2PS,Hz,Window 2 Counts Plus One Standard Deviation (NGT),Clean
Schlumberger,BMK_STA,kPa,Static Bulk Modulus,Clean
Schlumberger,PS_DTR3_F0_SIG,dega,Uncertainty of Frequency 0 Transverse Spacing 3 Phase Shift,Clean
Schlumberger,CELP,ft/min,P Celerity (Velocity),Clean
Baker Hughes Inteq,MT_BVMX,ppm,Bulk Volume Movable - Surface Derived - Real-time,Clean
Schlumberger,RBSU_DH_ECO_RT,in2,"Raw Borehole Sigma, Up, Real-Time, Computed Downhole",Clean
Schlumberger,DQT1_DL,K,MRDP 1 Quartz Gauge Temperature,Clean
Halliburton Logging,ALC4,B/m,Low Reso. Wave attenuation based on u/l rcvrs from compensated.,Clean
Baker Hughes Inteq,FLR52,mT,FLR_52,Clean
Baker Hughes Inteq,RBMIT,cgr,Relative bearing from MIT tool,Clean
Halliburton Logging,CASEOD,ft,Outer Casing Diameter,Clean
Baker Hughes Inteq,W12G,µV,Hexdip ground voltage,Unicode micro prefix in unit
Halliburton Logging,BHCR84K50YX,mS/m,Bore Hole Correction R84K 50In Y Trans/ X Recv,Clean
Halliburton Logging,VertRes60k80,ohm.m²/m,"Vertical Resistivity 60k 80""",Unicode power notation in unit
Halliburton Logging,AHVT,m3,Annular Hole Volume,Clean
Schlumberger,URPI_SL,ft,Pipe Rugosity - Station Log,Mnemonic typographical error
Pason,TR_SPD,m/s,Trip Speed,Clean
Halliburton Logging,MAGX,A/mm,magnetometer x with unit,Clean
Halliburton Logging,UFMP_ALT_Comp_DT,s,Sonic Delta-T,Clean
Halliburton Logging,HO12,nohm.mm²/m,120 in Radial Resistivity 1ft,Unicode power notation in unit
Schlumberger,HA3D,lbm/ft3,High Pressure Additive #3 Density,Clean
Schlumberger,TPTTEM,degC,TMT Pressure Transducer Temperature,Clean
Halliburton Logging,VMA2,uV,Differental Voltage Average Magnitude - Pad 2,Clean
Halliburton Loggig,TFV,m3,Total Flowline Volume,Service-company spelling error
Schlumberger,TFARR_DH_ECO_RT,MHz,"Thermal Neutron Far Count Rates, Right, Real-Time, Computed Downhole",Clean
Halliburton Logging,FDE,zH,Far Density,Unit-symbol typographical error
Schlumberger,A34L_UNC_DH_ECO_RT,Nohm.mm2/m,"ARC Uncorrected Attenuation Resistivity 34 inch Spacing at 400 KHz, Real-Time, Computed Downhole",Unit-symbol case error
Schlumberger,PPGS,Pa/m,Pore Pressure Gradient from Sonic,Clean
Schlumberger,RLNBB,Hz,"Raw Neutron Long Spacing Burst Count Rate, Bottom",Clean
Baker Hughes Inteq,SRA58X,ohm.cm,Electrical Image - Sector 58 - Real-time,Clean
Halliburton Logging,AMPS6,mV,Az6 Pipe Amplitude,Clean
Schlumberger,SS3D,in,Surface Sensor 3 Depth,Clean
Schlumberger,CR41,ft,Corrected Radius 41,Clean
Schlumberger,POET2_DL,ms,MRPO 2 Elapsed Pumping Time,Clean
BP,BP_RHOBA_DEP_12,g/cm3,Dep - Bulk Density - Azimuthal - Sector12,Clean
Baker Hughes Inteq,ABDC12M,kg/m3,Azimuthal Bulk Density - Compensated - Sector 12 - Memory,Clean
Schlumberger,OIUAC,kPa,Injected Current Upper Amplitude Pad C,Mnemonic-unit semantic mismatch
Schlumberger,P1DT_RA,h/km,Peak 1 Delta-T for Receiver Array,Clean
Schlumberger,ZBPH_F1_C,rad,"Impedance of Buttons, Phase, Frequency 1, Pad C",Clean
Schlumberger,DG13,g/cm³,"Grain Density (Mineral 1, Mineral 3)",Unicode power notation in unit
Schlumberger,AMNC,rad,Angle of Minimum Caliper,Clean
Halliburton Logging,ST_XDP_Time_Peaks​,us,Time Peaks,Mnemonic boundary invisible character
Schlumberger,CCRPB1,µm,MDCC 1 Raw Bit Position,Unicode micro prefix in unit
Baker Hughes Inteq,tCRD,ft,Tool-centered spline radii,Mnemonic case error
Halliburton Logging,TE,s,Mril Echo Spacing,Clean
Schlumberger,PAQDP2,psi,MRPA 2 Quartzdyne Gauge Sensor Raw Pressure,Clean
Schlumberger,IT0,uA,"Deep Total Current, 0 degree",Clean
Halliburton Logging,72kRV17,kohm.m,72k Rv 17 inch for the MCIV1D,Clean
Pason,CEMENT_PUMP_PRESSURE,bar,Cement Pump Pressure,Clean
Baker Hughes Inteq,PO5B2,Euc,Second BVI accumulated partial porosity sum,Clean
Schlumberger,SNBU_FILT,MHz,"Filtered Neutron Short Spacing Burst Count Rate, Up",Clean
Schlumberger,OVAAB_2,uV,Applied Voltage Amplitude Pad B,Clean
Schlumberger,AT_DLG1_F0_SIG,B,Uncertainty of Frequency 0 Longitudinal Spacing 1 Attenuation,Clean
Schlumberger,TEMPNP_D,degC,Temperature NGI Pad Board D,Clean
Halliburton Logging,XX_ALT_FHA,mV,Pre Firing Voltage,Clean
Schlumberger,T1L5_LHR,us,T1 Logarithmic Mean of Bin 5 for Lower High-Resolution Antenna,Clean
Halliburton Logging,FSBF,MHz,Far Bkgd Count Rate,Clean
Halliburton Logging,VM63,uV,Differental Voltage Measurement 6 Magnitude - Pad 3,Clean
Baker Hughes Inteq,FGAFV,uV,Fixed gate amplitude (mV) DAL CBL for far transmitter,Clean
Baker Hughes Inteq,PORWME,ppm,"Water filled porosity real time, medium xmtrs",Clean
Schlumberger,LOTMAXP_DH,kPa,"Leak Off Test, Maximum Pressure of 4 Cycles, Real-Time, Computed Downhole",Clean
Baker Hughes Inteq,P1GV,V,Pad 1 guard voltage,Clean
Schlumberger,DTIME_07,s,Delta Time From Transient 07 Start,Clean
Halliburton Logging,DP1MeasVolume,m3,DP1 Pretest Measured Volume,Clean
BP,BP_PMP_VOL_CUM,m3,Cumulative pumped volume,Clean
Schlumberger,C2_OBMT,ft,OBMT Caliper 2,Clean
Baker Hughes Inteq,FLC55,uT,FLC_55,Clean
Schlumberger,ATTN_R,ohm.m,Raw Attenuation,Mnemonic-unit semantic mismatch
Halliburton Logging,BHCR84K17ZY,Sm/m,Bore Hole Correction R84K 17In Z Trans/ Y Recv,Unit-symbol typographical error
Schlumberger,ASTVM,L/m,Array Induction Two Foot Volume Mud Filtrate,Clean
Halliburton Logging,SIA2,MHz,Far Silicon Actn Window,Clean
Schlumberger,"VB12	",mV,Circumferential Potential Difference B1-B2,Mnemonic boundary whitespace
Schlumberger,RB_PCMS_SL,ard,Relative Bearing,Unit-symbol typographical error
Baker Hughes Inteq,QAXE,mgn,Accelerometer vector magnitude at acoustic tool reference,Clean
Halliburton Logging,BHCR36K29ZY,mS/m,Bore Hole Correction R36K 29In Z Trans/ Y Recv,Clean
Schlumberger,RHG2,kg/m3,Density of Mineral 2,Clean
Halliburton Logging,ST_UFM_FHA,mV,Pre Firing Voltage,Clean
Halliburton Logging,ST_ALT_FHB,mV,Post Firing Voltage,Clean
Baker Hughes Inteq,V1PC,mV,1970MB module calibration voltage 1 prime for R/C,Clean
Halliburton Logging,eP3P1QPress,psi,EP3P1 Quartz Probe Pressure,Mnemonic case error
Halliburton Logging,EP0PtPress,kPa,EP0 Pretest Pressure,Clean
Baker Hughes Inteq,v6AC,ft/min,"Velocity from 500 Hz, row 6 sensors a and c",Mnemonic case error
Schlumberger,SS8D,ft,Surface Sensor 8 Depth,Clean
Schlumberger,DBEF,uA,Deep Effective Beam Current,Clean
Baker Hughes Inteq,M1CC6,mS/m,"HDIL 1-foot resolution compressed conductivity, 60-inch DOI",Clean
Schlumberger,XHPF,MHz,Cross Well Downhole High Pass Frequency Filter,Clean
Pason,P2_RATE_JBOX,MHz,Pump 2 Rate JBox,Clean
Schlumberger,LNTA2_FILT,Hz,"Neutron Long Spacing Window 2 Tau Count Rate, Filtered",Clean
Schlumberger,OBAV,tV,Applied Voltage All Pads,Unit-symbol case error
Schlumberger,BCID,in,Casing Inner Diameter - Brine,Clean
Baker Hughes Inteq,V124,ft/min,"Velocity from 250 Hz, row 1, sensors 2 and 4",Clean
Schlumberger,R32R,dega,R3 to R2 Sensitivity Ratio,Mnemonic-unit semantic mismatch
Halliburton Logging,TUU4,us,Low Reso. Travel velocity based on u/m rcvrs from upper xmtr.,Clean
Pason,300RP,dega,300 RPM deflection,Clean
Pason,MUD_TEMP_OUT,degC,tgs Mud Temperature Out,Clean
Schlumberger,ADICO11,S/m,AIT Dip Invariant 11 inch Conductivity,Clean
Halliburton Logging,UFMP_PL_DT,ms,Sonic Delta-T Reflected Shear,Clean
Halliburton Logging,BHCR36K50YX,mS/m,Bore Hole Correction R36K 50In Y Trans/ X Recv,Clean
Baker Hughes Inteq,DT24A,s/m,Slowness over 24-inch interval from avansemb,Clean
Baker Hughes Inteq,CHR1C2_AVG,Euc,Ethane- Average,Clean
Baker Hughes Inteq,QBCB,T,Magnitude of magnetometer vector for CBIL,Clean
Halliburton Logging,HF03,ohm.cm,30 in Radial Resistivity 4ft,Clean
Schlumberger,P22H_RT,Nohm.mm2/m,"ARC Phase Shift Resistivity 22 inch Spacing at 2 MHz, Environmentally Corrected, Real-Time",Unit-symbol case error
Baker Hughes Inteq,QAGT,GAl,Magnitude of accelerometer vector for GTI,Unit-symbol case error
Schlumberger,RHOB16,g/cm3,Bulk Density 16-Sector Image,Clean
Halliburton Logging,BHCR60K50YX,mS/m,Bore Hole Correction R60K 50In Y Trans/ X Recv,Clean
Schlumberger,ATPE_SL,us,Accelerometer Temperature Period,Clean
Baker Atlas,SGM0,ohm.cm,complex sigma array 0,Clean
Baker Hughes Inteq,AAVTH,m,Azimuthal average thickness,Clean
Halliburton Logging,BHCR84K17YY,S/m,Bore Hole Correction R84K 17In Y Trans/ Y Recv,Clean
Schlumbergr,DBFT,degC,Differential Borehole Fluid Temperature,Service-company spelling error
Baker Hughes Inteq,ADSA10M,g/cm3,Azimuthal Density - Short Space - Apparent - Sector 10 - Memory,Clean
Halliburton Logging,AULC,B/m,Wave attenuation based on u/l rcvrs from compensated.,Clean
Halliburton Logging,TrueAzimuth12k80,rad,"True Dip Azimuth 12k 80""",Clean
Schlumbergr,SRVP_SLOW_R,s/m,Shear Radial Variation Profile at Radial Depth from Borehole Center for SLOW Waveform Receiver Array,Service-company spelling error
Baker Hughes Inteq,TXXST##,s,4-component dipole XX multiplexed waveform start time,Clean
Halliburton Logging,AZIDIP36k29,dega,"Borehole Dip Azimuth 36k 29""",Clean
Halliburton Logging,EP0P2Depth,ft,EP0P2 Depth Probe,Clean
Halliburton Logging,BHCR12K17XX,S/m,Bore Hole Correction R12K 17In X Trans/ X Recv,Clean
Baker Hughes Inteq,TRQP,bar,Torque pressure,Clean
Baker Hughes Inteq,SRA32X,ohm.cm,Electrical Image - Sector 32 - Real-time,Clean
Baker Hughes Inteq,PRESSURE,psi,Sample Pressure - Memory,Clean
Schlumberger,ROSU_RT,lbm/ft3,"Short Spacing Bulk Density, Up, Real-Time",Clean
Schlumberger,CSWC,Euc,Critical Water Saturation from Core,Clean
Schlumberger,HITCO30,mS/m,HITA Two Foot Conductivity A30,Clean
Baker Hughes Inteq,FL95,uT,FL CHANNEL 95,Clean
Halliburton Logging,CASETHINK2,m,Casing Thickness 2,Clean
Schlumberger,"MNS4	",s/m,"Minimum Labeling Slowness, Fourth Peak",Mnemonic boundary whitespace
Baker Hughes Inteq,PEXR,bar,Pump extend pressure,Clean
Schlumberger,IR47,m,Internal Radius 47,Clean
Schlumberger,HORD,Fathom,Horizontal Hole Diameter,Unit-symbol case error
Baker Hughes Inteq,FL44,T,FL CHANNEL 44,Clean
Baker Hughes Inteq,DAZ3X,Urad,Deviation azimuth for 3DeX,Unit-symbol case error
Baker Hughes Inteq,FLR41,uT,FLR_41,Clean
Schlumberger,T2L5_LHR,su,T2 Logarithmic Mean of Bin 5 for Lower High-Resolution Antenna,Unit-symbol typographical error
Schlumberger,ZBPH_F1_B,rad,"Impedance of Buttons, Phase, Frequency 1, Pad B",Clean
Baker Hughes Inteq,ST2817LAU,m,2817LA SPNR UP depth reference,Clean
Schlumberger,ICAP,mA,"Electrical Standoff Current, 0 degree",Clean
Baker Hughes Inteq,SRA008M,kohm.m,Electrical Image - Sector 8 - Memory,Clean
Halliburton Logging,NSBF,Hz,Far Bkgd Count Rate,Clean
Schlumberger,"IRBK	",ft,Internal Radii Normalized,Mnemonic boundary whitespace
Baker Hughes Inteq,fLC51,uT,FLC_51,Mnemonic case error
Schlumberger,SUST5,bar,MDSU 5 Set Point,Clean
Pason,WT_ON_BIT_TARGET,kgf,Weight on Bit Target,Clean
Schlumberger,AH8B,mS/m,AIT-H Array #8 Boosted Conductivity,Clean
Schlumberger,T2LM_ANT2_T2I_RT,μs,"Antenna 2 T2 Logarithmic Mean by T2 Inversion, Real-Time",Unicode micro prefix in unit
Baker Hughes Inteq,SRA119M,ohm.m,Electrical Image - Sector 119 - Memory,Clean
Baker Hughes Inteq,MNR1B,ohm.m,Pad 1 frequency B minimum button resistivity,Clean
Schlumberger,"RPM_PLUS_SRPM﻿",rev/s,Tool Rotational Velocity (RPM) Plus Standard Deviation (SRPM),Mnemonic boundary invisible character
Schlumberger,DTT4_5F_MLH,us,Transit Time Difference 4.5 ft from Monopole Lower High Frequency Waveform,Clean
Schlumberger,SRETTIM,s,Start of Retract Time,Clean
Schlumberger,"SRRQ	",kPa,MRSR Raw Quartz Gauge Pressure,Mnemonic boundary whitespace
Pason,HOLE_DEPTH,m,Hole Depth,Clean
Schlumberger,FGPT,kHz,GPPT Far Counts,Clean
Halliburton Logging,ESTRHOO,g/cm3,Estimated Density of Oil,Clean
Schlumberger,FAR2B_CAL,MHz,Calibrated Neutron Far Tube 2 Bottom Count Rate,Clean
BP,BP_PITVOL_ACT10,bbl,Tank Volume - Active 10,Clean
Baker Hughes Inteq,P4WTN,kohm.m,Packed pad 4 block (buttons 1-24),Clean
Schlumberger,CR40,ft,Corrected Radius 40,Clean
Baker Hughes Inteq,GTDEP,in,Depth curve for time acquired data,Clean
Baker Hughes Inteq,DEVOD2,cgr,Deviation,Clean
Schlumberger,T2LM_DFM_SH3,s,Logarithmic Mean of Oil-Based Mud Filtrate T2 Distribution (Diffusion Free) for Shell 3,Clean
Baker Hughes Inteq,P16M,cgr,"Phase, 16 Hz, medium spacing",Clean
Schlumberger,TISH_MLX,ms,Shear Integrated Transit Time for Monopole Lower Transmitter Custom Frequency Firing,Clean
Halliburton Logging,FRQ0,kHz,Mril Frequency 0 ( band 0 to 4),Clean
Baker Hughes Inteq,RBOD2,dega,Relative bearing (relative to borehole high side) (2nd tool),Clean
Baker Hughes Inteq,HPUD1P,kHz,Peak user input high pass filter 1,Clean
Schlumberger,RSGPRES,N/mm²,Raw Strain Gauge Sensor Pressure,Unicode power notation in unit
Schlumberger,FTH1,s,Raw Waveform First Echo Fall Time,Clean
Baker Hughes Intq,CPVMS,m3,"Cumulative pump-through volume from MA/MB, 2nd instance",Service-company spelling error
Schlumberger,SS2SMRSP,psi,MRSS 2 MRSM SG Raw Pressure,Clean
Schlumberger,U8,%,High Resolution Volumetric Photoelectric Factor,Clean
Baker Hughes Inteq,ATNMOR,dB/m,"Compensated attn., outer rcrvs, med xmtrs, all freq.",Clean
Halliburton Logging,AVGC,ft,Average Clearance between ID and Head OD,Clean
Baker Hughes Inteq,SRA001M,nohm.mm²/m,Electrical Image - Sector 1 - Memory,Unicode power notation in unit
Baker Hughes Inteq,TFSP08,s,Monopole multiplexed sample period,Clean
Schlumberger,CR42,m,Corrected Radius 42,Clean
Baker Hughes Inteq,FLAV,Euc,Flux leakage average,Clean
Halliburton Logging,OAI3,kHz,Far Oxygen Actn Window A,Clean
Numar MRI Logging,T1_S,Wk,"Longitudinal relaxation time, short component",Unit-symbol case error
Schlumberger,T1L2_UHR,s,T1 Logarithmic Mean of Bin 2 for Upper High-Resolution Antenna,Clean
Baker Hughes Inteq,MNR6A,ohm.m,Pad 6 frequency A minimum button resistivity,Clean
Schlumberger,T1L3_SH3,imn,T1 Logarithmic Mean of Bin 3 for Shell 3,Unit-symbol typographical error
Baker Hughes Inteq,FLDGN,B,Fluid wave gain,Clean
Baker Hughes Inteq,SRA34X,kohm.m,Electrical Image - Sector 34 - Real-time,Clean
Baker Hughes Inteq,MADEPTH,in,Depth of 1979MA packer,Clean
Schlumberger,PQPTV1,m3,MRPQ 1 Pretest Volume,Clean
Schlumberger,SRQT_DL,K,MRSR Quartz Gauge Temperature,Clean
Schlumberger,PQPC2,psi,MRPQ 2 Quartz Gauge Pressure Compensation,Clean
Baker Hughes Inteq,C10M,m,Sectional caliper 10,Clean
Halliburton Logging,DP0P1Depth,ft,DP0P1 Depth Probe,Clean
Schlumberger,RN6,μHz,Raw Near Gate 6,Unicode micro prefix in unit
Schlumberger,XCALI_ADT,m,Calibrated Caliper,Clean
Halliburton Logging,12kRV50,ohm.m,12k Rv 50 inch for the MCIV1D,Clean
Baker Hughes Inteq,AMAX,in,Maximum radius,Clean
Schlumberger,GMSP,m/h,GCT Maximum Speed,Clean
Baker Hughes Inteq,SPDNC,MHz,Spinner down revolutions per second,Clean
Baker Hughes Inteq,IPS1,MHz,Inelastic spectrum using small windows (near detector),Clean
Schlumberger,S1C_TL,rev/s,Spinner 1,Clean
Baker Hughes Inteq,AMD1F3,mV,Raw data amplitude T1 frequency 3 (in dB/V),Clean
Halliburton Logging,BHCR36K17XX,mS/m,Bore Hole Correction R36K 17In X Trans/ X Recv,Clean
Halliburton Logging,BCU2,ohm.m,Borehole Corrections U2,Clean
Halliburton Logging,ATTN_UMP,dB/m,Attenuation,Clean
Halliburton Logging,ST_UM_FHB,mV,Post Firing Voltage,Clean
Schlumbergr,AWS_BR_CBIL,m,Borehole Radii for AWS CBIL service,Service-company spelling error
Baker Hughes Inteq,DTCM,h/km,Compressional Slowness - Memory,Clean
Baker Hughes Inteq,WCLAY,Euc,Normalized weight fraction sum of clays in dry rock,Clean
Halliburton Logging,RESDENSITY,kg/m3,Resins density,Clean
Halliburton Logging,YDP_ALT_ST_DT,s,Sonic Delta-T,Clean
Halliburton Logging,60kDip50,dega,60k Dip 50 inch for the MCIV1D,Clean
Baker Hughes Inteq,DIS44,mT,DIS CHANNEL 44,Clean
Baker Hughes Inteq,TNST09,s,Monopole multiplexed waveform start time,Clean
Pason,PUMP_RATE_TARGET,L/min,Total Pump Output Target,Clean
Halliburton Logging,DP0P2Temp,degF,DP0P2 Probe Temperature,Clean
Schlumberger,DCBLSP,Cgr,Double coil B Long Spacing Phase,Unit-symbol case error
Schlumberger,W3NG,Hz,Window 3 (1.1 - 1.6 MeV),Clean
Schlumberger,IDF_TEM_SIGA,S/m,DTS integrate and dump filtered temperature signal trace collection,Mnemonic-unit semantic mismatch
Baker Hughes Inteq,DIS65,T,DIS CHANNEL 65,Clean
Baker Hughes Inteq,RCAP09,kHz,Capacitance sensor 9,Clean
Halliburton Logging,BHCR12K17ZY,mS/m,Bore Hole Correction R12K 17In Z Trans/ Y Recv,Clean
Halliburton Logging,PUXL,cgr,HFDT Insite Phase of Upper Receiver TXUoff TXLon,Clean
Schlumberger,TT3_5F_MLH,ms,Transit Time 3.5 ft from Monopole Upper High Frequency Waveform,Clean
Schlumberger,DTPOEX3_MH_RA,h/km,"Extra Pumps Off Peak Slowness 3 - Monopole High, Receiver Array",Clean
Halliburton Logging,UMP_ALT_Slowness_Peaks,uA,Slowness Peaks,Mnemonic-unit semantic mismatch
Baker Hughes Inteq,ADRHUM,lbm/ft3,Azimuthal Delta Rho - Up Quadrant - Memory,Clean
Schlumberger,MTVC_SL,Hz,PTS Pressure VCO Temperature Count Rate - Station Log,Clean
Baker Hughes Inteq,AGNQ2,B,Acoustic averaged receiver gain,Clean
Schlumberger,ASF90,ohm.m,Array Induction Four Foot Resistivity A90,Clean
Schlumberger,RES_TRD_RAW,ohm.m,"Raw Resistivity Toroidal Deep, Uncorrected",Clean
Schlumberger,RSS2,MHz,Raw Short Spacing Window 2 Count Rate,Clean
Baker Hughes Inteq,Total Time Elapsed,ms,Total Time Elapsed,Clean
Baker Hughes Inteq,"PSSOC﻿",rad,"Phase shift, calib, outer rcrvs, short xmtrs, all freq",Mnemonic boundary invisible character
Baker Hughes Inteq,ARADS3,in,Reflectance traveltime radius,Clean
Baker Hughes Inteq,ETDP,ms,Delta elapsed time from HDIP,Clean
Baker Hughes Inteq,MMBI,mA,MPC main motor bus current,Clean
Baker Hughes Inteq,DIFE24,ppm,Differential porosity from T2 echo trains 2 and 4,Clean
Schlumberger,S2DT,kHz,Detector 2 Dead Time Count Rate,Clean
Schlumberger,IR31,ft,Internal Radius 31,Clean
Baker Hughes Inteq,MNR4B,kohm.m,Pad 4 frequency B minimum button resistivity,Clean
Baker Hughes Inteq,SRA120M,ohm.cm,Electrical Image - Sector 120 - Memory,Clean
Baker Hughes Inteq,3R1,in,Multi-arm_data - Feeler 31 radius,Mnemonic typographical error
Pason,P2Rat,m3/d,P2 Rate,Clean
Baker Atlas,crgdq,kS/m,enhanced processing deep quad conductivity,Clean
Schlumberger,TCTO_MH_TA,ms,"Compressional Transit Time - Monopole High, Transmitter Array",Mnemonic typographical error
Halliburton Logging,CORD,ft,Core Drilled Length,Clean
Halliburton Logging,XDP_ST_Freq,kHz,Pick Frequency,Clean
Halliburton Logging,36kRV50,kohm.m,36k Rv 50 inch for the MCIV1D,Clean
Schlumberger,AT_DLG1_F2_HR,B,High Resolution Frequency 2 Longitudinal Spacing 1 Attenuation,Clean
Halliburton Logging,EP3P2QPressCor,psi,EP3P2 Quartz Probe Pressure Corrected,Clean
Baker Hughes Inteq,RSW1,m,Radius with swing arm correction for caliper pad 1,Clean
Schlumberger,RES_BIT_INVERTED,ohm.m,RAB: Inverted Bit Resistivity,Clean
Baker Hughes Inteq,QAOD,mgn,Magnitude of accelerometer vector,Clean
Halliburton Logging,BHCR60K50XY,mS/m,Bore Hole Correction R60K 50In X Trans/ Y Recv,Clean
Baker Hughes Inteq,aGNXY1,dB,Acoustic averaged receiver gain,Mnemonic case error
Schlumberger,CR78,in,Corrected Radius 78,Clean
Halliburton Logging,CORP,µg/cm3,Positive Density Correction,Unicode micro prefix in unit
Schlumberger,SOIPRES_SFT2DL,N/m²,MRSF 2 SOI Pressure (Depth Logging),Unicode power notation in unit
Halliburton Logging,EDCN,lbm/ft³,Density Correction EVR Negative,Unicode power notation in unit
Schlumberger,ASO90,ohm.m,Array Induction One Foot Resistivity A90,Clean
Halliburton Logging,UMP_Comp_Time,ms,Pick Time,Clean
Halliburton Logging,C2M3,mA,Survey Current #2 Magnitude - Pad 3,Clean
Schlumberger,TISH2_MH,s,Shear Integrated Transit Time for Receiver 2 - Monopole High,Clean
Baker Hughes Inteq,BRIT2,m,Bit radius 2,Mnemonic typographical error
Baker Hughes Inteq,GE2S⁠,Hz,Short space early gate 2 count rate,Mnemonic boundary invisible character
Schlumberger,CASING_PRES,psi,Casing pressure,Clean
Schlumberger,REA_PPC4,μrad,Relative Ellipse Azimuth,Unicode micro prefix in unit
Schlumberger,ADBT,degF,Dummy Borehole Temperature,Clean
Halliburton Logging,AZD2,cgr,Azimuth difference for arms 2 4 and 6 Quality Curve,Clean
Schlumberger,LNBR,UHz,"Neutron Long Spacing Burst Count Rate, Right",Unit-symbol case error
Schlumberger,TT15,us,Transit Time 15,Clean
Schlumberger,DPAA27_1DN,dega,3D Induction 1D Inversion Apparent Dip Azimuth Ref. North from 27 inch Array,Clean
Halliburton Logging,PAD3,kS/m,EMI Pad 3 values,Clean
Baker Hughes Inteq,RAZGW,mgn,Raw Z-axis accelerometer shifted to WGI,Clean
Schlumberger,STDE,m,Station Depth,Clean
Baker Hughes Inteq,DBMTFX,cgr,Bending Tool Face - Average - Real-time,Clean
Schlumberger,DPAA39_UB_1DF,cgr,3D Induction 1D Inversion Filtered Apparent Dip Azimuth Upper Bound from 39 inch Array,Clean
Baker Hughes Intq,FLR39,uT,FLR_39,Service-company spelling error
Baker Hughes Inteq,MTCBWCX,s,Clay Bound Water - Downhole Processed - Real-time,Mnemonic-unit semantic mismatch
Baker Hughes Inteq,SRA2X,ohm.cm,Electrical Image - Sector 2 - Real-time,Clean
Schlumberger,TISH_SLOW,mx,Shear Integrated Transit Time for Slow Shear Azimuth,Unit-symbol typographical error
Halliburton Logging,UMP_ALT_Comp_DT,μs,Sonic Delta-T,Unicode micro prefix in unit
Halliburton Logging,UFM_Time_Peaks,ms,Time Peaks,Clean
Schlumberger,CALS,in,Micro Resistivity Caliper,Clean
Schlumberger,EFITTIMCOL,mA,End of Fitting Time for Contamination Color Model,Mnemonic-unit semantic mismatch
Schlumberger,DT_PBHC,s/m,1.5 Feet Span Pseudo Borehole Compensated Slowness from Far Spacing,Clean
Halliburton Logging,BHCR60K29XZ,KS/m,Bore Hole Correction R60K 29In X Trans/ Z Recv,Unit-symbol case error
Baker Hughes Inteq,"RMZGCB﻿",mT,Raw Z-axis magnetometer shifted to CBIL,Mnemonic boundary invisible character
Schlumberger,LSW5,kHz,Raw Long Spacing Window 5 Count Rate,Clean
Schlumberger,TGST,mgn,TSCD Z-Axis Gravity Estimation,Clean
Baker Hughes Inteq,RMZGWS,uT,Raw Z-axis magnetometer shifted to WGI (2nd tool),Clean
BP,BP_GAS_ADV_C4_NORM_IN_DEP,Euc,Dep - Normal-Butane (nC4) IN - Advanced service,Clean
Baker Hughes Inteq,QAZ,d,Magnitude of accelerometer vector for ZDL,Mnemonic-unit semantic mismatch
Halliburton Logging,LMP_ALT_Comp_Freq,MHz,Pick Frequency,Clean
Schlumberger,IVBX,mgn,"RMS Vibration, X-Axis",Mnemonic typographical error
Schlumberger,CPQPT2,Pa/h,MDCP 2 Quartz Gauge Pressure Rate of Change,Clean
Pason,ANPR,kPa,Analyzer Pressure,Clean
Halliburton Logging,CT06,kS/m,60 in Radial Conductivity 2ft,Clean
Halliburton Logging,uQartz Probe 2 Pressure 1,bar,Quartz Probe 2 Pressure 1 Eps,Mnemonic typographical error
Schlumberger,VLCT,ft/min,Theoretical Compressional Velocity,Clean
Schlumberger,IDER,ohm.m,Deep Induction Enhanced Resolution Phasor Resistivity,Clean
Schlumberger,"PATV3_DL	",degC,MRPA 3 Strain Gauge Temperature,Mnemonic boundary whitespace
Baker Hughes Inteq,FMAZ5,m3/h,Formation azimuth (windowed),Mnemonic-unit semantic mismatch
Schlumberger,QGT,m3/d,Total Gas Flowrate,Clean
Baker Hughes Inteq,AGNXY4,mS/m,Acoustic averaged receiver gain,Mnemonic-unit semantic mismatch
Schlumberger,"IQ08	",mA,"Current, Azimuth 8, 90 degree",Mnemonic boundary whitespace
Pason,HYC6,lbmol/ft3,chr Heavy Ends C6,Clean
Halliburton Logging,TVD Depth Probe 2,in,TVD Depth Probe 2,Clean
Halliburton Logging,ST_ALT_Time_Peaks,us,Time Peaks,Clean
Baker Hughes Inteq,ETCB,s,Delta elapsed time from CBIL,Clean
Halliburton Logging,TAP1,V,Transmitter A Pad 1 - Used for Calibration,Clean
Schlumberger,QGKF_SL,kHz,CQG Clock Frequency,Clean
Baker Hughes Inteq,TNST02K,us,Monopole multiplexed waveform start time,Clean
Schlumberger,P232,dega,Phase R2 from T3 at 2 MHz,Clean
Baker Hughes Inteq,SPDHEAH,uV,Spontaneous Potential downhole from 1533 INDX thru 3529EA,Clean
Schlumberger,SNEA2,μHz,"Neutron Short Spacing Window 2 Early Count Rate, Average",Unicode micro prefix in unit
Baker Hughes Inteq,sRA024M,kohm.m,Electrical Image - Sector 24 - Memory,Mnemonic case error
Schlumberger,NMCA,Hz,"Neutron Monitor Channel ""A""",Clean
Baker Hughes Inteq,ATMMI,B/x,"Comp, dipole attn., inner rcvrs, med xmtrs, all freq.",Unit-symbol typographical error
Schlumberger,DRS3,psi,MRDP 3 Raw Sink Strain Gauge Pressure,Clean
Schlumberger,GDMD_LFA3,v,LFA3 Gas Detector Source Intensity Monitor Dark Calibration Data,Unit-symbol case error
Schlumberger,DT_DR,ms/m,Slowness of Dry Rock,Clean
Schlumberger,CC12,S/m,"Caliper Conductivity, Azimuth 12",Clean
Schlumberger,T2LM_SH2,ms,T2 Logarithmic Mean for Shell 2,Clean
Schlumberger,SNLU,Hz,"Neutron Short Spacing Late Count Rate, Up",Clean
Baker Hughes Inteq,RAZFGT,V,Raw Z-axis accelerometer from aclzfilt_o for GTI,Clean
Schlumberger,"ECL6﻿",in,EMS CALIPER-6,Mnemonic boundary invisible character
Schlumberger,NRCO,Gohm,Contact Resistance N,Clean
Baker Hughes Inteq,DEVZ,cgr,Deviation at ZDL position,Clean
Numar MRI Logging,CBVWT,DEuc,Bulk volume water total from Numar MRIAN analysis,Unit-symbol case error
Halliburton Logging,XY_Slowness_Peaks,us,Slowness Peaks,Clean
Halliburton Logging,EP3P2TempStab,deltaC/s,EP3P2 Temperature Probe Stability,Clean
Schlumberger,AT_DTR2_F3_SIG,B,Uncertainty of Frequency 3 Transverse Spacing 2 Attenuation,Clean
Schlumberger,DOWNSTREAM_ORIFICE_GAS_PRESSURE,At,Gas pressure downstream of the orifice plate,Unit-symbol case error
Schlumberger,AT_DTR3_F1_SIG,B,Uncertainty of Frequency 1 Transverse Spacing 3 Attenuation,Clean
BP,BP_GAS_C5_NORM,ppm,Nor-Pentane (NC5),Clean
Schlumberger,CW21_RAW,uA,Raw Medium Button Current Scan from Transmitter 1,Clean
Baker Hughes Inteq,AZGX,µrad,Azimuth of reference pad for GXPL,Unicode micro prefix in unit
Schlumberger,A33L_UNC_RT,ohm.m,"Uncorrected Attenuation Resistivity for 33 inch Spacing at 400 KHz, Real-Time",Clean
Schlumberger,RV1U,V,Step 1 Offset for Upper Electrode,Clean
Halliburton Logging,HO30,kohm.m,HRI Deep Resistivity 30 Inch 1 Ft.,Clean
Schlumberger,MIN_YIELD_PRESSURE,kPa,Minimum Yield Pressure,Clean
Baker Hughes Inteq,C14M,m,Sectional caliper 14,Clean
Halliburton Logging,VM51,V,Differental Voltage Measurement 5 Magnitude - Pad 1,Clean
Baker Hughes Inteq,SRA063M,ohm.cm,Electrical Image - Sector 63 - Memory,Clean
Schlumberger,RH27_ML_L_1DF,ohm.m,3D Induction 1D Inversion Horizontal Filtered Resistivity Mid Likelihood Lower Bound from 27 inch Array,Clean
Baker Hughes Inteq,PSSOR,dega,"Phase shift, outer rcrvs, short xmtrs, all freq",Clean
Halliburton Logging,60kRV17,kohm.m,60k Rv 17 inch for the MCIV1D,Clean
Halliburton Logging,YDP_ALT_YY_Freq,MHz,Pick Frequency,Clean
Schlumberger,DPTR15_1D_CURVEDISPLAY,rad,3D Induction 1D Inversion True Dip Magnitude from 15 inch Array (continuous curve display),Clean
Baker Hughes Inteq,RBT4CB,Ft[SeT],Bit radius 4 for CBIL,Unit-symbol case error
Baker Hughes Inteq,DDRate_3,m3/d,Draw Down Rate 3 - Memory,Clean
Baker Hughes Inteq,SRA42X,kohm.m,Electrical Image - Sector 42 - Real-time,Clean
Baker Hughes Inteq,FLC44,dega,FLC_44,Mnemonic-unit semantic mismatch
Baker Hughes Inteq,XCY,in,Caliper from C13 and C24,Mnemonic typographical error
Schlumberger,SAND_FLOWRATE,g/s,Unconsolidated sand solid flowrate in a producing well,Clean
Schlumberger,TOOL_LOSS_HY⁠,kPa,Pressure Loss in MWD/LWD Tool (Calculated),Mnemonic boundary invisible character
Schlumberger,EENBS_AVG,ft,Averaged Estimated Electrical-probe Nominal Bubble Size,Clean
Schlumberger,A34L_RT⁠,kohm.m,"ARC Attenuation Resistivity 34 inch Spacing at 400 KHz, Environmentally Corrected, Real-Time",Mnemonic boundary invisible character
Baker Hughes Inteq,RBNM,dega,Relative bearing (relative to borehole high side) for MR,Clean
Schlumberger,VIBZ_RT,gmn,"RMS Vibration, Z-Axis",Unit-symbol typographical error
Baker Hughes Inteq,ZI1BUS,Eohm,Freq 2 pad 1 capacitive part of complex formation impedance,Clean
Schlumberger,S1T_XD,h/km,"STC Peak Slowness, Transmitter Array - X Dipole",Clean
Schlumberger,DPTR_ZD6_CURVEDISPLAY,rad,3D Induction Group 6 Zero-D Inversion True Dip Magnitude (continuous curve display),Clean
Halliburton Loggig,AVIR,ft,Average Inside Radius,Service-company spelling error
Halliburton Logging,ERHO,kg/m3,Formation Density Enhanced Vertical Resolution,Clean
Baker Hughes Inteq,W1D48B,uV,Pad LOWER 48 Voltage supply,Clean
Pason,POROSITY1_LAGCALC,m,Porosity 1 Lag Calc,Clean
Schlumberger,ACC2,mgn,Acceleration 2,Clean
Schlumberger,"RSSI﻿",g/cm3,"Short Spacing Bulk Density Image, 0.1 ft, 16-Sector",Mnemonic boundary invisible character
Schlumberger,D2TH,degC,MRDP 2 Horizontal Strain Gauge Temperature,Clean
Baker Hughes Inteq,OBG,lbm/ft3,Overburden pressure gradient,Clean
Schlumberger,ILRC,mA,"Lower electrode Injected Current InPhase, Pad C",Clean
Baker Hughes Intq,MINDW,m,Minimum caliper diameter,Service-company spelling error
Schlumberger,P33L_COND,mS/m,Phase Shift Conductivity 33 Inch Spacing at 400 KHz,Clean
Schlumberger,CB2,mS/m,Conductivity of Button 2 of SHDT,Clean
Baker Hughes Inteq,CP3B,V,"500 Hz row 3 spacing b differential delta module, sine",Clean
Halliburton Logging,LM_ALT_FHA,uV,Pre Firing Voltage,Clean
Halliburton Logging,TrueAzimuth60k50,rad,"True Dip Azimuth 60k 50""",Clean
Schlumberger,HEX_CGA3_DL,kg/m3,CGA3 C6+ Partial Density (Depth Logging),Clean
Baker Hughes Inteq,R32,in,Multi-arm_data - Feeler 32 radius,Clean
BP,BP_RPM_TOTAL,rev/s,RPM - Total,Clean
Schlumberger,GTF_RAW,cgr,Raw Gravity Toolface,Clean
Schlumberger,STRVP_10_0_R,s/m,Stoneley Shear Radial Variation Profile at 10 Inch Radial Depth from Borehole Surface for Receiver Array,Clean
Baker Hughes Inteq,MTPHECX,%,Effective Porosity - Surface Derived - Real-time,Clean
Baker Hughes Inteq,R16,m,Multi-arm_data - Feeler 16 radius,Clean
Baker Hughes Inteq,ID13,m,Dia. 13,Clean
Halliburton Logging,SITC,degF,Instrument Temperature,Clean
Schlumberger,SRPRCORR2_DL,N/mm²,Correction Applied to the MRSR 2 Quartz Gauge Sensor Pressure,Unicode power notation in unit
Schlumberger,CNTM,K,QCNT Internal Temperature,Clean
BP,BP_GAS_ADV_C5_NORM_IN_DEP,µEuc,Dep - Normal-Pentane (nC5) IN - Advanced service,Unicode micro prefix in unit
Halliburton Logging,MAX_RHO,lbm/ft3,Maximum Rho,Clean
Schlumberger,T1L1_SH1,ms,T1 Logarithmic Mean of Bin 1 for Shell 1,Clean
Schlumberger,VAMU,h/km,Apparent Interval Transit Time of Mud,Mnemonic typographical error
Schlumberger,A34L_COND_UNC_ECO_RT,kS/m,"ARC Uncorrected Attenuation Conductivity 34 inch, at 400 KHz, Real-Time, Computed Downhole",Clean
Schlumberger,IXMZ,mS/m,Induction Quadrature Medium Zero Conductivity,Clean
Baker Hughes Inteq,Initial Temperature,degF,Initial Temperature,Clean
Schlumberger,GHB1,MHz,Bubble Count Rate Optical Probe 1,Clean
Halliburton Logging,RES_CONT_FIT,Euc,Resisitvity Contamination Fit,Clean
Baker Hughes Inteq,SPDH15,V,Spontaneous Potential downhole from 1515 HDIL,Clean
Schlumberger,APRESA_AC,bar,TMT Pressure Amplified Auto Calibrate,Clean
Baker Hughes Inteq,SRA019M,ohm.cm,Electrical Image - Sector 19 - Memory,Clean
Schlumberger,vT_AVG,m/s,Averaged Fluid Velocity,Mnemonic case error
Schlumberger,RODRTEMP_PQ2,degF,MRPQ 2 DV-Rod Raw Temperature,Clean
Schlumberger,RSMI,ohm.m,Raw Micro-Inverse,Clean
Halliburton Logging,MRAT,m3/h,Measured Rate,Clean
Halliburton Logging,FGTC,MHz,Far Decay Vect,Clean
Halliburton Logging,C3DENSITY,lbm/ft³,Propane ( C3H8 ) density,Unicode power notation in unit
Baker Hughes Inteq,RAZDDP,mgn,Differential Z-axis accelerometer shifted to HDIP,Clean
Pason,HOOKLOAD_THRESHOLD,N,Hookload Threshold,Clean
Schlumberger,CWAP,S/m,Apparent Formation Water Conductivity,Clean
Baker Hughes Inteq,TNSP09K,us,Monopole multiplexed sample period,Clean
Halliburton Logging,YY_FHA,uV,Pre Firing Voltage,Clean
Baker Hughes Inteq,AGNXX1,B,Acoustic averaged receiver gain,Clean
Schlumberger,LNLA2_FILT,MHz,"Neutron Long Window 2 Late Count Rate, Filtered",Clean
Schlumberger,ULTRASONIC_IMAGE,m,Ultrasonic Standoff Image,Clean
Schlumberger,BTEP⁠,K,Board Temperature,Mnemonic boundary invisible character
Schlumberger,HIIBP,kPa,HITA Input Borehole Pressure To AIT Processing,Clean
Baker Hughes Inteq,R42,in,Multi-arm_data - Feeler 42 radius,Clean
Schlumberger,ECD_PPC2,µm,Ellipse Center Distance,Unicode micro prefix in unit
Halliburton Logging,EPS3QTempStabP1,mV,EPS3 Quartz Temperature Stability Probe 1,Mnemonic-unit semantic mismatch
Schlumberger,"  SSW3",kHz,Raw Short Spacing Window 3 Count Rate,Mnemonic boundary whitespace
Schlumberger,MTEM_FILT,degC,Filtered Mud Temperature,Clean
Schlumberger,sWPC_TAPER_UHR,%,Water Saturation from Capillary Pressure Computation using Tapered Cutoff for Upper High-Resolution Antenna,Mnemonic case error
Halliburton Logging,BHCR60K29XX,S/m,Bore Hole Correction R60K 29In X Trans/ X Recv,Clean
BP,BP_MUD_MDI1_MPD,kg/m3,Density In 1  (MPD),Clean
Baker Hughes Inteq,QPL1P,bar,Tic mark for drawdown pressure every 0.1 psi from PLCOR,Clean
Baker Hughes Inteq,DP5A,Kohm.m,Pad 5 frequency A average of two center button resistivities,Unit-symbol case error
Halliburton Logging,ARHF,lbm/ft3,Average Fluid Density,Clean
Halliburton Logging,ENSI,Hz,Near Inelastic Counts EVR,Clean
Baker Hughes Inteq,"MFFZX﻿",mS/m,"Multi frequency focusing, ZX, apparent conductivity",Mnemonic boundary invisible character
Schlumberger,RP02,AE,"Uncalibrated Current, Azimuth 2, 0 degree",Unit-symbol typographical error
Schlumberger,POUDET,µs,MRPOUD Elapsed Pumping Time,Unicode micro prefix in unit
Baker Hughes Intq,MWIN,kg/m3,Mud Weight In - Average,Service-company spelling error
Schlumberger,DPAZ72_1DF,rad,3D Induction 1D Inversion Filtered True Dip Azimuth from 72 inch Array,Clean
Baker Hughes Inteq,ATNSOR,B/m,"Compensated attn., outer rcrvs, short xmtrs, all freq.",Clean
Baker Hughes Inteq,"  LSFREQ",MHz,Lamb S0 frequency,Mnemonic boundary whitespace
Schlumberger,POPR,InHg[60degF],MRPO Raw Hydraulic Pressure,Unit-symbol case error
Baker Hughes Inteq,BPUD1P,MHz,Peak user input band pass filter 1,Clean
Baker Hughes Intq,M1CC1,kS/m,"HDIL 1-foot resolution compressed conductivity, 10-inch DOI",Service-company spelling error
Baker Hughes Inteq,fL70,T,FL CHANNEL 70,Mnemonic case error
Schlumberger,SEG_RHOB,kg/m3,"Bulk Density Image, 0.1 ft, 16-Sector",Clean
Halliburton Logging,B1MD,mT,B1 adjusted for Temperature,Clean
BP,"BP_PITVOL_RES1	",bbl,Tank Volume - Reserve 1,Mnemonic boundary whitespace
Baker Hughes Inteq,PO4A2,Euc,Second T2 accumulated partial porosity sum,Clean
Schlumberger,RN15_SL,Hz,Near Count Rate From Gate 15,Clean
Baker Hughes Inteq,EPSSO,uF/m,Rel permittivity short xmtrs outer rcvrs all frequencies,Clean
Schlumberger,RES_BD_IMG_DH,kohm.m,"Compensated Deep Button Resistivity Image, Computed Downhole",Clean
Schlumberger,RTTEMPLI,K,Right Temperature Limit,Clean
Schlumberger,A33B_COND,kS/m,Blended Attenuation Conductivity 33 Inch Spacing,Clean
Baker Hughes Inteq,HP04,mV,High pass filter with default 2000 Hz cutoff,Clean
Halliburton Logging,TrueDip,cgr,True Formation Dip Average,Clean
Schlumberger,p252,dega,Phase R2 from T5 at 2 MHz,Mnemonic case error
Schlumberger,DPAZ_ZD2,rad,3D Induction Group 2 Zero-D Inversion True Dip Azimuth,Clean
Schlumberger,SSP4,rad,Symmetrized Directional Shallow Phase Shift at 400 KHz.,Clean
Halliburton Logging,ACV,V,Auxiliary Set Voltage,Clean
Baker Hughes Inteq,LTT,ft/min,Long space traveltime,Clean
Schlumberger,T2L7_UHR,us,T2 Logarithmic Mean of Bin 7 for Upper High-Resolution Antenna,Clean
Baker Hughes Inteq,APH3AS,dega,Pad 3 frequency A average phase over pad buttons (2nd),Clean
Baker Hughes Inteq,AGNFA,B,Combined acoustic averaged receiver gain,Clean
BP,BP_SURGE_SWAB_SHOE,g/cm3,Surge Swab - Shoe (calculated),Clean
Schlumberger,SWM2,ppm,Weight Percent Of Special Mineral #2,Mnemonic typographical error
Schlumberger,PSTNPOS,m,Piston Position,Clean
Schlumberger,CR65,0.1 Ft,Corrected Radius 65,Unit-symbol case error
Schlumberger,RV_LL_UB_ZD6,Ohm.m,3D Induction Group 6 Zero-D Inversion Vertical Resistivity Low Likelihood Upper Bound,Unit-symbol case error
Halliburton Logging,THP,W,Total Horsepower,Clean
Schlumberger,FPO2_DL,ft,MRFC 2 Piston Offset,Clean
Schlumberger,CPFR1,ohm.m,MDCP 1 Flowline Fluid Resistivity,Clean
Schlumberger,ILMN,ohm.m,Measure of ILM Minus Sqrt(Sigma**2+Tau**2),Clean
Baker Hughes Inteq,TFST00,s,Monopole multiplexed waveform start time,Clean
Baker Hughes Inteq,FLC76,T,FLC_76,Clean
Schlumberger,RHOS2,g/cm³,Short Spacing Density from second tool,Unicode power notation in unit
Baker Hughes Inteq,MLR1C,Ohm.m2/m,"RTeX shallow resistivity 1, adaptive borehole correction",Unit-symbol case error
Schlumberger,PAMH4_DL,kPa,MRPA 4 Memorized Hydrostatic Pressure,Clean
Baker Hughes Inteq,DIS3,mT,DIS CHANNEL 3,Clean
Schlumberger,UFGA,dB,Maximum Allowed Electronic Gain Far,Clean
Baker Hughes Inteq,FING68,m,Finger 68 readings,Clean
Baker Atlas,CIDQ,mS/m,deep conductivity quadrature,Clean
Halliburton Logging,mP_Hole_Size,ft,Measured Hole Diameter,Mnemonic case error
Halliburton Logging,NFLCFC,HMz,Decay Filtered Compress N / F/ L,Unit-symbol typographical error
Baker Atlas,Tqst11,s,monopole multiplex waveform start time,Mnemonic case error
Schlumberger,HARSEQ,ohm.m,12 Equalized Azimuthal Shallow Resistivities,Clean
Schlumberger,BSAL,Euc,Borehole Salinity,Clean
Baker Hughes Inteq,GRDH,Hz,Gamma ray downhole,Clean
Baker Hughes Inteq,P1BTN,ohm.cm,Packed pad 1 block (buttons 1-24),Clean
Halliburton Logging,UFM_ALT_Hole_Size,Yd,Measured Hole Diameter,Unit-symbol case error
Schlumberger,A22L_UNC,Ohm.m2/m,Uncorrected Attenuation Resistivity 22 inch at 400 KHz,Unit-symbol case error
Baker Hughes Inteq,HYPWC3,psi,"Hydraulic pressure target for 1986WA module, instance 3",Clean
Schlumberger,IDRM,ohm.cm,Deep Induction Response Matched Resistivity,Clean
Schlumberger,DTCO_MINUS_ERR_TOTAL,ms/m,Compressional Delta-T Minus Total Compressional Delta-T Error,Clean
Schlumberger,RR12,kohm.m,"Resistivity, Azimuth 12",Clean
Baker Hughes Inteq,NNDM,1/Yd,"Neutron Porosity Data Density, Memory",Unit-symbol case error
Halliburton Logging,ST_ALT_LM_FHB,V,Post Firing Voltage,Clean
Halliburton Logging,DPMP,m,Depth Mid Probe,Clean
Halliburton Logging,CORL,ft,Core Length,Clean
Halliburton Logging,FMVL,uV,Mud Filtrate Volume,Mnemonic typographical error
Baker Hughes Inteq,FEC1,MHz,Iron capture indicator (near detector),Clean
Schlumberger,ASTD1,ft,Array Induction Two Foot Inner Diameter of Invasion(D1),Clean
Schlumberger,MTEP_SAP_DL,K,Sapphire Gauge Manometer Temperature (Depth Logging),Clean
Halliburton Logging,21kRV17,ohm.cm,12k Rv 17 inch for the MCIV1D,Mnemonic typographical error
Halliburton Logging,HT01,kHz,10 in Radial Resistivity 2ft,Mnemonic-unit semantic mismatch
Baker Hughes Inteq,RBOD,dega,Relative bearing (relative to borehole high side),Clean
Baker Hughes Inteq,WZ,mgn,Z-axis accelerometer,Clean
Baker Hughes Inteq,QPL6P,bar,"Tic mark for drawdown pressure every 10 K psi, PLCOR",Clean
Baker Hughes Inteq,MPHEA3,%,MR effective porosity for 3rd T2 process,Clean
Baker Hughes Inteq,PVLT,mS/m,Power supply voltage,Mnemonic-unit semantic mismatch
Schlumberger,PAIV2,L,MRPA 2 Inflation Volume,Clean
Schlumberger,PSUP,rad,Calibrated Phase Shift Up,Clean
Halliburton Logging,VM41,uV,Differental Voltage Measurement 4 Magnitude - Pad 1,Clean
Schlumberger,AAN6,Krad,CSAT-6 Arm Angle,Unit-symbol case error
Baker Hughes Inteq,SRA117M,ohm.cm,Electrical Image - Sector 117 - Memory,Clean
Schlumberger,RES_BD1,ohm.m²/m,"Resistivity Deep, Octant 1",Unicode power notation in unit
Baker Hughes Inteq,IDS93,T,DIS CHANNEL 93,Mnemonic typographical error
Halliburton Logging,EP2P1TVD,in,EP2P1 TVD Depth Probe,Clean
BP,BP_PITVOL_COL3,m3,Tank Volume - Column 3,Clean
Baker Hughes Inteq,SRA002M,kohm.m,Electrical Image - Sector 2 - Memory,Clean
Halliburton Logging,EP3P2Depth,m,EP3P2 Depth Probe,Clean
Baker Hughes Inteq,APQT,psi,Sentinel perimetral Quartzdyne gauge pressure,Clean
Baker Hughes Inteq,FPAD,kPa,Packer extend pressure,Clean
Halliburton Logging,TNBC,degF,HPD Inside Case RX Temperature Corrected,Clean
Baker Hughes Inteq,TNST,ms,Monopole multiplexed waveform start time,Clean
Schlumberger,OBRC_2,ohm.m,Buttons Resistivities Pad C,Clean
Halliburton Logging,60kDip17,cgr,60k Dip 17 inch for the MCIV1D,Clean
Baker Hughes Inteq,TYXST##,ms,XY-axis multiplexed waveform start times,Clean
Baker Hughes Inteq,FLC90,uT,FLC_90,Clean
Schlumberger,P33H_COND,kS/m,Phase Shift Conductivity 33 Inch Spacing at 2 MHz,Clean
Schlumberger,ASCRF,ohm.cm,Array Induction Computed Effective Formation Resistivity,Clean
Baker Hughes Inteq,RADIUS07M,in,Acoustic Caliper - Radius - Sector 7 - Memory,Clean
Baker Hughes Inteq,SRA109M,kohm.m,Electrical Image - Sector 109 - Memory,Clean
Schlumberger,COND_XO_F1_SIG,mS/m,Uncertainty on Frequency 1 Invaded Zone Conductivity,Clean
Schlumberger,PAQP,bar,MRPA Quartz Gauge Pressure,Clean
Baker Hughes Inteq,M1CC2,kS/m,"HDIL 1-foot resolution compressed conductivity, 20-inch DOI",Clean
Halliburton Logging,DP1PtPress,psi,DP1 Pretest Pressure,Clean
Baker Hughes Inteq,BTN4,uV,Resistivity trace from button 4,Clean
BP,bP_PITVOL_SLOP2,m3,Tank Volume - Slop 2,Mnemonic case error
Halliburton Logging,MP_Slowness_Peaks,us,Slowness Peaks,Clean
Halliburton Logging,HT02,ohm.m,20 in Radial Resistivity 2ft,Clean
Baker Hughes Inteq,QT3P,psi,"Tic mark for drawdown pres. every 10 psi, sample sensor",Clean
Baker Hughes Inteq,DIP3,uV,"Pad 3 average data of buttons 11, 12, 13, 14",Clean
Halliburton Logging,XX_ALT_Slowness_Peaks,imn,Slowness Peaks,Unit-symbol typographical error
Baker Hughes Inteq,BYPC,uV,Bypass valve current feedback voltage,Clean
Halliburton Logging,EPS1P2CP,kPa,EPS1 P2 Quartz Gauge Correction Pressure,Clean
Baker Hughes Inteq,QPL2P,bar,Tic mark for drawdown pressure every psi from PLCOR,Clean
Schlumberger,CFC11_BH,bar,Elastic Constant C11 Computed from Four Velocities and Two Relative Dips referred to Borehole Axis,Clean
Baker Hughes Inteq,qPJ2P,kPa,Tic mark for drawdown pressure every psi from APQJ,Mnemonic case error
Schlumberger,ZBAM_F2_B,Gohm,"Impedance of Buttons, Magnitude, Frequency 2, Pad B",Clean
Halliburton Loggig,FR23,kohm.m,DIFF RESISTIVITY 12 17 CM,Service-company spelling error
Schlumberger,RF2_SL,μHz,Far Count Rate From Gate 02,Unicode micro prefix in unit
Schlumberger,"IUQB	",A,"Upper electrode Injected Current Quadrature, Pad B",Mnemonic boundary whitespace
Schlumberger,XRWF,m,Radius image from the UBI without eccentering correction,Clean
Baker Hughes Inteq,PO4B2,ppm,Second BVI accumulated partial porosity sum,Clean
Schlumberger,FPR1,L/min,MRFC 1 Piston Rate,Clean
Halliburton Logging,XPAD2,mS/m,XRMI Pad 2 values,Clean
Schlumberger,DPAA27_LB_1DF,cgr,3D Induction 1D Inversion Filtered Apparent Dip Azimuth Lower Bound from 27 inch Array,Clean
Baker Hughes Inteq,W03EA,degC,HTHP XMAC III EA temperature,Clean
Schlumbergr,PAD_PRESSURE,psi,Pad Pressure,Service-company spelling error
Schlumberger,FULL_CIRC_CHOKE_TIME,us,Time for one full circulation through the choke line,Clean
Baker Hughes Inteq,ZR1BUS,us,Second tool Frequency 2 pad 1 resistance,Mnemonic-unit semantic mismatch
Schlumberger,P04DIA,Link,Hole Diameter [04],Unit-symbol case error
Schlumberger,PWD0,ft,Packed Waveform Depth 0,Clean
Schlumberger,VTEM,mV,Raw Voltage of Temperature,Clean
Halliburton Logging,C6RESIDUALS,lbm/ft3,C6PlusResidual,Clean
Halliburton Logging,FNIN,kHz,Far Net Inel Count Rate,Clean
Baker Hughes Inteq,aBDC9M,g/cm3,Azimuthal Bulk Density - Compensated - Sector 9 - Memory,Mnemonic case error
Schlumberger,SIGM_05,m2,"Formation Sigma, pass 05",Clean
Schlumberger,SRQDT,degC,MRSR Quartzdyne Gauge Sensor Pressure,Clean
Baker Hughes Inteq,GVIDL,mV,Ideal guard voltage,Clean
Schlumberger,M01_R,uA,"Raw Monitor 0 Current from Transmitter 1, In Phase",Clean
Schlumberger,SPHASE_SM_SH1,rad,Signal Phase from Sub-Measurements for Shell 1,Clean
Schlumberger,TTP1_RT,s,Peak 1 Transit Time for Receiver Array,Clean
Halliburton Logging,ERPO,pmp,Error Potassium,Unit-symbol typographical error
Halliburton Logging,SCH6,mS/m,Skin Effect Conductivity D6,Clean
Schlumberger,GAS_PSEUDO_PRES,kPa,Gas pseudo critical pressure,Clean
Baker Hughes Inteq,SRA14X,kohm.m,Electrical Image - Sector 14 - Real-time,Clean
Schlumberger,COND_DLG4_F1_SIG,S/m,Uncertainty on Frequency 1 Differential Longitudinal Spacing 4 Conductivity,Clean
Schlumberger,1PAZ_MAST,cgr,"Pad 1 Azimuth in Horizontal Plane (0 = True North), memorized to MAST",Mnemonic typographical error
Pason,FORMATIONDENSITY,kg/m3,Formation Density,Clean
Schlumberger,UNIX_TIME,us,The number of seconds since January 1st 1970,Clean
Schlumberger,REA_PPC1,rad,Relative Ellipse Azimuth,Clean
Schlumberger,oVAAD_2,mV,Applied Voltage Amplitude Pad D,Mnemonic case error
Baker Hughes Inteq,RADW,ft,Array of 6 radius curves,Clean
Schlumberger,"SPHASE	",dega,Signal Phase,Mnemonic boundary whitespace
Schlumberger,DPAA15_UB_1DF,rad,3D Induction 1D Inversion Filtered Apparent Dip Azimuth Upper Bound from 15 inch Array,Clean
Schlumberger,PCRQ2_DL,kPa,MDCP 2 Raw Quartz Gauge Pressure,Mnemonic typographical error
Halliburton Logging,RMLC,ohm.cm,Resistivity frm diffential phase&ampl from RXM & RXL receivers,Clean
Baker Hughes Inteq,TFLSK,ms,Time remaining until maximum temperature inside flask sensor,Clean
Schlumberger,SRQDT2,K,MRSR 2 Quartzdyne Gauge Sensor Pressure,Clean
Schlumberger,DRHU_WDP,0.01 Grain/ft3,"Bulk Density Correction, Up, via WDP",Unit-symbol case error
Schlumberger,IP04,tA,"Current, Azimuth 4, 0 degree",Unit-symbol case error
BP,BP_CUMVOL_MUDPUMP2,m3,Volume Pumped (Cum) - Mud Pump 2,Clean
Halliburton Logging,DP0PtTemp,degF,DP0 Pretest Temperature,Clean
Schlumberger,SURT,s,Time when survey was taken or entered by user,Clean
Schlumberger,IRDN,kS/m,Induction Real Deep Plus in-phase Conductivity,Clean
Baker Hughes Inteq,DeltaPres_2,kPa,Delta Pressure 2 - Memory,Clean
Halliburton Logging,TMTC,degF,HPD Outside Case Top Temperature Corrected,Clean
Schlumberger,PQPDD3_DL​,bar,MRPQ 3 Pretest Drawdown Pressure Limit,Mnemonic boundary invisible character
Schlumberger,PFPG_LWR,Pa/m,"Fracture Pressure Gradient, Lower",Clean
Schlumberger,HDRA,lbm/ft3,Density Standoff Correction,Clean
Baker Hughes Inteq,RCCONDC,mS/m,Sentinel Conductivity of fluid in R/C sensor,Clean
Baker Hughes Inteq,SRA007M,ohm.cm,Electrical Image - Sector 7 - Memory,Clean
Halliburton Logging,BHCR12K29ZZ,mS/m,Bore Hole Correction R12K 29In Z Trans/ Z Recv,Clean
Halliburton Logging,BCH4,kS/m,Borehole Corrections Conductivity D4,Clean
Schlumberger,GDIM_LFA,uV,Gas Detector Source Intensity Monitor Data,Clean
Baker Hughes Inteq,RMXGGT,uT,Raw X-axis magnetometer shifted to GTI,Clean
Baker Hughes Inteq,FLR50,T,FLR_50,Clean
Schlumberger,A33B_COND_RT,S/m,"Blended Attenuation Conductivity 33 inch, Real-Time",Clean
Baker Hughes Inteq,FLR24,T,FLR_24,Clean
Pason,AGIT_RPM,rev/s,tgs RPM,Clean
Baker Hughes Inteq,M0C2,mS/m,"Focused conductivity, 20-inch DOI",Clean
Schlumberger,KPPOS,ft,Kinematics Piston Position,Clean
Schlumberger,T2LM_DF2_SH8,us,Logarithmic Mean of Special Fluid 2 T2 Distribution (Diffusion Free) for Shell 8,Clean
Baker Hughes Inteq,SPRDW,ft,Final spline radii,Clean
Schlumberger,PRINRCPTERR,rad,Pressure Intercept Error,Mnemonic-unit semantic mismatch
Schlumberger,DTT3F_MUH,ms,Transit Time Difference 3 ft from Monopole Upper High Frequency Waveform,Clean
Schlumberger,CWOB,lbf,Corrected Surface Weight-on-Bit,Clean
Baker Hughes Inteq,SPUP5,kHz,Spinner up revolutions per second,Clean
Halliburton Logging,BHCR84K17YX,S/m,Bore Hole Correction R84K 17In Y Trans/ X Recv,Clean
Baker Hughes Inteq,DZR2BS,kohm.m,Freq B pad 2 dynamic real resistivity of formation impedance,Clean
Pason,MUD_300RPM_DEF,cgr,300 RPM deflection,Clean
Halliburton Logging,SPR,uV,Raw Spontaneous Potential,Clean
Schlumberger,DRFA,kohm.m,DPT Resistivity Far,Clean
Halliburton Logging,36kDip17,dega,36k Dip 17 inch for the MCIV1D,Clean
Halliburton Loggig,FMP_PL_DT,ms,Sonic Delta-T Reflected Shear,Service-company spelling error
Schlumberger,ETEN_MIN_TEN,kPa,Excess tensile strength at the tensile apex wellbore pressure,Clean
BP,BP_GAS_ADV_C3_IN,ppm,Propane (C3) IN - Advanced service,Clean
Halliburton Logging,DECP,lbm/ft3,Density Correction EVR Positive,Mnemonic typographical error
Schlumberger,A0,uV,Analog 0 (Regular),Clean
Baker Hughes Inteq,OBD4,mV,"Pad 4 average data of buttons 3, 4, 5, 6",Clean
Baker Hughes Inteq,FSAF1,ms,"Surface pick 1st arrival time, T1R1",Mnemonic typographical error
Schlumberger,UU,Euc,"Volumetric Photoelectric Factor, Up",Clean
Halliburton Logging,SEU3,kohm.m,Skin Effect Corrections U3,Clean
Baker Hughes Intq,FS12,kHz,Frequency step calculated,Service-company spelling error
Schlumberger,PQRD3,bar,MRPQ 3 Quartzdyne Raw Pressure,Clean
Schlumberger,ERDTIM,us,End of the Radial Flow Regime Interval Time,Clean
Schlumberger,TKO_SNRF4T,B,"Time-Wavenumber-Order (Pronys Analysis), Signal to Noise Ratio Transmitter Array - Monopole PS",Clean
Baker Hughes Inteq,Annular Pressure After,bar,Annular Pressure After - Real-time,Clean
Baker Hughes Inteq,FLC15,T,FLC_15,Clean
Baker Hughes Inteq,BHTT,ms,Reflectance Traveltime (image),Clean
Halliburton Logging,XDP_XY_Time,s,Pick Time,Clean
Halliburton Logging,DP0P2PressStab,Psi/min,DP0P2 Pressure Stability Probe,Unit-symbol case error
Schlumberger,RVG3,V,G Potential Difference in Step 3,Clean
Halliburton Logging,"  MXBK",Euc,Max Borehole K Concentration Error,Mnemonic boundary whitespace
Baker Hughes Inteq,DIS46,uT,DIS CHANNEL 46,Clean
Schlumberger,RBIM,g/cm3,"Bulk Density Image, Quadrant",Clean
Baker Hughes Inteq,MTPERMCX,mD,Permeability Index - Surface Derived - Real-time,Clean
Schlumberger,TRISDEV,cgr,Input SDEV - 3 inch from 6 inch GPIT Data,Clean
Baker Hughes Inteq,PADG,dB,Pad gain code,Clean
Schlumberger,OUAX,Gal,Acceleration on X Axis Offset Uncorrected,Clean
Halliburton Logging,"  CAP6",uA,Survey Current Average - Pad 6,Mnemonic boundary whitespace
Halliburton Logging,PLXL,dega,HFDT Insite Phase of Lower Receiver TXUoff TXLon,Clean
Schlumberger,VIB_Y_RT,gn,"Transverse Y-axis RMS Vibration, Real-Time",Clean
Baker Hughes Inteq,PESLOE,F/m,"Rel permittivity estimate long xmtrs outer rcvrs, all freq.",Mnemonic typographical error
Baker Hughes Inteq,R02,in,Multi-arm_data - Feeler 2 radius,Clean
Halliburton Logging,BHCR12K17YY,Sm/m,Bore Hole Correction R12K 17In Y Trans/ Y Recv,Unit-symbol typographical error
Schlumberger,XRCO,Eohm,Contact Resistance X,Clean
Schlumberger,SNTR,Hz,"Neutron Short Spacing Tau Count Rate, Right",Clean
Schlumberger,SPHASE_SH4,rad,Signal Phase for Shell 4,Clean
Halliburton Logging,48kDip29,dega,84k Dip 29 inch for the MCIV1D,Mnemonic typographical error
Halliburton Logging,AMU4,dB/ft,Low Reso. Wave attenuation based on m/l rcvrs from upper xmtr.,Clean
Schlumberger,PKTI_MFX,ms,Peak Time for Slowness-Time Coherence for Monopole Far Transmitter Custom Frequency Firing Monopole Component,Clean
Baker Hughes Inteq,TEMP1,K,Temperature 1,Clean
Halliburton Logging,72kSK80,rad,72k Strike 80 inch for the MCIV1D,Clean
Baker Hughes Inteq,SRA37X,ohm.m,Electrical Image - Sector 37 - Real-time,Clean
Schlumberger,S2C,rev/s,Spinner 2,Clean
Schlumberger,THHN,m,Minimum Thickness of Plate (Fluid Properties Measurement),Mnemonic typographical error
Schlumberger,AT_DLG3_F1_HR_SIG⁠,dB,Uncertainty of High Resolution Frequency 1Longitudinal Spacing 3 Attenuation,Mnemonic boundary invisible character
Schlumberger,FSTF1_DL,m3/d,MRFC 1 Set Flowrate,Clean
Baker Hughes Inteq,OP6B2,Euc,Second BVI accumulated partial porosity sum,Mnemonic typographical error
Schlumberger,RZAQ3A,uV,"Uncalibrated 12 AZ Voltages Mode 3A, quadrature",Clean
Schlumberger,RLA3_REC3D,kohm.m,Reconstructed HRLT resistivity (channel 3) with 3D forward modeling,Clean
Schlumberger,TRIVFIREFAVG15,kS/m,3D Induction 15 Inch Array Vertical Fracture Indicator Reference Averaged,Clean
Schlumberger,DQP1,kPa,MRDP 1 Quartz Gauge Pressure,Clean
Baker Hughes Inteq,QDT2,DegF,Quartzdyne reference temperature (2nd tool),Unit-symbol case error
Halliburton Logging,WL3V,mV,Wire Line 3 Voltage,Clean
Baker Hughes Inteq,AZGT,rad,Azimuth of reference pad for GTI,Clean
Schlumberger,EEBS,µm,Estimated Electrical-probe Bubble Size,Unicode micro prefix in unit
Pason,TGS_HYDROCARB_VOLT,mV,tgs Hydrocarbon Voltage,Clean
Baker Hughes Intq,MNPAS,rad,All pad frequency A minimum phase over pad buttons (2nd),Service-company spelling error
Schlumberger,SWPM,%,Saturation Water for Production Management Log,Clean
Schlumberger,RLS1,kHz,Raw Long Spacing Window 1 Count Rate,Clean
Schlumberger,ROBL_A,g/mc3,"Bulk Density, Left, Computed Downhole",Unit-symbol typographical error
Halliburton Logging,FMP_ALT_Comp_DT,ms,Sonic Delta-T,Clean
Schlumberger,PA_PAQP_FORM_PRESS,abr,"Packer Interval Formation Pressure from the Quartz Gauge, PAQP",Unit-symbol typographical error
Halliburton Logging,EP1MeasRate,ft³/d,EP1 Pretest Measured Rate,Unicode power notation in unit
Baker Hughes Inteq,TRADW,in,Tool radius,Clean
Halliburton Logging,EP1P2PressStab,MPa/h,EP1P2 Pressure Stability Probe,Clean
Baker Hughes Inteq,PRERC,bar,Sentinel Pump retracted pressure,Clean
Baker Hughes Inteq,A0MC,dega,"Calibrated cement map, Lamb A0",Clean
Schlumberger,HFB1,Hz,APS High Resolution Thermal Detector Neutron Burst-Off Background Window 1 Count Rate,Clean
Pason,AD_WOB_SP,N,AutoDriller WOB SP,Clean
Schlumberger,VRAM_F1_A1,mV,"Voltage Return, Amplitude, Frequency 1, Pad A and Button 1",Clean
Baker Hughes Inteq,DTMN2,h/km,Minimal slowness (2nd tool),Clean
Halliburton Logging,MSTM,us,Accumulation time for Middle Spectrum,Clean
Schlumberger,DNA,dB,DPT Near Attenuation,Clean
Schlumberger,nM7F,uV,Normalized MAP 7 Amplitude (Fluid Compensated),Mnemonic case error
Schlumberger,DPTR54_1DF_DISPLAY,cgr,3D Induction 1D Inversion Filtered True Dip Magnitude from 54 inch Array (modified to display tadpoles less frequently),Clean
Schlumberger,DPTR27_1DF,ard,3D Induction 1D Inversion Filtered True Dip Magnitude from 27 inch Array,Unit-symbol typographical error
Halliburton Logging,NLIC,MHz,Near Lithology Calibrated,Clean
Halliburton Logging,LMP_Shear_Time,ms,Pick Time Reflected Shear,Clean
Schlumberger,DRGR,h/km,Gradient of Drift Curve,Clean
Schlumberger,TIME_1900,us,"Elapsed time since midnight, 30 December 1899",Clean
Schlumberger,TTT_SLOW,ms,"Peak Time, Transmitter Array - SLOW",Clean
Halliburton Logging,NUMU,rad,Dphase frm diff. phase&ampl from RXU & RXM rcvrs TXU Working,Clean
Baker Hughes Inteq,PRS,bar,Spartek pressure,Clean
Baker Hughes Inteq,AQRB3X,dega,X-axis to Y-axis relative bearing change for 3DeX,Clean
Halliburton Logging,SCH4,mS/m,Skin Effect Conductivity D4,Clean
Halliburton Logging,BHCR36K29XZ,kS/m,Bore Hole Correction R36K 29In X Trans/ Z Recv,Clean
Pason,AD_TORQUE,uA,AutoDriller Torque,Clean
BP,BP_PITVOL_HOLD4,bbl,Tank Volume - Holding 4,Clean
Baker Hughes Inteq,DIS22,mx,DIS CHANNEL 22,Unit-symbol typographical error
Schlumberger,PS_DLG2_F2_SIG,rad,Uncertainty of Frequency 2 Longitudinal Spacing 2 Phase Shift,Clean
Schlumberger,RLA0,ohm.m,Apparent Resistivity from Computed Focusing Mode 0,Clean
Schlumberger,AT_DTR2_F0,dx,Frequency 0 Transverse Spacing 2 Attenuation,Unit-symbol typographical error
Halliburton Logging,CID2,ft,Inner Casing Diameter 2,Clean
Schlumberger,EOBS,m,Estimated Optical-probe Bubble Size,Clean
Baker Hughes Inteq,DD_VOLUME,m3,Incremental Drawdown Volume - Memory,Clean
Halliburton Logging,VM55,µV,Differental Voltage Measurement 5 Magnitude - Pad 5,Unicode micro prefix in unit
BP,BP_PITVOL_BRN2,L,Tank Volume - Brine 2,Clean
Schlumberger,P07FDS,kg/m3,Fluid Density [07],Clean
Baker Hughes Inteq,T08F,ms,Time remaining until max temperature for inside flask sensor,Clean
Baker Hughes Inteq,MNR4A,ohm.m,Pad 4 frequency A minimum button resistivity,Clean
BP,BP_GAS_ADV_C3_DEP,Euc,Dep - Propane (C3) - Advanced service,Clean
Baker Hughes Inteq,gDENC,kg/m3,Chemically derived grain density,Mnemonic case error
Schlumberger,A4,uV,Analog 4 (Regular),Clean
Halliburton Logging,WCAL,s,TCAL WF mode,Clean
Schlumberger,RZVD1,mV,"Uncalibrated A0*-A0*' Difference Voltage 1, in phase",Clean
Halliburton Logging,BTMP,degC,BoreHole Temperature,Clean
Baker Hughes Inteq,ABDC4M,kg/m3,Azimuthal Bulk Density - Compensated - Sector 4 - Memory,Clean
Baker Hughes Intq,FLC42,mT,FLC_42,Service-company spelling error
Schlumberger,RA40H,Ohm.m2/m,Real-Time 40 inch spacing attenuation resistivity,Unit-symbol case error
Baker Hughes Inteq,PKSTT,ms/m,"Array of found peak locations, total, transmitter",Clean
Schlumberger,RHOMS_SLDT,kg/m³,SLDT/QLDT Middle Spacing Density,Unicode power notation in unit
Halliburton Logging,BDip72k80,rad,"Borehole Dip 72k 80""",Clean
Schlumberger,WFEL,%,Weight Percent Of Feldspar,Clean
Schlumberger,CPRF3,kHz,MDCP 3 Flowline Resistivity Frequency,Clean
Schlumberger,DT4ST,ms/m,"Delta-T Shear, Transmitter Array - Monopole P&S",Clean
Schlumberger,IRBK_EXT,ft,Internal Radii Corrected for External Eccentering,Clean
Baker Hughes Inteq,QK0P,N/m²,Tic mark for drawdown pressure every hundredth psi,Unicode power notation in unit
Baker Hughes Inteq,CDELOE,kS/m,"Conductivity estimate long xmtrs outer rcvrs, all freq",Clean
Halliburton Logging,RA4,ohm.cm,Resistivity corrected Apparent Resistivity Mode 4,Clean
BP,BP_RES_USH_PH_LF_DEP,nohm.mm²/m,Dep - Resistivity - UltraShallow - Phase - Low Frequency,Unicode power notation in unit
Baker Hughes Inteq,XYAR,mS/m,"Apparent conductivity unique frequency, real, XY",Clean
Baker Hughes Inteq,FLC91,T,FLC_91,Clean
Baker Hughes Inteq,EPSMIE,F/m,"Rel permittivity estimate med xmtrs inner rcvrs, all freq.",Clean
Baker Hughes Inteq,HP02P,Hz,Peak high pass filter with default 600 Hz cutoff,Clean
Schlumberger,ESA,in,Ellipse Short Axis,Clean
Baker Hughes Inteq,CSIDR,ft,Casing size radius (inner),Clean
Baker Hughes Inteq,HYPM,psi,Hydraulic power pressure,Clean
Baker Hughes Inteq,DUMPC,mV,Dump valve current feedback voltage,Clean
Halliburton Logging,ST_ALT_LM_FHA,uV,Pre Firing Voltage,Clean
Schlumberger,TPMA,h/km,Time Propagation Matrix Apparent,Clean
Schlumberger,DTIME_09,s,Delta Time From Transient 09 Start,Clean
Baker Hughes Inteq,SPDNB,min,Spinner down revolutions per second,Mnemonic-unit semantic mismatch
Baker Hughes Intq,GE1S,MHz,Short space early gate 1 count rate,Service-company spelling error
Baker Hughes Inteq,IPL2,Hz,Inelastic spectrum using large windows (far detector),Clean
Baker Hughes Inteq,FLC72,T,FLC_72,Clean
Halliburton Logging,TBP6,mV,Transmitter B Pad 6 - Used for Calibration,Clean
Schlumberger,TTFITQM1,ms,"Transit Time Line Fit Quality Control - Monopole Upper, Measurement 1",Clean
Schlumbergr,MUD_PRES,bar,Pressure Due To Mud Hydrostatic Head,Service-company spelling error
Schlumberger,HIF90,kohm.m,HITA Four Foot Resistivity A90,Clean
Schlumberger,RETT,ms,Remaining Tripping Time,Clean
Halliburton Logging,VM43,mV,Differental Voltage Measurement 4 Magnitude - Pad 3,Clean
Halliburton Logging,FMP_PL_Time,us,Pick Time Reflected Shear,Clean
Schlumberger,CE_REF_DT7,h/km,Delta-T Reference Waveform Array 7 Monopole Upper High Frequency for Cement Evaluation,Clean
Halliburton Logging,ST_LM_FHB,V,Post Firing Voltage,Clean
Halliburton Logging,BHCR72K80YY,S/m,Bore Hole Correction R72K 80In Y Trans/ Y Recv,Clean
Halliburton Logging,UFMP_Shear_DT,us,Sonic Delta-T Reflected Shear,Clean
Halliburton Loggig,ITCR2,MHz,Total Counts,Service-company spelling error
Baker Hughes Inteq,OFFS,m,Tool-to-centroid radius,Clean
Schlumberger,TIME_SFA_A90C,μs,Time Index Channel of Slowness-Frequency Projection for Slow Shear Azimuth Chirp Frequency,Unicode micro prefix in unit
BP,BP_MUD_MFIA5_MPD,L/min,Flow In 5 (MPD),Clean
Baker Hughes Inteq,FLR38,uT,FLR_38,Clean
Schlumberger,CCSLP2,bar,MDCC 2 Set Line Pressure,Clean
Halliburton Logging,BOTD,ft,Bottom Depth,Clean
Halliburton Logging,SALN,%,CaptMode NearBH Salinity,Clean
Baker Hughes Inteq,EPSMAX,F/m,"Rock matrix permittivity from xplt, real time",Clean
Schlumberger,WFVF_SL,m/h,Water Flow Velocity Measured by Far Detector - Time,Clean
Halliburton Logging,DEL_TENSION,lbf,Delta Cable Head Tension,Clean
Schlumberger,OIUPB,cgr,"Injected Current Upper Phase, Pad B",Clean
BP,BP_GAS_C5_ISO,%,Iso-Pentane (IC5),Clean
Halliburton Loggig,UFM_FHA,uV,Pre Firing Voltage,Service-company spelling error
Baker Hughes Inteq,FLC11,T,FLC_11,Clean
Schlumbergr,PMPT,us,Amount of time the pumps have been on this run,Service-company spelling error
Halliburton Logging,MIN_AVG_CAPAC2,uF,Minimum Average Capacitance 2,Clean
Baker Hughes Inteq,FLR17,uT,FLR_17,Clean
Schlumberger,FOD1,V,Fluid Ohmic Drop 1,Clean
Schlumberger,INCLIN_ARC,dega,ARC continuous inclination,Clean
Baker Hughes Inteq,QAHD,mgn,Magnitude of accelerometer vector for HTD,Clean
Schlumberger,DPAA_TOOL,rad,Apparent Dip Azimuth - Tool,Clean
Baker Hughes Inteq,HRD1S,Hz,Short space detector spectrum count rate 140-200 keV,Clean
Baker Hughes Inteq,AMD3F1,uV,Raw data amplitude T3 frequency 1 (in dB/V),Clean
Baker Hughes Inteq,RXO1D,ohm.m,Flushed zone resistivity,Clean
Schlumberger,IIRM,S/m,Intermediate Induction Real Medium Conductivity,Clean
Schlumberger,ROSN_ECO_RT,lbm/ft3,"Short Spacing Bulk Density from Neutron, Average",Clean
Schlumberger,PC06,bar,Pressure Channel 06,Clean
Schlumberger,RH_1D,ohm.cm,PeriScope/ARC 1D RhRvDip Inversion Horizontal Formation Resistivity,Clean
Baker Hughes Inteq,SPIN3,rev/s,Array spinner output sensor 3,Clean
Baker Hughes Inteq,CP6C,uV,"500 Hz row 6 spacing c differential delta module, sine",Clean
Schlumberger,FCFD_AVG,kg/m3,Averaged Friction Corrected Density,Clean
Baker Hughes Inteq,ABDC2M,kg/m3,Azimuthal Bulk Density - Compensated - Sector 2 - Memory,Clean
BP,BP_MUD_MFI1_MPD,m3/d,Flow In 1  (MPD),Clean
Schlumberger,SOIRPRES_PA2DL,N/mm²,MRPA 2 SOI Raw Pressure,Unicode power notation in unit
Baker Hughes Inteq,ID24,in,Dia. 24,Clean
Schlumberger,DRHNR_DH_ECO_RT,lbm/ft3,"Bulk Density from Neutron Correction, Right, Real-Time Computed Downhole",Clean
Baker Hughes Inteq,RMZGEI,mT,Raw Z-Axis magnetometer shifted to EI,Clean
Schlumberger,IPERM,m3,Integrated Permeability,Clean
Schlumberger,RZVA2,uV,"Uncalibrated Auxiliary Monitoring Voltage 2, in phase",Clean
Baker Hughes Inteq,LAFREQ,MHz,Lamb A0 frequency,Clean
BP,BP_GAS_ADV_C3,%,Propane (C3) - Advanced service,Clean
Baker Hughes Inteq,BTN2,V,Resistivity trace from button 2,Clean
Pason,MUD_HYDROXYL_ION_CONC,%,Hydroxyl ion concentr.,Clean
Schlumberger,WOBPOSR,in,Raw Weight On Bit Piston Position,Clean
Schlumberger,QGBD_SPRI_SL,m3/h,Bubble Count Gas Flowrate,Clean
Baker Hughes Inteq,DIS70,mT,DIS CHANNEL 70,Clean
BP,BP_LAGDEPTH,ft,LagDepth,Clean
Schlumberger,ZBAM_F1_H,Eohm,"Impedance of Buttons, Magnitude, Frequency 1, Pad H",Clean
Baker Hughes Inteq,fING80,in,Finger 80 readings,Mnemonic case error
Schlumberger,BREAKOUT_ANGULAR_WIDTH,dega,Hole Shape Analysis Breakout Angular Width,Clean
Schlumberger,AIR_SUPPLY_FLOWRATE,ft³/d,Air flowrate from compressor,Unicode power notation in unit
Halliburton Logging,DP0P1TempStab,deltaF/h,DP0P1 Temperature Probe Stability,Clean
Schlumberger,PEF_PRSS_HR,Hz,High Resolution Short Spacing PEF Pile-up Rejection Countrate,Clean
Schlumberger,AT_DLG3_F1_SIG,B,Uncertainty of Frequency 1 Longitudinal Spacing 3 Attenuation,Clean
Halliburton Logging,DIAU,in,Upper Diameter Measurement,Clean
Schlumberger,DPTR15_1D_DISPLAY,rad,3D Induction 1D Inversion True Dip Magnitude from 15 inch Array (modified to display tadpoles less frequently),Clean
Schlumberger,HEX_PD,lbm/ft3,C6+ Partial Density,Clean
Baker Hughes Inteq,PSLOR,cgr,"Phase shift, outer rcrvs, long xmtrs, all freq",Clean
Schlumberger,TRIVFIREF15,mS/m,3D Induction 15 Inch Array Vertical Fracture Indicator Reference,Clean
Schlumberger,RAPRES,V,SCTT Absolute Pressure Raw,Clean
Schlumberger,RN3_SL,Hz,Near Count Rate From Gate 03,Clean
Halliburton Logging,EP0P2QPress,kPa,EP0P2 Quartz Probe Pressure,Clean
Schlumberger,INST_GAS_FLOWRATE,m3/h,Instantaneous gas flow rate,Clean
Schlumberger,CR01,ft,Corrected Radius 1,Clean
Baker Hughes Inteq,WFFE,ppm,Weight fraction of iron in dry rock,Clean
Halliburton Logging,LMP_ALT_Shear_DT,s,Sonic Delta-T Reflected Shear,Clean
Baker Hughes Inteq,SOFTS2,µHz,Spectrum count rate 60-100 keV,Unicode micro prefix in unit
Schlumberger,RZIA2,mA,"Uncalibrated Auxiliary Current 2, in phase",Clean
BP,BP_MUD_MFI2_MPD,m3/d,Flow In 2  (MPD),Clean
Halliburton Logging,QUU3,kohm.m,Quality U3,Clean
Schlumberger,RACTE⁠,mA,Raw Accelerometer Temperature,Mnemonic boundary invisible character
Halliburton Logging,FE12,ohm.m,DIFF DIELECTRIC CONST 8 12 CM,Clean
Schlumberger,DVPRE_06,kPa,Derivative Pressure Transient 06,Clean
Schlumberger,TXI5,uA,Normalized Supply Current for Tx5 at 2 MHz,Clean
Schlumberger,"EANLTIM﻿",us,End of the Analysis Time,Mnemonic boundary invisible character
Baker Hughes Inteq,SRA10X,ohm.cm,Electrical Image - Sector 10 - Real-time,Clean
Baker Hughes Inteq,Total Pumped Volume,m3,Total Pumped Volume,Clean
Halliburton Logging,MP_Shear_Time,s,Pick Time Reflected Shear,Clean
Schlumberger,"OVAAC_2﻿",mV,Applied Voltage Amplitude Pad C,Mnemonic boundary invisible character
Baker Hughes Inteq,ZDR5A,Eohm,Frequency 1 pad 5 resistance,Clean
Halliburton Logging,EP0P1QPressCor,spi,EP0P1 Quartz Probe Pressure Corrected,Unit-symbol typographical error
Schlumberger,"  REA",rad,Relative Ellipse Azimuth,Mnemonic boundary whitespace
Baker Hughes Inteq,FRQEAS,Hz,Second tool Computed pad transmitter primary frequency,Clean
Schlumberger,RV_ML_UB_ZDB,ohm.cm,3D Induction Best Zero-D Inversion Vertical Resistivity Mid Likelihood Upper Bound,Clean
Schlumberger,FLD1_CGA2_DL,mV,CGA2 Fluorescence Channel 1 (Depth Logging),Clean
Schlumberger,HPT_SL,degF,HP Gauge Temperature,Clean
Baker Atlas,tryst02,ms,y-axis dipole multiplex waveform start time,Clean
Halliburton Logging,72kDip29,gcr,72k Dip 29 inch for the MCIV1D,Unit-symbol typographical error
Schlumberger,DFRB2_SL,cgr,2nd DEFT Calibrated Relative Bearing - Station Log,Clean
Halliburton Logging,YDP_YX_DT,s,Sonic Delta-T,Clean
Schlumbergr,SHK1,Hz,"Shock Rate, over 50G",Service-company spelling error
Baker Hughes Inteq,FL49,mT,FL CHANNEL 49,Clean
Halliburton Logging,BCU5,ohm.m,Borehole Corrections U5,Clean
Schlumberger,AT_DLG4_F1_HR_SIG,dB,Uncertainty of High Resolution Frequency 1Longitudinal Spacing 4 Attenuation,Clean
Schlumberger,RES_BS3_RAW,cm,"Raw Resistivity Shallow, Octant 3",Mnemonic-unit semantic mismatch
Halliburton Logging,ACCVCORR,L,Accumulated Volume Corrected,Clean
Baker Hughes Inteq,FL53,T,FL CHANNEL 53,Clean
Schlumberger,CE_TT8_3_5FT_AVE,us,Transit Time 3.5FT Average Waveform Array 8 Monopole Lower High Frequency for Cement Evaluation,Clean
Baker Hughes Inteq,cPTVRC,bbl,"Cumulative pump-through volume, Sentinel packer",Mnemonic case error
Halliburton Logging,DP1PtVolume,L,DP1 Pretest Volume,Clean
Schlumberger,RR10,ohm.m,"Resistivity, Azimuth 10",Clean
Halliburton Logging,EP2P1QPressCor,bar,EP2P1 Quartz Probe Pressure Corrected,Clean
Schlumberger,DWFD,g/cm3,Deviation-corrected Well Fluid Density,Clean
Schlumberger,TRIRBCN,kS/m,3D Rotated Borehole Corrected - North,Clean
Schlumberger,RH_ZD1,ohm.cm,3D Induction Group 1 Zero-D Inversion Horizontal Resistivity,Clean
Halliburton Logging,LCAP,kHz,Capture Counts,Clean
Baker Hughes Inteq,NPTM,µs,Neutron Porosity - Time Since Drilled - Memory,Unicode micro prefix in unit
Schlumberger,SOLSENBMCMTEMP,K,Solenoid Board MCM Temperature,Clean
Halliburton Logging,TrueDip12k29,dega,"True Formation Dip 12k 29""",Clean
Schlumberger,SHK_RAB_AX_RT,MHz,"RAB Axial Shocks, Real-Time",Clean
Pason,MUD_10_MIN_GEL_STR,psi,10 Min Gel Strength,Clean
Schlumberger,AVG_PHASE,cgr,Average Phase Measured at a Number of Receivers,Clean
Halliburton Logging,Quartz Mid Probe Pressure 3,bar,Quartz Mid Probe Pressure 1 Eps3,Clean
Schlumberger,HLDU,ohm.m,Uncorrected Laterolog Deep Resistivity,Clean
Schlumberger,RBFTL,K,Raw Borehole Fluid Temperature Lower,Clean
Schlumberger,RHOB_DR,kg/m3,Density of Dry Rock,Clean
Halliburton Logging,BHCR72K29XX,S/m,Bore Hole Correction R72K 29In X Trans/ X Recv,Clean
Schlumberger,AVGVEL,ft/min,Average Velocity Over The SRD And Geophone,Clean
Schlumberger,HCT10,kS/m,"AIT-H 2-ft Vertical Response, 10 in. Radial Midpoint Conductivity",Mnemonic typographical error
Halliburton Logging,BTOT,A/m,total magnetic field for directional tool,Clean
Baker Hughes Inteq,T03EA,s,HTHP XMAC III EA time projection for reaching target temp,Clean
Schlumberger,GHID,m,Generalized Hole Inside Diameter,Clean
Baker Hughes Inteq,IDX,m,Inside diameter of tubing in X direction,Clean
Baker Hughes Inteq,M4CC2,mS/m,"HDIL 4-foot resolution compressed conductivity, 20-inch DOI",Clean
Halliburton Logging,UMP_ALT_Shear_Freq,Hz,Pick Frequency 2,Clean
Schlumberger,RES_BS6,ohm.m,"Resistivity Shallow, Octant 6",Clean
Halliburton Logging,EP2P1PressStab,Pa/h,EP2P1 Pressure Stability Probe,Clean
Halliburton Logging,FMP_ALT_Comp_Freq,MHz,Pick Frequency,Clean
Schlumberger,CP_FN_DR_RAW,psi,Phase C Final Drawdown Pressure,Clean
Baker Hughes Inteq,FLR22,uT,FLR_22,Clean
Schlumberger,KTIM_LHR,D[API],Timur/Coates Permeability for Lower High-Resolution Antenna,Clean
Halliburton Logging,BHCR72K50ZY,S/m,Bore Hole Correction R72K 50In Z Trans/ Y Recv,Clean
Schlumberger,B1TR,degC,MRPS 1 Resistivity Cell Temperature,Clean
Schlumberger,VZ22,mV,Z Potential Difference In Step 2-2,Clean
Baker Hughes Inteq,ZDR4A,Gohm,Frequency 1 pad 4 resistance,Clean
Halliburton Logging,12kDip17,rad,12k Dip 17 inch for the MCIV1D,Clean
Halliburton Logging,BHCR36K80YY,mS/m,Bore Hole Correction R36K 80In Y Trans/ Y Recv,Clean
Halliburton Logging,AMPS2,uV,Az2 Pipe Amplitude,Clean
Schlumberger,VRAM_F1_C,uV,"Voltage Return, Amplitude, Frequency 1, Pad C.",Clean
Schlumberger,UIAX,A,Axial Current U,Clean
Schlumberger,SOA3,m,Average Ultrasonic Standoff For Sector 3,Clean
Baker Hughes Inteq,P3AVG,kohm.m,Pad 3 mean value of 24 buttons,Clean
Schlumberger,UCAL8,in,"Ultrasonic Caliper, Axis 8 Diameter",Clean
Schlumberger,GATM,μs,Gamma-Ray Acquisition Time,Unicode micro prefix in unit
Baker Hughes Inteq,LFR54,T,FLR_54,Mnemonic typographical error
Schlumberger,FPI2,h,Fracture Pressure for Invaded Formations Type 2 (with Tensile Strength),Mnemonic-unit semantic mismatch
Schlumberger,PS_DTR3_F1_HR,dega,High Resolution Frequency 1 Transverse Spacing 3 Phase Shift,Clean
Schlumbergr,ONC_2,kohm.m,Buttons Resistivities Normalized Pad C,Service-company spelling error
Schlumberger,SRXL2_DL,psi,MRSR 2 Maximum Interval Pressure,Clean
Schlumberger,PS_DTE1_F0_HR,cgr,High Resolution Frequency 0 Transverse Electric Phase Shift,Clean
Schlumberger,TPWF,h/km,Time of Propagation of Free Water,Clean
Schlumberger,DPTR54_LB_1DF_DISPLAY,cgr,3D Induction 1D Inversion Filtered True Dip Magnitude Lower Bound from 54 inch Array (modified to display tadpoles less frequently),Clean
Halliburton Logging,PE1P2SpherMob,D/cP,EP1P2 Spherical Mobility,Mnemonic typographical error
Schlumberger,ATFD,us,Far Detector Acquisition Time,Clean
Baker Hughes Inteq,XVTB,Pa,Power supply -15V DC,Mnemonic-unit semantic mismatch
Baker Hughes Inteq,ATNLIR,Bd/ft,"Compensated attn., inner rcvrs, long xmtrs, all freq.",Unit-symbol typographical error
Schlumberger,CPSTC3,degF,MDCP 3 Temperature for Strain Gauge Pressure Correction,Clean
Schlumberger,ASTSHI,%,Array Induction Two Foot Radial Hydrocarbon Saturation Image,Clean
BP,BP_GAS_ADV_C5_ISO_IN_DEP,ppm,Dep - Iso-Pentane (iC5) IN- Advanced service,Clean
Baker Hughes Inteq,ZDR1A,ohm,Frequency 1 pad 1 resistance,Clean
Baker Hughes Inteq,XVTA,mV,Power supply -75V DC,Clean
Schlumberger,P07LPR,spi,Well Pressure [07],Unit-symbol typographical error
Baker Hughes Inteq,TWTBH,ms,Time remaining until max temperature for inside flask sensor,Clean
Halliburton Logging,BHCR84K50ZX,S/m,Bore Hole Correction R84K 50In Z Trans/ X Recv,Clean
Baker Hughes Inteq,PO2B2,M3/m3,Second BVI accumulated partial porosity sum,Unit-symbol case error
Halliburton Logging,VM13,gV,Differental Voltage Measurement 1 Magnitude - Pad 3,Unit-symbol case error
Schlumberger,AH7B,kS/m,AIT-H Array #7 Boosted Conductivity,Clean
Baker Hughes Inteq,TFSP09,us,Monopole multiplexed sample period,Clean
Baker Hughes Inteq,TSCP,psi,Temperature corrected pressure,Clean
Baker Hughes Inteq,DEVNM,dega,Deviation for MR services,Clean
Schlumberger,SOIRPRES_PS3,bar,MRPS 3 SOI Raw Pressure,Clean
Schlumberger,CE_TT7_4_5FT_MAX,s,Transit Time 4.5FT Minimum 7 for Cement Evaluation,Clean
Halliburton Logging,EP0P2HorizMob,mD/cP,EP0P2 Horizontal Mobility,Clean
Halliburton Logging,LTIN​,uV,Light Intensity,Mnemonic boundary invisible character
Schlumberger,SWGT,K,Squire-Whitehouse Gauge Temperature,Clean
Schlumberger,RV_ZD1,ohm.m,3D Induction Group 1 Zero-D Inversion Vertical Resistivity,Clean
Schlumberger,STDF_QG_A,m,"Quanta Geo imaging button standoff, Pad A",Clean
Halliburton Logging,PVOL,bbl,Pretest Volume,Clean
Schlumberger,IO_B,A,"Injected Current Average Amplitude, Pad B",Clean
Baker Hughes Inteq,WID5,V,"Pad 5 average data of buttons 11, 12, 13, 14",Clean
Baker Hughes Inteq,DRID,in,DriftID,Clean
Baker Hughes Inteq,RBT3CB,ft,Bit radius 3 for CBIL,Clean
Baker Hughes Inteq,CDEMOE,S/m,"Conductivity estimate med xmtrs outer rcvrs, all freq.",Clean
Pason,P3_RATE_JBOX,kHz,Pump 3 Rate JBox,Clean
Schlumberger,CSOW,K,Residual Oil Saturation from Core in Oil Water system,Mnemonic-unit semantic mismatch
Schlumberger,FSPI,Hz,Time Filtered Full Bore Spinner,Mnemonic-unit semantic mismatch
Schlumberger,BTI7,us,Break Time for Downhole Geophone 7,Clean
BP,BP_PITVOL_RES_TOT_CHNG,cm³,Tank Volume - Reserve Volumes Total Change,Unicode power notation in unit
Baker Hughes Inteq,ID12,in,Dia. 12,Clean
Schlumberger,POUDPR,bar,MRPOUD Raw Hydraulic Pressure,Clean
Schlumberger,DTRA,ms/m,Delta-T Compressional from Receiver Array,Clean
Schlumberger,CC10,mS/m,"Caliper Conductivity, Azimuth 10",Clean
Baker Hughes Inteq,ABDC14M,degF,Azimuthal Bulk Density - Compensated - Sector 14 - Memory,Mnemonic-unit semantic mismatch
Schlumberger,TIME_TPJ_IMUX,ms,Time Index Channel of Time Projection for Imaging Monopole Upper Transmitter Custom Frequency Firing,Clean
Baker Hughes Inteq,TORQUE_MAX,kHz,Surface Torque- Maximum,Mnemonic-unit semantic mismatch
Schlumberger,RCTEMP_IFA2,degF,IFA 2 Resistivity Cell Temperature,Clean
Schlumberger,COND_DLG1_F1_SIG,mS/m,Uncertainty on Frequency 1 Differential Longitudinal Spacing 1 Conductivity,Clean
Baker Hughes Inteq,APQJ,kPa,Straddle packer Quartzdyne gauge pressure,Clean
Schlumberger,DFBF3,Hz,Filtered Bubble Count Rate Electrical Probe 3,Clean
Schlumberger,CNTCUST,Euc,Percent Contamination (Custom Interpretation),Clean
Baker Hughes Inteq,RBG2,dega,Relative bearing (relative to borehole high side) for GXPL,Clean
Schlumberger,RES_BM4,ohm.m,"Resistivity Medium, Octant 4",Clean
Baker Hughes Inteq,PKSMNT,h/km,Peaks from mono compressional correlogram (4 wave) near xmtr,Clean
Schlumberger,WPAVEL,ft/min,WFL Detector Peak Absolute Velocity,Clean
Schlumberger,GDMS_AFA2,mV,AFA2 Gas Detector Source Intensity Monitor Source Calibration Data,Clean
Pason,POROSITY2_LAGCALC,m,Porosity 2 Lag Calc,Clean
Baker Hughes Inteq,FLC16,T,FLC_16,Clean
Schlumberger,AZEC_EXT,dega,Azimuth of External Eccentering,Clean
BP,BP_MUD_MFD_GL,m3/h,Flow Differential - Mud (GainLoss Service),Clean
Schlumberger,"  PREF",degC,Plus Reference Value,Mnemonic boundary whitespace
Baker Atlas,REID,kS/m,Deep resistivity from EID processing,Clean
Baker Hughes Inteq,DIS60,uT,DIS CHANNEL 60,Clean
Baker Hughes Inteq,XIDMX,ft,Max_X_well_diam,Clean
Schlumberger,FRF3,m³/h,MRFC 3 Raw Flowrate,Unicode power notation in unit
Baker Hughes Inteq,SRA077M,ohm.cm,Electrical Image - Sector 77 - Memory,Clean
Schlumberger,SFITTIMMETH,ms,Start of Fitting Time for Contamination Methane Model,Clean
Schlumberger,"  LU2",kHz,Long Upper 2 Window Count Rate,Mnemonic boundary whitespace
Schlumberger,DMV_DL,mV,Downhole Motor Voltage,Clean
Halliburton Logging,72kRH80,ohm.cm,72k Rh 80 inch for the MCIV1D,Clean
Halliburton Logging,UFMP_ALT_Shear_Time,us,Pick Time Reflected Shear,Clean
Schlumberger,OIAPD,rad,"Injected Current Average Relative Phase, Pad D",Clean
Schlumberger,TOP_ITOT_MOD,mA,Top Step Total Injected Current Complex Module,Clean
Halliburton Logging,YR_Transmitter_Vpp,V,Transmitter Vpp,Clean
Schlumberger,RH15_LL_U_1DF,kohm.m,3D Induction 1D Inversion Horizontal Filtered Resistivity Low Likelihood Upper Bound from 15 inch Array,Clean
Schlumberger,VZ11,V,Z Potential Difference in Step 1.1,Clean
Baker Hughes Inteq,ADRHDM,g/cm3,Azimuthal Delta Rho - Down Quadrant - Memory,Clean
Schlumberger,WDE6,us,Waveform Delay 6,Clean
Schlumberger,"HLAZ	",dega,Deviation Azimuth,Mnemonic boundary whitespace
BP,BP_MUD_MDI4_MPD,Grain/gal[US],Density In 4  (MPD),Unit-symbol case error
Halliburton Logging,SACA,mA,Surface AC Current,Clean
Baker Hughes Intq,P3PK,ohm.m,Packed pad 3 block (buttons 1-24),Service-company spelling error
Schlumberger,SOITEMP_IFAX2,degF,IFAX 2 SOI Temperature,Clean
Baker Hughes Inteq,DEVWS,cgr,Deviation at WGI position (2nd tool),Clean
Baker Hughes Inteq,ADSAFM,g/cm3,Azimuthal Density - Short Space - Apparent - Filtered - Image - Memory,Clean
Baker Hughes Inteq,ZXAI,kS/m,"Apparent conductivity unique frequency, imaginary, ZX",Clean
Baker Hughes Inteq,MBHC2,S/m,"HDIL borehole corrected conductivity, subarray 2",Clean
Schlumberger,TRIVFI15,S/m,3D Induction 15 Inch Array Vertical Fracture Indicator,Clean
Baker Hughes Inteq,R47,m,Multi-arm_data - Feeler 47 radius,Clean
Baker Hughes Inteq,RPCHX,kohm.m,Resistivity - Phase - Corrected - 2 MHz - Real-time,Clean
Halliburton Logging,VM26,mV,Differental Voltage Measurement 2 Magnitude - Pad 6,Clean
Schlumberger,ATPE​,us,Accelerometer Temperature Period,Mnemonic boundary invisible character
Schlumberger,HIOVM,dm3/m,HITA One Foot Volume Mud Filtrate,Clean
Schlumberger,A16H_COND_ECO_RT,mS/m,"Attenuation Conductivity 16 inch Spacing at 2 MHz, Environmentally Corrected, Real-Time",Clean
Halliburton Logging,BCH2,S/m,Borehole Corrections Conductivity D2,Clean
Baker Hughes Inteq,ZI4BU,Eohm,Freq 2 pad 4 capacitive part of complex formation impedance,Clean
Halliburton Logging,RVHRes84k17,kohm.m,"Vertical Restivity 17"" / Horizontal Restivity 17"" 84k",Clean
Schlumberger,DC_WAT_T2_SH4,m²/h,Computed Water Diffusion Coefficient indexed by T2 for Shell 4,Unicode power notation in unit
Schlumberger,DT_YD_T,s/m,"Delta-T Shear, Transmitter Array - Y Dipole",Clean
Baker Hughes Inteq,TS08F,100 Ka[t],Time since reaching max temperature for inside flask sensor,Unit-symbol case error
Schlumberger,TC03,degF,Temperature Channel 03,Clean
Schlumberger,W5NG,kHz,Window 5 (2 - 3 MeV),Clean
Schlumberger,PQDT3_DL,K,MRPQ 3 Quartzdyne Temperature,Clean
BP,bP_MUD_MFI_AVG,m3/d,Flow In - Mud,Mnemonic case error
Schlumberger,IR20,in,Internal Radius 20,Clean
Halliburton Logging,PAD1,S/m,EMI Pad 1 values,Clean
Schlumberger,ASOCB,S/m,Array Induction One Foot Conductivity Background,Clean
Schlumberger,T2PC_SL,ms,T2 Cutoff from Capillary Pressure Computation - Station Log,Clean
Schlumberger,DT5,Min/ft,"Delta-T Compressional, DDBHC - FMD",Unit-symbol case error
Schlumberger,ZBPH_F1_C_E,rad,"Impedance of Buttons, Phase, Frequency 1, Pad C and Equalized",Clean
Schlumberger,"CPRT2﻿",degF,MDCP 2 Resistivity Cell Temperature,Mnemonic boundary invisible character
Halliburton Logging,UFM_Hole_Size,ft,Measured Hole Diameter,Clean
Halliburton Logging,EP1P1QPress,spi,EP1P1 Quartz Probe Pressure,Unit-symbol typographical error
Schlumberger,THAV_PS,m,Average Thickness of Casing (corrosion statistics),Clean
Schlumberger,PWR6,cgr,Packed Waveform Relative Bearing 6,Clean
Halliburton Loggig,BHCR36K29YZ,mS/m,Bore Hole Correction R36K 29In Y Trans/ Z Recv,Service-company spelling error
Schlumberger,P1NO_RT,rad,"Pad 1 Azimuth in Plane Orthogonal to Tool Axis (0 = True North), Real-Time",Clean
Baker Hughes Inteq,AZGXTO,ard,relative azimuth of tool 1 to second instace tool 2,Unit-symbol typographical error
Schlumberger,HNML,mD,NML Permeability,Clean
BP,BP_GAS_ADV_C5_ISO,%,Iso-Pentane (iC5) - Advanced service,Clean
Schlumberger,BH2M_RT,rad,MXW Symmetrized Directional Very Shallow Phase Shift.,Clean
Baker Hughes Inteq,"FLOWIN	",L/min,Mud Flow In,Mnemonic boundary whitespace
Halliburton Logging,HMX​,S/m,Medium Raw X,Mnemonic boundary invisible character
Schlumberger,RMTP,Gohm,Resistance Manometer Temperature,Clean
Schlumberger,FWID_RAW_DF,in,Fracture Width from Dipping Fracture Model without Correction,Clean
Schlumbergr,SOIRPRES_SFT2DL,kPa,MRSF 2 SOI Raw Pressure (Depth Logging),Service-company spelling error
Baker Hughes Inteq,3VAB,ft/min,"Velocity from 500 Hz, row 3, sensors a and b",Mnemonic typographical error
Halliburton Logging,VM14,mV,Differental Voltage Measurement 1 Magnitude - Pad 4,Clean
BP,BP_PRESS_SPP_AVG_SC,bar,Pressure - Standpipe (Mudlogger),Clean
Schlumberger,"  DPAP27_1DF_CURVEDISPLAY",dega,3D Induction 1D Inversion Filtered Apparent Dip Magnitude from 27 inch Array (continuous curve display),Mnemonic boundary whitespace
Schlumberger,DPAZ27_UB_1DF,rad,3D Induction 1D Inversion Filtered True Dip Azimuth Upper Bound from 27 inch Array,Clean
Baker Hughes Inteq,S1FREQ,Hz,Shear SH1 frequency,Clean
BP,BP_RES_DP_AT_HF_DEP,ohm.cm,Dep - Resistivity - Deep - Attenuation - High Frequency,Clean
Schlumberger,RES_BM_INVERTED,ohm.m²/m,RAB: Inverted Medium Button Resistivity,Unicode power notation in unit
Baker Hughes Inteq,T1RMSX,m/s²,Tangential Acceleration & Max 1 Sec RMS - Real-time,Unicode power notation in unit
Schlumberger,ASF20,ohm.cm,Array Induction Four Foot Resistivity A20,Clean
Schlumbergr,FAR,MHz,"Average, Far Total Count Rate",Service-company spelling error
Schlumberger,UCVE,ft,"Ultrasonic Caliper, Vertical Diameter",Clean
Schlumberger,HDMI,in,Hole Diameter Minimum,Clean
Halliburton Loggig,HT90,kohm.m,HRI Deep Resistivity 90 Inch 2 Ft,Service-company spelling error
Schlumberger,TOFB,ms,Amount of time off bottom,Clean
Schlumberger,PCAL_40H,ft,ARC Phase Caliper 40 inch,Clean
Schlumberger,RV15_LB_1DF,ohm.cm,3D Induction 1D Inversion Vertical Filtered Resistivity Lower Bound from 15 inch Array,Clean
Baker Hughes Inteq,IXS,MHz,Inelastic extra long space count rate,Clean
Schlumberger,PPGI_LWR,Pa/m,"Pore Pressure Gradient, Lower",Clean
Schlumberger,KSDR_ANT2,D[API],Antenna 2 Permeability Computed Using SDR Model,Clean
Halliburton Logging,YDP_ALT_YX2_Freq,Hz,Pick Frequency 2,Clean
Baker Hughes Inteq,ATNLIC,B/m,"Comp. calib. attn., inner rcvrs, long xmtrs, all freq.",Clean
Baker Hughes Inteq,EMIN,s,Remainder of seconds since RECORD mode started in minutes,Clean
Schlumberger,CRFI,Hz,Far Instantaneous Count Rate,Clean
Halliburton Logging,AUU4,B/m,Low Reso. Wave attenuation based on u/m rcvrs from upper xmtr.,Clean
Schlumberger,RAW_SET_LINE_PRES_DL,psi,Raw Set Line Pressure,Clean
Schlumberger,PSUR,kPa,"Pressure, Surface",Clean
Schlumberger,DCLM,m2/d,Logarithmic Mean of DC Distribution,Clean
Baker Hughes Inteq,AR20ITAX,cgr,Azimuthal Resistivity - 20 kHz - Imaginary - Target Angle - Real-time,Clean
Schlumberger,AF60,ohm.m,Array Induction Four Foot Resistivity A60,Clean
Halliburton Logging,BHCR60K17ZZ⁠,mS/m,Bore Hole Correction R60K 17In Z Trans/ Z Recv,Mnemonic boundary invisible character
Baker Hughes Inteq,FLC24,uT,FLC_24,Clean
Schlumberger,PPRE,kPa,PTS Fluid Pressure,Clean
Schlumberger,HMS2_DL,rev/s,MRHY 2 Motor Speed,Clean
Schlumberger,"TH40﻿",m,Thickness 40,Mnemonic boundary invisible character
Halliburton Logging,ERD2,kohm.m,Pad #2 Resistivity Fast Undelayed,Clean
Baker Hughes Inteq,PTVRC,m³,Sentinel Pumped volume,Unicode power notation in unit
Schlumberger,T1LM_H2O_SH8,ms,Logarithmic Mean of Water T1 Distribution for Shell 8,Clean
Schlumberger,CCL_MAXV,uV,CCL Maximum Voltage,Clean
Schlumberger,CE_TT8_5FT_MAX,µs,MAST Transit Time 5 Feet Maximum of Measurement 8 for Cement Evaluation,Unicode micro prefix in unit
Schlumberger,DPAZ_ZD6,rad,3D Induction Group 6 Zero-D Inversion True Dip Azimuth,Clean
Schlumberger,ORAR,m,Casing Outer Radii,Clean
Schlumberger,QGP3,PPa,Quartz Gauge Pressure For Module 3,Unit-symbol case error
Baker Hughes Inteq,SRA022M,kohm.m,Electrical Image - Sector 22 - Memory,Clean
Halliburton Logging,ST_LM_FHA,uV,Pre Firing Voltage,Clean
Baker Hughes Inteq,ATVAR,in,Azmuthal thickness variability,Clean
Baker Hughes Inteq,TT21,s,Traveltime T2R1,Clean
Halliburton Logging,RAP1​,ohm.m,Corrected Calibration Panel Apparent Resistivity Mode 1,Mnemonic boundary invisible character
Schlumberger,DRLD_ADN_RT,lbm/ft3,"Bulk Density Correction, Left, Real-Time",Clean
Schlumberger,RZ,uohm/m,Casing Resistance Z,Clean
Halliburton Logging,RO60,ohm.m²/m,60 in Radial Resistivity 1ft,Unicode power notation in unit
Baker Hughes Inteq,PREWC,psi,Tank accumulator pressure,Clean
Schlumberger,ER5,ft,External Radius 5,Clean
Schlumberger,PPGI_UPR,MPa/m,"Pore Pressure Gradient, Upper",Clean
Schlumberger,POET,ms,MRPO Elapsed Pumping Time,Clean
Schlumberger,AHOCB,S/m,Array Induction One Foot Conductivity Background,Clean
Halliburton Logging,72kSK50,dega,72k Strike 50 inch for the MCIV1D,Clean
Schlumberger,POUDRCV2_DL,bbl,MRPOUD 2 Raw Continuous Volume,Clean
Baker Atlas,trdst01,ms,dipole multiplex waveform start time,Clean
Baker Hughes Intq,DIS96,uT,DIS CHANNEL 96,Service-company spelling error
Pason,CPOS,ppm,Choke Position,Clean
Schlumberger,WF2D,in,Waveform 2 Depth,Clean
Baker Hughes Inteq,PPG,lbm/ft3,Pore pressure gradient,Clean
Baker Hughes Inteq,MBDEPTH,ft,Depth of 1970MB packer,Clean
Baker Hughes Inteq,MXWL,ft,Apparent maximum wall thickness,Clean
Schlumberger,RES_BS,ohm.cm,Shallow Button Resistivity,Clean
Schlumberger,PS_DTR2_F0_HR,cgr,High Resolution Frequency 0 Transverse Spacing 2 Phase Shift,Clean
Baker Hughes Inteq,PO12A5,%,Fifth T2 accumulated partial porosity sum,Clean
Schlumberger,RF12_1IN_ADN,kHz,"Raw Far Bank 1 Tube 2 Count Rate, 0.1 ft",Clean
Schlumberger,MITT,s,Minimum MAP Transit Time,Clean
Schlumberger,RDMI,in,Radius Minimum,Clean
Halliburton Logging,UFMP_ST_DT,ms,Sonic Delta-T,Clean
Schlumberger,PQ1TR,degF,MRPQ 1 Resistivity Cell Temperature,Clean
Halliburton Logging,QRA2,ohm.cm,Apparent Resistivity Mode 2,Clean
Schlumberger,ATRX,ohm.m,Array Induction Two Foot Rxo,Clean
Baker Hughes Inteq,TGRAD,deltaC/m,Temperature gradient,Clean
Baker Atlas,nttt06,us,monopole multiplex first arrival time,Mnemonic typographical error
Schlumberger,HSIGM,ft2,HiRes Sigma (Neutron Capture Cross Section),Clean
Halliburton Logging,ACCG,bbl,Accumulated Volume Gallons,Clean
Schlumberger,WF4D,m,Waveform 4 Depth,Clean
Baker Hughes Inteq,NPCLX,ppm,Neutron Porosity - Caliper Corrected - Limestone - Real-time,Clean
Halliburton Logging,AML4,dB/ft,Low Reso. Wave attenuation based on m/l rcvrs from lower xmtr.,Clean
Halliburton Logging,WL6V,mV,Wire Line 6 Voltage,Clean
Baker Atlas,txxst10,mx,x-x axis dipole multiplexed waveform start time,Unit-symbol typographical error
Schlumberger,T1L8_SH3,us,T1 Logarithmic Mean of Bin 8 for Shell 3,Clean
Baker Hughes Inteq,CDESIE,S/m,"Conductivity estimate short xmtrs inner rcvrs, all freq.",Clean
Halliburton Logging,"  BHCR84K10ZZ",S/m,Bore Hole Correction R84K 10In Z Trans/ Z Recv,Mnemonic boundary whitespace
Baker Atlas,tyyst02,us,4 component dipole y-y multiplex waveform start time,Clean
Baker Hughes Inteq,FMRPM,rpm,MPC feed motor RPM,Clean
Halliburton Logging,CN40,kS/m,HRI Deep Conductivity 40 Inch 2Ft.,Clean
Schlumberger,A28H_UNC,Ohm.m2/m,Uncorrected Attenuation Resistivity for 28 inch Spacing at 2 MHz,Unit-symbol case error
Schlumberger,MTEP_QMB_DL,degC,Quartzdyne Manometer Temperature (Depth Logging),Clean
Baker Hughes Inteq,CLS,kHz,Long space capture count rate channels 10-99,Clean
Schlumberger,SLWRATE,s,Slew Rate,Clean
Baker Hughes Inteq,DTSD,s/m,Shear wave slowness from dipole pick,Clean
Baker Hughes Inteq,"SRA056M	",ohm.m,Electrical Image - Sector 56 - Memory,Mnemonic boundary whitespace
Schlumberger,DPAZ21_LB_1D,dega,3D Induction 1D Inversion True Dip Azimuth Lower Bound from 21 inch Array,Clean
Baker Hughes Inteq,SRA36X,ohm.cm,Electrical Image - Sector 36 - Real-time,Clean
Schlumberger,TDIF_L1,ms,Arrival time difference between fast and slow shear waves for level 1,Clean
Halliburton Logging,MAGD,cgr,Magnetic dip for directional tool,Clean
Schlumberger,CP03,uV,"Electrical Standoff Voltage, Azimuth 3, 0 degree",Clean
Schlumberger,CIXM,S/m,IXM Conductivity,Clean
Baker Hughes Inteq,OTHER,Hz,Other isotope,Clean
Schlumberger,SFITTIMCOL,ms,Start of Fitting Time for Contamination Color Model,Clean
Schlumberger,SOITEMP_PS1,K,MRPS 1 SOI Temperature,Clean
Baker Hughes Inteq,CP2C,µV,"500 Hz row 2 spacing c differential delta module, sine",Unicode micro prefix in unit
Baker Hughes Inteq,FLC21,mT,FLC_21,Clean
Baker Hughes Inteq,DIS13,T,DIS CHANNEL 13,Clean
Halliburton Logging,EP2P1TempStab,deltaC/s,EP2P1 Temperature Probe Stability,Clean
Baker Hughes Inteq,"DT12F	",ms/m,Slowness over 12-inches from far transmitter,Mnemonic boundary whitespace
Schlumberger,P07SPIN,degC,Spinner Rotational Velocity [07],Mnemonic-unit semantic mismatch
Schlumberger,ERBK,m,External Radii,Clean
Halliburton Logging,ATTA,dB/m,Average Attenuation,Clean
Baker Hughes Inteq,RCAP11,Hz,Capacitance sensor 11,Clean
Baker Hughes Inteq,R52,MHz,Multi-arm_data - Feeler 52 radius,Mnemonic-unit semantic mismatch
Baker Hughes Inteq,ZI6AU,tohm,Freq 1 pad 6 capacitive part of complex formation impedance,Unit-symbol case error
Baker Hughes Inteq,INE2,MHz,Long space C/O inelastic PHA spectra,Clean
Baker Hughes Inteq,TV,us,Vertical time for source to receiver - Real-time,Clean
Halliburton Logging,VertRes36k17,kohm.m,"Vertical Resistivity 36k 17""",Clean
Schlumberger,CPQT1,K,MDCP 1 Quartz Gauge Temperature,Clean
Halliburton Logging,CT01,mS/m,10 in Radial Conductivity 2ft,Clean
Schlumberger,P12CVL,ft/min,Cable Velocity [12],Clean
Baker Hughes Inteq,FLR91,uT,FLR_91,Clean
Halliburton Logging,BHCR72K17ZZ,kS/m,Bore Hole Correction R72K 17In Z Trans/ Z Recv,Clean
Schlumberger,AT_DLG2_F3,B,Frequency 3 Longitudinal Spacing 3 Attenuation,Clean
Schlumberger,2ZAT,us,AGS Detector 2 Spectrum Accumulation Time,Mnemonic typographical error
Halliburton Logging,DXDT,s/m,Dipole X Delta T no dispersion correction,Clean
Baker Hughes Inteq,DIS71,uT,DIS CHANNEL 71,Clean
Schlumberger,BSAL_SL,ppm,Borehole Salinity,Clean
Halliburton Logging,DP1P2PressStab,Pa/h,DP1P2 Pressure Stability Probe,Clean
Baker Hughes Inteq,PKSSR,h/km,"Peaks from monopole shear correlation, receiver",Clean
Halliburton Logging,BHCR84K29ZX,kS/m,Bore Hole Correction R84K 29In Z Trans/ X Recv,Clean
Baker Hughes Inteq,BP04P,MHz,Peak band pass filter 2000-6000 Hz passband,Clean
Schlumberger,P1UP,rad,"Phase at Receiver 1, Sub Up Measurement",Clean
Halliburton Logging,UFMP_ALT_Shear_DT,ms,Sonic Delta-T Reflected Shear,Clean
Baker Hughes Inteq,ZR6BUS,Eohm,Second tool Frequency 2 pad 6 resistance,Clean
Halliburton Logging,DVM6,uV,Diff Voltage Min Pad 6,Clean
Schlumberger,RESO,uohm/m,Casing Resistance O,Clean
Halliburton Logging,MM_DIFF_AVG_RHO,kg/m3,Maximum - Minimum Average Rho,Clean
Schlumberger,P18HFP,dega,Pad 18 High Frequency Phase,Clean
Baker Hughes Inteq,CALD,in,Borehole caliper from multi-arm tool,Clean
Baker Hughes Inteq,MFFXY,mS/m,"Multi frequency focusing, XY, apparent conductivity",Clean
Schlumberger,HCAR_PVS2_SL,mA,PVS2 Aux Reservoir Hall Probe Current,Clean
Schlumberger,P12TMP,degC,Fluid Temperature [12],Clean
Schlumberger,WQFM_ECO_RT,Euc,"Dry Weight Fraction QFM, Real-Time (SpectroLith WALK2 Model)",Clean
Baker Hughes Inteq,ZDR3A,ohm,Frequency 1 pad 3 resistance,Clean
Halliburton Logging,VertRes84k29,kohm.m,"Vertical Resistivity 84k 29""",Clean
Baker Hughes Inteq,P08L,dega,"Phase, 8 Hz, long spacing",Clean
Baker Hughes Inteq,"  DIP6",mV,"Pad 6 average data of buttons 11, 12, 13, 14",Mnemonic boundary whitespace
Schlumberger,DPAP_UB_ZD2_DISPLAY,dega,3D Induction Group 2 Zero-D Inversion Apparent Dip Magnitude Upper Bound (modified to display tadpoles less frequently),Clean
Baker Hughes Inteq,DRPDA20X,ohm.cm,Resistivity - Phase Difference - Apparent - 20 kHz - Real-time,Clean
Schlumberger,TMPU_ANN,K,Upper Sensor Annulus Temperature,Clean
Baker Hughes Inteq,TTQ,us,Traveltime estimate quadrupole transmitter,Clean
Baker Hughes Inteq,RAXXE,cm/s²,Raw X-axis accelerometer shifted to XMAC-F1,Unicode power notation in unit
Baker Hughes Inteq,PWAVE1,us,Sample period waveform 1,Clean
Baker Hughes Inteq,GHTCPS,kHz,Calibrated countrate,Clean
Schlumberger,D1RB_PLUS_180_SL,rad,DEFT Probe 1 Relative Bearing +180 degrees - Station Log,Clean
Schlumberger,WVELC_FSI,ft/min,Computed Water Velocity Using Spinner Calibration from FSI,Clean
Schlumberger,AT_DTR1_F2_SIG,dx,Uncertainty of Frequency 2 Transverse Spacing 1 Attenuation,Unit-symbol typographical error
Baker Atlas,SPBD,mV,SP from bridle electrode processed in common remote,Clean
Baker Hughes Inteq,C16M,in,Sectional caliper 16,Clean
BP,BP_CHOKE3_POS_ACT_MPD,Euc,Choke 3 Position - Actual  (MPD),Clean
BP,BP_RES_USH_AT_HF_DEP,nohm.mm²/m,Dep - Resistivity - UltraShallow - Attenuation - High Frequency,Unicode power notation in unit
Schlumberger,"IFOR_BOT﻿",mA,Measured Formation Current from Bottom Step,Mnemonic boundary invisible character
Halliburton Logging,NFGT,Hz,Near Formation Decay Vect,Clean
Schlumberger,TSCN,kHz,Total Selected Count Rate Near Detector,Clean
Pason,MUD_YIELD_POINT,bar,Yield Point,Clean
Halliburton Logging,FMP_Comp_DT,s,Sonic Delta-T,Clean
Schlumberger,RH_HL_LB_ZD2,ohm.cm,3D Induction Group 2 Zero-D Inversion Horizontal Resistivity High Likelihood Lower Bound,Clean
Pason,C2M,Euc,chr Ethane C2,Clean
Schlumberger,CWES,KS/m,Conductivity of Water from EPT at Standard Temperature,Unit-symbol case error
Baker Hughes Inteq,TEMP6,degF,Temperature 6,Clean
Baker Hughes Inteq,DDR,m3/h,Drawdown flow rate,Clean
Schlumberger,RSS3,MHz,Raw Short Spacing Window 3 Count Rate,Clean
Baker Hughes Inteq,PHAC,MHz,PHA capture count rate,Clean
Halliburton Logging,Quartz Probe1 Pressure 2,Tonf[UK]/ft2,Quartz Probe 1 Pressure 2 Eps,Unit-symbol case error
Schlumberger,RHOB4,kg/m3,Bulk Density 4-Sector Image,Clean
Schlumberger,LA4D,kg/m3,Low Pressure Additive #4 Density,Clean
BP,"BP_DEP_BIT_TVD﻿",ft,Depth Bit - Vertical,Mnemonic boundary invisible character
Baker Hughes Inteq,PO2A5,ppm,Fifth T2 accumulated partial porosity sum,Clean
Schlumberger,HITPR,ohm.m,HITA Two Foot Radial Resistivity Profile,Clean
Schlumberger,ECST,degF,ECS Temperature,Clean
Halliburton Logging,TT_UMP,ms,Pipe Travel Time,Clean
Schlumberger,DU_DELTA_P,psi,Displacement Unit Delta Pressure,Clean
Schlumberger,DRHNL_DH_ECO_RT,kg/m3,"Bulk Density from Neutron Correction, Left, Real-Time Computed Downhole",Clean
Baker Hughes Inteq,ZDR5B,ohm,Frequency 2 pad 5 resistance,Clean
Baker Hughes Inteq,MUR4,ohm.m,"Unfocused resistivity, subarray 4",Clean
Schlumberger,SHK1_CDR,kHz,CDR Shocks over 60g,Clean
Halliburton Logging,BHCR84K80YX,kS/m,Bore Hole Correction R84K 80In Y Trans/ X Recv,Clean
Halliburton Logging,AZP5,dega,Azimuth Corrected Pads 5,Clean
Baker Hughes Inteq,PWAVE2,ms,Sample period waveform 2,Clean
Halliburton Logging,BHCR60K29YY,S/m,Bore Hole Correction R60K 29In Y Trans/ Y Recv,Clean
Halliburton Logging,EDD2,ohm.m,Pad #2 Resistivity Fast,Clean
Halliburton Logging,BHCR36K80ZY,mS/m,Bore Hole Correction R36K 80In Z Trans/ Y Recv,Clean
Schlumberger,RVAM_RX2_F2_C,mV,"Voltage Return Amplitude RX2, Frequency 2, Pad C",Mnemonic typographical error
Schlumberger,PQQP2,bar,MRPQ 2 Quartz Gauge Pressure,Clean
Schlumberger,DPAZ27_LB_1DF,µrad,3D Induction 1D Inversion Filtered True Dip Azimuth Lower Bound from 27 inch Array,Unicode micro prefix in unit
Baker Hughes Inteq,HYPWC4,psi,"Hydraulic pressure target for 1986WA module, instance 4",Clean
Schlumberger,DPRE_03,kPa,Delta PressureTransient 03,Clean
Schlumberger,pS_DLG1_F2_HR_SIG,dega,Uncertainty of High Resolution Frequency 2Longitudinal Spacing 1 Phase Shift,Mnemonic case error
Halliburton Logging,YY_Time_Peaks,us,Time Peaks,Clean
Halliburton Logging,CUTH,dB/m,High Cutoff of the Cement Map,Clean
Schlumberger,COND_DTR1_F3_SIG,kS/m,Uncertainty on Frequency 3 Differential Transverse Spacing 1 Conductivity,Clean
Schlumberger,rV_LB_ZD3,ohm.cm,3D Induction Group 3 Zero-D Inversion Vertical Resistivity Lower Bound,Mnemonic case error
Schlumberger,QGCP,kPa,CQG Compensated Pressure,Clean
Halliburton Logging,TrueDip12k80,cgr,"True Formation Dip 12k 80""",Clean
Schlumberger,DTTA,s/m,Delta-T Compressional from Transmitter Array,Clean
Baker Hughes Inteq,FLC46,uT,FLC_46,Clean
Baker Hughes Inteq,QK1P,bar,Tic mark for drawdown pressure every 0.1 psi,Clean
Schlumberger,"  YIAX",A,Axial Current Y,Mnemonic boundary whitespace
Halliburton Logging,XO,in,X Coordinate of tool center From hole Center,Clean
Halliburton Logging,SCM5,uA,Survey Current Max Pad 5,Clean
Baker Hughes Inteq,RAZDEI,gn,Differential Z-axis accelerometer shifted to EART,Clean
Halliburton Logging,36kDip50,dega,36k Dip 50 inch for the MCIV1D,Clean
Halliburton Logging,XDP_XY_DT,s,Sonic Delta-T,Clean
Halliburton Logging,TLU4,us,Low Reso. Travel velocity based on u/l rcvrs from upper xmtr.,Clean
Schlumberger,UBRB,rad,UBI Corrected Relative Bearing,Clean
Pason,TPO,ft³/d,Total Pump Output,Unicode power notation in unit
Schlumberger,RCAV,m,Average of Corrected Radius of Borehole,Clean
Baker Hughes Inteq,AZEI,cgr,Azimuth of reference pad for EART,Clean
Schlumberger,ASTCO,kS/m,Array Induction Two Foot Conductivity,Clean
Schlumberger,RCEN_HR,kHz,Raw High Resolution Epithermal Count Rate,Clean
Halliburton Logging,BDip12k50,cgr,"Borehole Dip 12k 50""",Clean
Baker Hughes Inteq,TXXST03,Wk,XX-axis dipole multiplexed waveform start time,Unit-symbol case error
Baker Atlas,TE2,ms,time between echos in second data packet,Clean
Schlumberger,CR15,m,Corrected Radius 15,Clean
Halliburton Logging,BHCR36K50XY,S/m,Bore Hole Correction R36K 50In X Trans/ Y Recv,Clean
Baker Hughes Inteq,ST8244XAU,ft,8244XA spinner up depth reference,Clean
Schlumberger,SPECTCAPTTIM,imn,Spectrum Capture Time,Unit-symbol typographical error
Schlumberger,UCAL4,ft,"Ultrasonic Caliper, Axis 4 Diameter",Clean
Baker Hughes Inteq,PO3A5,ppm,Fifth T2 accumulated partial porosity sum,Clean
Schlumberger,DFR2_DL,kohm.m,MRDP 2 Flowline Fluid Resistivity,Clean
Halliburton Logging,yX_Slowness_Peaks,ms,Slowness Peaks,Mnemonic case error
Schlumberger,DPAZ_LB_ZD2,rad,3D Induction Group 2 Zero-D Inversion True Dip Azimuth Lower Bound,Clean
Pason,OBR,m/h,On Bottom ROP,Clean
Baker Hughes Inteq,Repeat Form. Pressure 2,bar,Formation Pressure 2 - Real-time,Clean
Halliburton Logging,YY_Slowness_Peaks,ms,Slowness Peaks,Clean
Schlumberger,PADP3_DL,bar,MRPA 3 Differential Pressure,Clean
Schlumberger,"  RCID_FSI_SL",in,Raw Casing ID - Station Log,Mnemonic boundary whitespace
Schlumberger,COND_XD_F0_SIG,bar,Uncertainty on Frequency 0 Deep Zone Conductivity,Mnemonic-unit semantic mismatch
Baker Hughes Inteq,DIA60,in,Finger diameter for 60 finger tool,Clean
Baker Hughes Inteq,S0FREQ,Hz,Shear SH0 frequency,Clean
BP,BP_GAS_ADV_C2,%,Ethane (C2) - Advanced service,Clean
Halliburton Logging,ST_XDP_FHA,mV,Pre Firing Voltage,Clean
Baker Hughes Inteq,FLR72,mT,FLR_72,Clean
Halliburton Logging,FPRE_STABLE,kPa,Formation Presssure Stable - Filtered,Clean
Halliburton Logging,DPP2,μm,Depth Probe 2,Unicode micro prefix in unit
Pason,PUMP_RATE,m3/d,Total Pump Output,Clean
Schlumberger,CHF30,kS/m,"AIT-H 4-ft Vertical Response, 30 in. Radial Midpoint Conductivity",Clean
Halliburton Logging,60kRH17,kohm.m,60k Rh 17 inch for the MCIV1D,Clean
Baker Hughes Inteq,IXSS,kHz,Standard deviation of inelastic extra long space count rate,Clean
Pason,MEGAJOULES,EJ,Megajoules,Clean
Schlumberger,SFTSG,bar,MRSF Strain Gauge Pressure,Clean
Halliburton Logging,QPMP,bar,Quartz Mid Probe Pressure,Clean
Halliburton Logging,VertRes60k17,ohm.m,"Vertical Resistivity 60k 17""",Clean
Schlumberger,DEVI_ADN,cgr,ADN Hole Deviation from Well Survey,Clean
Baker Hughes Inteq,Opening Pressure,N/mm²,Opening Pressure - Post Run,Unicode power notation in unit
Schlumberger,TTSU_RT,s,"Peak Time, Receiver Array, Shear",Clean
Schlumberger,TRIVFI72,kS/m,3D Induction 72 Inch Array Vertical Fracture Indicator,Clean
Baker Hughes Inteq,ISSC,kHz,Capture corrected inelastic short space,Clean
Schlumberger,A8LR,mS/m,"AIT-B Low Frequency, Real Array #8 Conductivity",Clean
Schlumberger,D1TR,K,MRDP 1 Resistivity Cell Temperature,Clean
Baker Hughes Inteq,AGNYX4,dB,Acoustic averaged receiver gain,Clean
Schlumberger,RV_UB_ZD2,ohm.m,3D Induction Group 2 Zero-D Inversion Vertical Resistivity Upper Bound,Clean
Baker Hughes Inteq,AMD1F1,uV,Raw data amplitude T1 frequency 1 (in dB/V),Clean
Schlumberger,IRBK_RAW_EXT,ft,Internal Radii External Corrected for Eccentering,Clean
Baker Hughes Inteq,MLRU1,kohm.m,"RTeX shallow resistivity 1, unfiltered",Clean
Schlumberger,COND_DLG3_F2_VDC,S/m,Vertical Deconvolved Frequency 2 Differential Longitudinal Spacing 3 Conductivity,Clean
Baker Hughes Inteq,BDCM,kg/m3,Bulk Density - Compensated - Memory,Clean
Baker Hughes Inteq,DIS37,tgauss,DIS CHANNEL 37,Unit-symbol case error
Baker Hughes Inteq,SSPOR,Euc,Short space porosity,Clean
Baker Hughes Inteq,M0C6,S/m,"Focused conductivity, 60-inch DOI",Clean
Schlumberger,HLLS,ohm.m,HALS Laterolog Shallow Resistivity,Clean
Pason,pCAS,kPa,Casing Pressure,Mnemonic case error
Baker Hughes Inteq,TENG2,lbf,Differential tension referenced to GXPL pad 1,Clean
Baker Hughes Inteq,MNR1A,ohm.m,Pad 1 frequency A minimum button resistivity,Clean
Halliburton Logging,12kRH17,ohm.m,12k Rh 17 inch for the MCIV1D,Clean
Pason,N2_RATE,m3/d,N2 Rate,Clean
Schlumberger,DWS1_P1F,zH,"Raw Short Spacing Density Window 1 Count Rate, 0.1 ft",Unit-symbol typographical error
Schlumberger,BOT_IMON_MOD,uA,Bottom Step Monitoring Current Complex Module,Clean
Baker Hughes Inteq,SRA116M,nohm.mm²/m,Electrical Image - Sector 116 - Memory,Unicode power notation in unit
Halliburton Logging,XPAD4,kS/m,XRMI Pad 4 values,Clean
Baker Hughes Inteq,"  HYPWC2",psi,"Hydraulic pressure target for 1986WA module, instance 2",Mnemonic boundary whitespace
Baker Hughes Inteq,ABDC15X,lbm/ft3,Azimuthal Bulk Density - Compensated - Sector 15 - Real-time,Clean
BP,BP_CMT_VOL,bbl,Volume Pumped - Cement,Clean
Schlumberger,P122,cgr,Phase R1 from T2 at 2 MHz,Clean
Schlumberger,RBSL,m2,"Raw Borehole Sigma, Left",Clean
Halliburton Logging,XDP_ALT_PL_DT,us,Sonic Delta-T Reflected Shear,Clean
Baker Hughes Inteq,P4AVG,ohm.m²/m,Pad 4 mean value of 24 buttons,Unicode power notation in unit
Schlumberger,DTCO_MH_TA,s/m,"Compressional Slowness - Monopole High, Transmitter Array",Clean
Baker Hughes Inteq,FL51,µT,FL CHANNEL 51,Unicode micro prefix in unit
Schlumberger,IR61,m,Internal Radius 61,Clean
Baker Hughes Inteq,ST8244XAC,m,8244XA spinner calibration depth reference,Clean
Halliburton Logging,INJV,bbl,Injection Volume,Clean
Baker Hughes Inteq,TAUCBF,us,Sampling period for CBL far transmitter spacing,Clean
Baker Hughes Inteq,EPRES,kN/m²,External pressure,Unicode power notation in unit
Schlumberger,SXO_SH2​,ppm,Water Saturation in Flushed Zone for Shell 2,Mnemonic boundary invisible character
Baker Hughes Inteq,PPTF,us,Predicted pipe time for far spacing,Clean
Schlumberger,DTCO_MH_RT,h/km,"Compressional Slowness - Monopole High, Real-Time",Clean
Schlumberger,RES_BIT_INVER,ohm.m,Inverted Bit Resistivity,Clean
Baker Atlas,trmtt21,s,monopole multiplex first arrival time,Clean
Schlumberger,PEF_PRSS,Hz,Short Spacing PEF Pile-up Rejection Countrate,Clean
Schlumberger,DPTR72_LB_1D_DISPLAY,L/min,3D Induction 1D Inversion True Dip Magnitude Lower Bound from 72 inch Array (modified to display tadpoles less frequently),Mnemonic-unit semantic mismatch
BP,BP_RES_SH_AT_HF2_DEP,ohm.m,Dep - Resistivity - Shallow - Attenuation - High Frequency,Clean
Baker Hughes Inteq,M4C6,S/m,"HDIL 4-foot resolution matched conductivity, 60-inch DOI",Clean
Schlumberger,DPC2_DL,kN/m²,MRDP 2 Quartz Gauge Pressure Compensation,Unicode power notation in unit
Schlumberger,AFTC,MHz,Thermal Detector Count Rate,Clean
Baker Hughes Inteq,PO9B2,%,Second BVI accumulated partial porosity sum,Clean
Baker Atlas,ST22,us,waveform start time,Clean
Baker Hughes Inteq,ARTBS,ohm.m,Frequency B average of array of pad average resistivities,Clean
Baker Hughes Inteq,AZGFDP,Gal,Filtered Z-axis accelerometer shifted to HDIP,Clean
Schlumberger,ZVTQ,uV,"Torpedo Voltage in Mode 1, quadrature",Clean
Baker Hughes Inteq,HP01,uV,High pass filter with default 200 Hz cutoff,Clean
Schlumberger,TIME_TPJ_IMFX,s,Time Index Channel of Time Projection for Imaging Monopole Far Transmitter Custom Frequency Firing,Clean
Schlumberger,ORIG_HR_PRES,bar,Interval Pressure Transient Test Original Horizontal Observation Pressure,Clean
Halliburton Logging,P3p3,uV,Plus 3.3 Volts,Clean
Schlumberger,SRVP_0_0_SLOW_T,s/m,Shear Radial Variation Profile at 0 Inch Radial Depth from Borehole Surface for SLOW Waveform Transmitter Array,Clean
Schlumberger,MMTT,s,Median MAP Transit Time,Clean
Halliburton Logging,PL5A,mV,Plus 5 Volts Analog,Clean
Schlumberger,RES_BM_IMG_DH,Ohm.m2/m,"Compensated Medium Button Resistivity Image, Computed Downhole",Unit-symbol case error
Baker Hughes Inteq,FRD,Euc,Formation factor from deep,Clean
Schlumberger,TXSP_MCLL,bar,Mohr-Coulomb lower limit of the total minimum horizontal stress,Clean
Baker Hughes Inteq,FING70,m,Finger 70 readings,Clean
Schlumberger,SPPG,%,Gas Saturation from Sidewall Core,Clean
Baker Hughes Inteq,DIS41,mT,DIS CHANNEL 41,Clean
Baker Hughes Inteq,QAOD2,m/s²,Magnitude of accelerometer vector (2nd tool),Unicode power notation in unit
Baker Hughes Inteq,DEVPK,cgr,Deviation at WGI position,Clean
Pason,WLGD,in,Wits Lag Depth,Clean
Baker Hughes Inteq,MPHSA3,ppm,Third T2 total porosity,Clean
Schlumberger,TTE1_MUH,ms,Transit Time of First Peak for Monopole Upper Transmitter High Frequency Firing,Clean
Halliburton Logging,60kDip80,cgr,60k Dip 80 inch for the MCIV1D,Clean
Baker Hughes Inteq,FL63,mT,FL CHANNEL 63,Clean
Schlumberger,A8LB​,mS/m,"AIT-B Low Frequency, Real Array #8 Boosted Conductivity",Mnemonic boundary invisible character
Baker Hughes Inteq,RPTHM,us,Resistivity - Time Since Drilled - Memory,Clean
Baker Hughes Inteq,SRA023M,ohm.cm,Electrical Image - Sector 23 - Memory,Clean
Schlumberger,AIA6⁠,uA,Average of 6 ft Axial Current,Mnemonic boundary invisible character
Numar MRI Logging,PORE_RAD,ft,Pore radius from T2 and diffusion log,Clean
Halliburton Logging,ST_FM_Time_Peaks,us,Time Peaks,Clean
Baker Hughes Inteq,PO6A5,ppm,Fifth T2 accumulated partial porosity sum,Clean
Baker Hughes Inteq,QBXE,mT,Earth magnetic field strength at acoustic tool reference,Clean
Halliburton Logging,VertResist29,ohm.m,"Vertical Resistivity 29""",Clean
Schlumberger,AT_DLG2_F3_SIG,dB,Uncertainty of Frequency 3 Longitudinal Spacing 2 Attenuation,Clean
Schlumberger,RES_BM_RAW,ohm.cm,Raw Medium Button Resistivity,Clean
Schlumberger,TPLN,h/km,Measure of TPL Minus Sqrt(Sigma**2+Tau**2),Clean
Baker Hughes Inteq,SRA032M,ohm.cm,Electrical Image - Sector 32 - Memory,Clean
Baker Hughes Inteq,SRA050M,kohm.m,Electrical Image - Sector 50 - Memory,Clean
Schlumberger,COND_XO_F2,S/m,Frequency 2 Invaded Zone Conductivity,Clean
Pason,HLT,N,Hookload Threshold,Clean
Schlumberger,GDMS_LFA2_DL​,mV,LFA2 Gas Detector Source Intensity Monitor Source Calibration Data (Depth Logging),Mnemonic boundary invisible character
Schlumberger,R1R2,V,Ref1 - Ref2 Potential Difference,Clean
Schlumberger,DFBF3_FSI,MHz,Filtered (Sliding Window) Bubble Count Rate Electrical Probe 3,Clean
Schlumberger,"  FBEF_08",A,"Far Effective Beam Current, pass 08",Mnemonic boundary whitespace
Schlumberger,VSRD,ms,VSP Sample Rate Downhole Sensor,Clean
Schlumberger,CR35,in,Corrected Radius 35,Clean
Baker Hughes Inteq,RCAP12,Hz,Capacitance sensor 12,Clean
Schlumberger,ECAL_RAB_RT,ft,Electrical Caliper Computed from RAB Resistivities,Clean
Schlumberger,QWD,L/min,Downhole Water Flowrate,Clean
Baker Hughes Inteq,W03MA,K,HTHP XMAC III MA temperature,Clean
Schlumberger,BATA_SMWD,A,SMWD Battery B Current,Clean
Schlumberger,EFITVOL,L,End of Fitting Volume,Clean
Baker Hughes Inteq,MT_PHIAX,%,Total Porosity - Downhole Processed - Real-time,Clean
Baker Hughes Inteq,SATROT,dega,"Rotation sensor, SAT",Clean
Halliburton Logging,FR3,ohm.cm,RESISTIVITY 17 CM,Clean
Baker Hughes Inteq,FL46,mT,FL CHANNEL 46,Clean
Schlumberger,SXO_SH4,Euc,Water Saturation in Flushed Zone for Shell 4,Clean
Schlumberger,LWTO,kHz,Window Total from Long Spacing,Clean
Schlumberger,dPTR54_1DF_CURVEDISPLAY,dega,3D Induction 1D Inversion Filtered True Dip Magnitude from 54 inch Array (continuous curve display),Mnemonic case error
Baker Hughes Inteq,SRA115M,kohm.m,Electrical Image - Sector 115 - Memory,Clean
Schlumberger,P1AZ_OBDT,dega,"Pad 1 Azimuth in Horizontal Plane (0 = True North), memorized to OBDT",Clean
Baker Hughes Inteq,DRATA50M,Nohm.mm2/m,Resistivity - Attenuation - Apparent - 50 kHz - Memory,Unit-symbol case error
Baker Hughes Inteq,ATNMI,dB,"Comp, dipole attn., inner rcvrs, med xmtrs, all freq.",Clean
Baker Hughes Intq,RCAP08,kHz,Capacitance sensor 8,Service-company spelling error
Baker Hughes Inteq,PO3A2,Euc,Second T2 accumulated partial porosity sum,Clean
Schlumberger,IDEB,ohm.m²/m,Deep Induction Enhanced Borehole Corrected Resistivity,Unicode power notation in unit
Pason,TGS_C5,%,tgs C5 Gas Percentage,Clean
Halliburton Logging,SDSO,ft,Tool Standoff,Clean
Baker Hughes Inteq,OFPRES,bar,Open field pressure,Clean
Schlumberger,DPAP54_LB_1D_DISPLAY,dega,3D Induction 1D Inversion Apparent Dip Magnitude Lower Bound from 54 inch Array (modified to display tadpoles less frequently),Clean
Halliburton Logging,TrueAzimuth36k29,cgr,"True Dip Azimuth 36k 29""",Clean
Baker Hughes Inteq,DIS18,mm,DIS CHANNEL 18,Mnemonic-unit semantic mismatch
Baker Hughes Inteq,FL93,Tu,FL CHANNEL 93,Unit-symbol typographical error
Schlumberger,aSON,in,"Minimum Ultrasonic Standoffs, Quadrant(B-L-U-R) Array",Mnemonic case error
Halliburton Logging,LMAN,in,Left Mandrel,Clean
Schlumberger,DFCA,in,DEFT Caliper,Clean
Halliburton Logging,TMGR,degF,Rho Gradient Temperature,Clean
Schlumberger,S1T_FAST,ms/m,"STC Peak Slowness, Transmitter Array - FAST",Clean
Halliburton Logging,"TUL4	",us,Low Reso. Travel velocity based on u/m rcvrs from lower xmtr.,Mnemonic boundary whitespace
Halliburton Logging,"BASERHO	",g/cm3,Density Base Line,Mnemonic boundary whitespace
Schlumberger,"TT4_5F_MLH	",us,Transit Time 4.5 ft from Monopole Upper High Frequency Waveform,Mnemonic boundary whitespace
Halliburton Logging,TBP2,V,Transmitter B Pad 2 - Used for Calibration,Clean
Baker Hughes Inteq,TPORE,Euc,Total porosity estimate used in inversion processing,Clean
Schlumberger,KH_MU_10,WE,Mobility - Thickness Product Transient 10,Unit-symbol typographical error
Baker Hughes Inteq,QDTP,degC,Quartzdyne temperature,Clean
Schlumberger,AHYD_CGA,lbm/ft3,Apparent Hydrocarbon Density,Clean
Schlumberger,P234,dega,Phase R2 from T3 at 400 KHz,Clean
Baker Hughes Inteq,DANPAR,psi,Annular Pressure - Average - Memory,Clean
Halliburton Logging,Quartz Probe1 Pressure,kPa,Quartz Probe1 Pressure Eps,Clean
Schlumberger,RVF2,µV,F Potential Difference in Step 2,Unicode micro prefix in unit
Baker Hughes Inteq,CCAL,m,Circumferential caliper,Clean
Schlumberger,POMS2,rpm,MRPO 2 Motor Speed,Clean
Baker Hughes Inteq,FL47,uT,FL CHANNEL 47,Clean
Baker Hughes Inteq,SLTM,s,Delta elapsed time,Clean
Schlumberger,WMUD_MIN_RT,kg/m3,"Mud Minimum Density, Real-Time",Clean
Schlumberger,DPAA72_UB_1DF,cgr,3D Induction 1D Inversion Filtered Apparent Dip Azimuth Upper Bound from 72 inch Array,Clean
Schlumberger,ANOR_SL,Gal,Acceleration Computed Norm (vector length),Clean
Halliburton Logging,ACC_VOL,m3,Accumulated Volume,Clean
Baker Hughes Inteq,DIS38,uT,DIS CHANNEL 38,Clean
Halliburton Logging,TrueDip36k80,rad,"True Formation Dip 36k 80""",Clean
Pason,GAMMA_LAGCALC,in,Gamma Lag Calc,Clean
Schlumberger,AHTCO10,kS/m,Array Induction Two Foot Conductivity A10,Clean
Halliburton Logging,84kDip80,edga,84k Dip 80 inch for the MCIV1D,Unit-symbol typographical error
Halliburton Logging,UMP_ST_Time,ms,Pick Time,Clean
Baker Hughes Inteq,SRA52X,ohm.m,Electrical Image - Sector 52 - Real-time,Clean
Halliburton Loggig,VertResist17,ohm.cm,"Vertical Resistivity 17""",Service-company spelling error
Halliburton Logging,NOIS_Az1,µV,Az1 Noise Amplitude Baseline,Unicode micro prefix in unit
Baker Hughes Inteq,CNCSS,ppm,Borehole size corrected sandstone compensated neu porosity,Clean
Baker Hughes Inteq,RAD3S⁠,ft,"Radius, tool axis to pad 3 face",Mnemonic boundary invisible character
Schlumberger,FLDR_CGA2_DL,uV,CGA2 Fluorescence Reflection (Depth Logging),Clean
Pason,PC2G,Euc,tgs C2 Gas Percentage,Clean
Schlumberger,DCIM,KS/m,Delta Conductivity for Medium Induction,Unit-symbol case error
Schlumberger,OVRB,lbm/ft³,Overburden RHOB,Unicode power notation in unit
Baker Hughes Inteq,MMDC,m,Depth of corrected magnetic marks,Clean
Pason,MUDCL,ppm,Chloride,Clean
Baker Hughes Inteq,tTLC2,Hz,Total carbon count rate (long detector),Mnemonic case error
Baker Hughes Inteq,FLR30,Fgauss,FLR_30,Unit-symbol case error
Schlumberger,TAD_HKLD_SOH,lbf,Torque and drag calculation of hook load in slack off condition with high friction factor,Clean
Baker Hughes Inteq,AGNN4,dB,Acoustic averaged receiver gain,Clean
Baker Hughes Inteq,FLR61,mT,FLR_61,Clean
Halliburton Logging,TAP5,mV,Transmitter A Pad 5 - Used for Calibration,Clean
Halliburton Logging,MP_Comp_Freq,Hz,Pick Frequency,Clean
Schlumberger,"RFAR2﻿",kHz,Raw Neutron Far Tube 2 Average Count Rate,Mnemonic boundary invisible character
Baker Hughes Inteq,SRA057M,hom.cm,Electrical Image - Sector 57 - Memory,Unit-symbol typographical error
Baker Hughes Inteq,RPCESH,kohm.m,Resistivity Phase Diff Compensated Borehole and Dielectric Corrected Short 2MHz,Clean
Schlumberger,PS_DTR3_F2,cgr,Frequency 2 Transverse Spacing 3 Phase Shift,Clean
Schlumberger,CDR_ATMP_RT,degF,"Annulus Temperature, Real-Time",Clean
Schlumberger,RVAM_F1_A2,uV,"Voltage Return, Amplitude, Frequency 1, Pad A and Button 2",Mnemonic typographical error
Baker Hughes Inteq,XXAI,S/m,"Apparent conductivity unique frequency, imaginary, XX",Clean
Schlumberger,T1LM_OMF_SH3,us,Logarithmic Mean of Oil-Based Mud Filtrate T1 Distribution for Shell 3,Clean
Halliburton Logging,C2DENSITY,lbm/ft3,Ethane ( C2H46 ) density,Clean
Halliburton Logging,PANG,cgr,Phase Angle,Clean
Halliburton Logging,XY_ALT_FHB,V,Post Firing Voltage,Clean
Baker Atlas,trmst07,ms,monopole multiplex waveform start time,Clean
Schlumberger,DPAP72_LB_1DF_DISPLAY,rad,3D Induction 1D Inversion Filtered Apparent Dip Magnitude Lower Bound from 72 inch Array (modified to display tadpoles less frequently),Clean
Baker Hughes Inteq,FLC8,mT,FLC_8,Clean
Baker Hughes Inteq,AMIN,in,Minimum radius,Clean
Halliburton Logging,MAX_AVG_CAPAC2,uF,Maximum Average Capacitance 2,Clean
BP,BP_GAS_ADV_C1_IN_DEP,%,Dep - Methane (C1) IN - Advanced service,Clean
Pason,DH_PRESS_2,kPa,Downhole Pressure 2,Clean
Schlumberger,"  BSAL_TDTL",Euc,Borehole Salinity (TDT-like),Mnemonic boundary whitespace
Schlumbergr,TOD7,us,PL Time Of Day,Service-company spelling error
Baker Hughes Inteq,FRQAB,Hz,Frequency parameter abs mode for all pads,Clean
Halliburton Logging,EP3PtPressCorr,bar,EP3 Pretest Pressure Corrected,Clean
Baker Atlas,RWADC,kohm.m,"Apparent Fformation Water Resistivity, F from FDC",Clean
Schlumberger,RRD6,in,Raw Radius 6,Clean
Baker Hughes Inteq,V813,m/s,"Velocity from 250 Hz, row 8, sensors 1 and 3",Clean
Schlumberger,UAMN,B,Minimum Amplitude of Echo,Clean
Baker Atlas,mbvid,Euc,irreducible fluid indexes,Clean
Baker Hughes Inteq,RPMMNR,rad/s,RPM Minimum - Memory,Clean
Halliburton Logging,QG2CORPRES,bar,Quartz Gauge 2 Pressure,Clean
Baker Hughes Inteq,CPTVS,m3,"Cumulative pump-through volume, center sample",Clean
Schlumberger,BD1R_RAW,uA,"Raw Deep Button Current from Transmitter 1, In Phase",Clean
Halliburton Logging,ST_ALT_XDP_FHA,V,Pre Firing Voltage,Clean
Schlumberger,rOBL,kg/m3,"Bulk Density, Left",Mnemonic case error
Schlumberger,RH_LL_LB_ZD3,kohm.m,3D Induction Group 3 Zero-D Inversion Horizontal Resistivity Low Likelihood Lower Bound,Clean
Halliburton Logging,UMP_ALT_Time_Peaks,Ka[t],Time Peaks,Unit-symbol case error
Schlumberger,SPDC_LFA_DL,uV,Spectrometer Dark Calibration Data (Depth Logging),Clean
Baker Hughes Inteq,HVPSV,mV,High voltage power supply,Clean
Baker Hughes Inteq,MBVIB2,Euc,Second BVI bulk volume irreducible,Clean
Schlumberger,SFBP,mA,SFL Bucking Current Plus Measurement,Clean
BP,BP_PMP_SPM_RATE_P3,kHz,Stroke Rate - Pump 3,Clean
Schlumberger,RES_BM3,ohm.m,"Resistivity Medium, Octant 3",Clean
Pason,IC4,Euc,chr Iso-Butane IC4,Clean
Schlumberger,SPMX4_FSI_SL,uV,Spinner 4 Maximum Voltage - Station Log,Clean
Pason,ACTUAL_DEPTH,m,Actual Depth,Clean
Baker Hughes Inteq,FLR12,T,FLR_12,Clean
Schlumberger,COARS_TIME,us,Coarse Time in Increments of 250 Seconds,Clean
Schlumberger,RB_PVS1,rad,PVS1 Relative Bearing,Clean
Baker Hughes Inteq,"PO9A4﻿",Euc,Fourth T2 accumulated partial porosity sum,Mnemonic boundary invisible character
BP,BP_PITVOL_SL3,m3,Tank Volume - Slug Pit 3,Clean
Schlumberger,SIGM_12,m2,"Formation Sigma, pass 12",Clean
Halliburton Logging,RVHRes12k50,ohm.m,"Vertical Restivity 50"" / Horizontal Restivity 50"" 50k",Clean
Schlumberger,ERA,cgr,Ellipse Rotation Angle,Clean
Halliburton Logging,QRA3,kohm.m,Apparent Resistivity Mode 3,Clean
Schlumberger,SSW5,Hz,Raw Short Spacing Window 5 Count Rate,Clean
Schlumberger,FSALA,ppm,Apparent Formation Salinity,Clean
Schlumberger,DPTR_LB_ZD6,dega,3D Induction Group 6 Zero-D Inversion True Dip Magnitude Lower Bound,Clean
Schlumberger,HQBD_SPRI,L/min,Bubble Count Hydrocarbon Flowrate,Mnemonic typographical error
Halliburton Logging,QG2T⁠,degC,Quartz Gauge2 Temperature,Mnemonic boundary invisible character
Schlumberger,BRQ1_DL,psi,MRPS 1 Raw Quartz Gauge Pressure,Clean
Halliburton Logging,YDP_ALT_ST_Time,us,Pick Time,Clean
Halliburton Logging,FTEMP,degF,Far Detector Temperature,Clean
Baker Hughes Inteq,MFFYX,kS/m,"Multi frequency focusing, YX, apparent conductivity",Clean
Schlumberger,DTLN,s/m,Delta-T Long Spacing Near,Clean
Schlumberger,CQ05,mV,"Electrical Standoff Voltage, Azimuth 5, 90 degree",Clean
Schlumberger,RF1_SL,kHz,Far Count Rate From Gate 01,Clean
Baker Atlas,trmtt01,s,monopole multiplex first arrival time,Clean
Halliburton Logging,EP2Compress,1/bar,EP2 Compresibility,Clean
Schlumberger,T1PC_SH2,s,T1 Cutoff from Capillary Pressure Computation for Shell 2,Clean
Baker Hughes Inteq,SRA55X,ohm.m,Electrical Image - Sector 55 - Real-time,Clean
Schlumberger,PS_DTR4_F0_HR_SIG,dega,Uncertainty of High Resolution Frequency 0Transverse Spacing 4 Phase Shift,Clean
Schlumberger,CALC_MTF,cgr,Magnetic Toolface Angle,Clean
Schlumberger,CR54,ni,Corrected Radius 54,Unit-symbol typographical error
Halliburton Logging,TrueAzimuth72k17,dega,"True Dip Azimuth 72k 17""",Clean
Schlumberger,PAXL,kPa,MRPA Maximum Interval Pressure,Clean
Schlumberger,"  ADI11",ohm.m,AIT Dip Invariant 11 inch Resistivity,Mnemonic boundary whitespace
Schlumberger,CO2_APD,0.1 Lbm/bbl,CO2 Average Partial Density,Unit-symbol case error
Schlumberger,DPAZ15_1DF,rad,3D Induction 1D Inversion Filtered True Dip Azimuth from 15 inch Array,Clean
Schlumberger,ASOPR,ohm.cm,Array Induction One Foot Radial Resistivity Profile,Clean
Schlumberger,CL37_DH,in,"Ultrasonic Caliper Along Axis 3 and 7, Computed Downhole",Clean
Schlumberger,ETH_CGA2,kg/m3,CGA2 C2-C5 Partial Density,Clean
BP,BP_PMP_SPM_RATE_P1,μHz,Stroke Rate - Pump 1,Unicode micro prefix in unit
Halliburton Logging,FLIC,MHz,Far Lithology Calibrated,Clean
Pason,ADDP,psi,AutoDriller Diff Press,Clean
Halliburton Logging,RA4C,ohm.m,Borehole corrected resistivity of the Mode 4,Clean
Baker Hughes Inteq,SPUPB,kHz,Spinner up revolutions per second,Clean
Baker Hughes Inteq,"RAZDWS	",mgn,Differential Z-axis accelerometer shifted to WGI (2nd tool),Mnemonic boundary whitespace
Halliburton Logging,TrueAzimuth72k29,μrad,"True Dip Azimuth 72k 29""",Unicode micro prefix in unit
Halliburton Logging,BHCR12K29XX,S/m,Bore Hole Correction R12K 29In X Trans/ X Recv,Clean
Pason,H2O_NOZZLE,L/min,Water Nozzle,Clean
Halliburton Logging,HorizResist29,ohm.cm,"Horizontal Resistivity 29""",Clean
Halliburton Logging,HO01,ohm.m,10 in Radial Resistivity 1ft,Clean
Halliburton Logging,SCM3,DA,Survey Current Max Pad 3,Unit-symbol case error
Baker Hughes Inteq,LXOM,m,MultiLaterolog inversion length of invasion,Clean
Schlumberger,CT_DELTA5,ms,Phase C Delta Pressure Time Stamp Fifth Position,Clean
Schlumberger,RB_SL_PSTT,rad,Relative Bearing,Clean
Baker Hughes Inteq,RMZXE,T,Raw Z-Axis magnetometer shifted to XMAC-F1,Clean
Schlumberger,PAQDT2_DL,K,MRPA 2 Quartzdyne Gauge Sensor Pressure (Depth Logging),Clean
Baker Hughes Inteq,RZME,Kohm.m,"Flushed zone water resistivity, real time, medium",Unit-symbol case error
Schlumberger,B2HR,kHz,AGS Detector 2 Coincidence Downhole Total Countrate,Clean
Baker Hughes Inteq,R53,ft,Multi-arm_data - Feeler 53 radius,Clean
Schlumberger,PKSL2,s/m,Peak Slowness for STC for Measurement 2,Clean
Baker Hughes Inteq,R07,ft,Multi-arm_data - Feeler 7 radius,Clean
Halliburton Logging,CTVF,%,Contamination Fit Based On Viscosity,Clean
Halliburton Logging,BDip12k80,cgr,"Borehole Dip 12k 80""",Clean
Baker Hughes Inteq,DT24N,min,"Slowness over 24-inch interval, near spacing",Mnemonic-unit semantic mismatch
Baker Hughes Inteq,FLR59,mT,FLR_59,Clean
Halliburton Logging,TrueDip84k29,cgr,"True Formation Dip 84k 29""",Clean
Schlumberger,STOF,in,Effective Standoff in Limestone,Clean
Schlumberger,CPPPO2_DL,ft,MDCP 2 Pretest Piston Position Offset,Clean
Halliburton Logging,BHCR12K80ZX​,S/m,Bore Hole Correction R12K 80In Z Trans/ X Recv,Mnemonic boundary invisible character
Halliburton Logging,BHCR12K50ZY,mS/m,Bore Hole Correction R12K 50In Z Trans/ Y Recv,Clean
Schlumberger,S1T1,s/m,"STC Peak Slowness, Transmitter Array - Lower Dipole",Clean
Halliburton Logging,72kSK29,cgr,72k Strike 29 inch for the MCIV1D,Clean
Schlumberger,TTSH_MUM,s,Shear Peak Time from Monopole Upper Transmitter Mid Frequency Firing Monopole Component,Clean
Baker Hughes Inteq,CPP2,%,Crossplot porosity (2nd tool),Clean
Schlumberger,SS_HOP_FORC_FB,lbf,Shifting Open And Hold Force Feedback,Clean
Schlumberger,SS6A,dega,Surface Sensor 6 Azimuth,Clean
Baker Hughes Inteq,CF21,MHz,Center frequency,Clean
Schlumberger,GTVC,h,PTS Gradio Temperature VCO Count Rate,Mnemonic-unit semantic mismatch
Schlumberger,POUDMC2,A,MRPOUD 2 Motor Current,Clean
Schlumberger,PUP_ANGLEX,rad,TeleScope Angle X,Clean
Baker Hughes Inteq,DIS26,mT,DIS CHANNEL 26,Clean
Halliburton Logging,SATDENSITY,us,Saturates density,Mnemonic-unit semantic mismatch
Schlumberger,MXSL,s/m,"Maximum Labeling Slowness, Compressional",Clean
Halliburton Logging,BZC,A/mm,magnetometer with unit after the correction,Clean
Schlumberger,DPAA_LB_ZD3,dega,3D Induction Group 3 Zero-D Inversion Apparent Dip Azimuth Lower Bound,Clean
Halliburton Logging,BHCR72K29XY,mS/m,Bore Hole Correction R72K 29In X Trans/ Y Recv,Clean
Halliburton Logging,XDP_ALT_XY_Time⁠,ms,Pick Time,Mnemonic boundary invisible character
Baker Hughes Inteq,Flowline Pressure,bar,Fluid Pressure Inside the Flow Line - Real-time,Clean
Schlumberger,IR29,m,Internal Radius 29,Clean
Baker Hughes Inteq,hMBV,uV,MPC hydraulic motor bus voltage,Mnemonic case error
Halliburton Logging,TRLL,kohm.m,ALAT Formation resistivity,Mnemonic typographical error
Schlumberger,RF4,kHz,Raw Far Gate 4,Clean
Halliburton Logging,BHCR72K80XY,S/m,Bore Hole Correction R72K 80In X Trans/ Y Recv,Clean
Baker Hughes Inteq,ABDCRX,lbm/ft3,Azimuthal Bulk Density - Compensated - Right Quadrant - Real-time,Clean
Schlumberger,RB_SCMT,cgr,Relative Bearing,Clean
Schlumberger,TT3F_MUH,s,Transit Time 3 ft from Monopole Upper High Frequency Waveform,Clean
Schlumberger,A28H_COND_ECO_RT,S/m,"Attenuation Conductivity 28 inch Spacing at 2 MHz, Environmentally Corrected, Real-Time",Clean
Schlumberger,"  P34H_COND_UNC_ECO_RT",kS/m,"ARC Uncorrected Phase-Shift Conductivity 34 inch at 2 MHz, Real-Time, Computed Downhole",Mnemonic boundary whitespace
Baker Atlas,SGM1,nohm.mm²/m,complex sigma array 1,Unicode power notation in unit
Schlumberger,AZIM_EMS,rad,EMS Depth Shifted Azimuth,Clean
Baker Hughes Inteq,SPAG,rad,Final spline angles,Clean
Baker Hughes Inteq,SRA35X,ohm.cm,Electrical Image - Sector 35 - Real-time,Clean
Schlumberger,dPAA27_1DF,cgr,3D Induction 1D Inversion Filtered Apparent Dip Azimuth from 27 inch Array,Mnemonic case error
Schlumberger,RODTEMP,K,DV-Rod Temperature,Clean
Schlumberger,TBIT90,kohm.m,Thrubit Induction Array Two Foot Resistivity at 90 inch depth of investigation,Clean
BP,BP_PMP_BOOSTER_PRESSURE,kPa,Pressure - Riser Boost Pump,Clean
Schlumberger,AMTE,edgF,Averaged Mud Temperature,Unit-symbol typographical error
Halliburton Logging,TWLR,us,CAST time window length of the resonance,Clean
Baker Hughes Inteq,FLC4,T,FLC_4,Clean
Schlumberger,ANP2_RT,µrad,Angle of Peak2 for Receiver Tadpole,Unicode micro prefix in unit
Baker Hughes Inteq,K40,Euc,Potassium content,Clean
Schlumberger,CRD1,ft,Radius 1 Arm Bending Compensated,Clean
Halliburton Logging,MDT2,h/km,Monopole 2 Delta T,Clean
Halliburton Logging,BHCR60K50XX,S/m,Bore Hole Correction R60K 50In X Trans/ X Recv,Clean
Halliburton Logging,CO40,kS/m,HRI Deep Conductivity 40 Inch 1Ft.,Clean
Schlumberger,ADRI,dega,Arrow Drift,Clean
Halliburton Logging,SCM1,bbl/d,Survey Current Max Pad 1,Mnemonic-unit semantic mismatch
Halliburton Logging,SO3,m,Stand Off Arm 3,Clean
Schlumberger,QL04,L/min,Liquid Flowrate Channel 04,Clean
Schlumberger,CR60,ft,Corrected Radius 60,Clean
Schlumberger,AWN5,Hz,"ACT Window 5, 2 - 3 MeV",Clean
Baker Hughes Inteq,EPSSIE,uF/m,"Rel permittivity estimate short xmtrs inner rcvrs, all freq.",Clean
Baker Atlas,DST,s,dipole multiplex waveform start time,Clean
BP,BP_RHOBA_DEP_10,lbm/ft3,Dep - Bulk Density - Azimuthal - Sector10,Clean
Schlumberger,CCHMS1,rpm,MDCC 1 Hydraulic Motor Speed,Clean
Schlumberger,SPD2_RT,cgr,"Symmetrized Directional Deep Phase Shift at 2 MHz, Real-Time",Clean
Baker Hughes Inteq,DZR1BS,ohm.cm,Freq B pad 1 dynamic real resistivity of formation impedance,Clean
Schlumberger,DPTR54_LB_1D_DISPLAY,cgr,3D Induction 1D Inversion True Dip Magnitude Lower Bound from 54 inch Array (modified to display tadpoles less frequently),Clean
Halliburton Logging,FLLV,m3,Flowline Volume,Clean
Schlumberger,TAB_CDR_RES,mx,CDR Resistivity Time After Bit,Unit-symbol typographical error
Schlumberger,ECD_MXW,kg/m3,Equivalent Circulating Density,Clean
Schlumberger,ASTCA,degC,Array Induction Array Temperature Calibrated,Clean
Baker Hughes Inteq,SRA50X,kohm.m,Electrical Image - Sector 50 - Real-time,Clean
Baker Hughes Inteq,RAD,µm,Reflectance traveltime radius,Unicode micro prefix in unit
Schlumberger,PAPC4,N/m²,MRPA 4 Quartz Gauge Pressure Compensation,Unicode power notation in unit
Schlumberger,SDTPFT,deltaC/m,SCTT Differential Primary Temperature,Clean
Schlumberger,BATT_SHORT_DIS,dB,BHC Attenuation Short Distance for Cement Evaluation,Clean
Schlumberger,A40H_RT,kohm.m,"ARC Attenuation Resistivity 40 inch Spacing at 2 MHz, Environmentally Corrected, Real-Time",Clean
Baker Hughes Inteq,DIS16,uT,DIS CHANNEL 16,Clean
Halliburton Logging,CLMV,V,Clamp Volts,Clean
Schlumberger,S1R_FAST,h/km,"STC Peak Slowness, Receiver Array - FAST",Clean
Schlumberger,TRIVFIREF27,S/m,3D Induction 27 Inch Array Vertical Fracture Indicator Reference,Clean
Baker Hughes Inteq,DENFDI,g/cm3,Fluid density from FDI tool,Clean
Baker Hughes Inteq,TTNE,s,Traveltime estimate near transmitter,Clean
Halliburton Logging,FP23,rad,DIFF PHASE 12 17 CM,Clean
Baker Hughes Inteq,FLR69,mT,FLR_69,Clean
Schlumberger,VRPH_RX2_F1_A,rad,"Voltage Return Phase RX2, Frequency 1, Pad A",Clean
Halliburton Logging,"  QG3T",K,Quartz Gauge3 Temperature,Mnemonic boundary whitespace
Schlumberger,LPUF,μpsi,Unfiltered Lower Sensor Pressure,Unicode micro prefix in unit
Halliburton Logging,UFMP_ALT_PL_DT,µs,Sonic Delta-T Reflected Shear,Unicode micro prefix in unit
BP,BP_ROP_INST,ft/min,Rate of Penetration - Instantaneous,Clean
Baker Hughes Inteq,DTST0,ms/m,Isotropic Stoneley wave slowness,Clean
Schlumberger,DRHR_RT,lbm/ft3,"Bulk Density Correction, Right, Real-Time",Clean
Schlumberger,TRIVFIAVG39,kS/m,3D Induction 39 Inch Array Vertical Fracture Indicator Averaged,Clean
Schlumberger,"RHOB_REC﻿",lbm/ft3,Reconstructed Density,Mnemonic boundary invisible character
Schlumberger,"  WOBPOS",in,Weight On Bit Piston Position,Mnemonic boundary whitespace
Schlumberger,IR71,in,Internal Radius 71,Clean
Baker Hughes Inteq,PD6G,uV,Packed guard voltages,Clean
Halliburton Logging,NDE,Hz,Near Density,Clean
Schlumberger,FBEF_15,μA,"Far Effective Beam Current, pass 15",Unicode micro prefix in unit
Schlumberger,AHIMR,nohm.mm²/m,Array Induction Input Borehole Mud Resistivity To AIT Processing,Unicode power notation in unit
Halliburton Logging,MNBK,Euc,Min Borehole K Concentration Error,Clean
Baker Hughes Inteq,HYPWC,bar,Hydraulic pressure target for 1986WA module,Clean
Baker Hughes Inteq,PKSMA,h/km,Peaks from monopole compressional correlogram (4 wave),Clean
Baker Hughes Inteq,SQRLX,kohm.m,Electrical Image - Resistivity Left - Real-time,Clean
Schlumberger,QTMN,m3/h,Flowrate Total Minimum,Clean
Schlumberger,HRN4,kHz,HiRes Near Count Rate From Gate 04,Clean
Baker Hughes Inteq,S0MO,ard,"Calibrated and oriented cement map, Lamb S0",Unit-symbol typographical error
Halliburton Logging,ATMFRQD,B/x,Mud frequency dependent attenuation (ma1),Unit-symbol typographical error
Baker Hughes Inteq,ABDC5M,lbm/ft3,Azimuthal Bulk Density - Compensated - Sector 5 - Memory,Clean
Baker Hughes Inteq,SRA058M,kohm.m,Electrical Image - Sector 58 - Memory,Clean
Baker Hughes Inteq,PORZCLS2,ppm,Corrected porosity for limestone matrix (2nd tool),Clean
Baker Hughes Inteq,D08,m,Diameter from DMAG tool,Clean
Baker Hughes Inteq,ZR1AU,Eohm,Frequency 1 pad 1 resistance,Clean
Halliburton Logging,SDD,bar,Sample Draw Down,Clean
Baker Hughes Inteq,MT_PHEX,%,Effective Porosity - Surface Derived - Real-time,Clean
Schlumberger,FCNL,kHz,Far Detector Count Rate,Clean
Baker Hughes Inteq,RACSH,ohm.cm,Resistivity Attenuation Compensated Borehole Corrected Short 2MHz,Clean
Halliburton Logging,Quartz Probe1 Pressure 3,kPa,Quartz Probe 1 Pressure 3 Eps,Clean
BP,BP_PITVOL_DESILT,m3,Tank Volume - Desilter,Clean
Baker Hughes Inteq,RPAL,ohm.cm,Resistivity Phase Diff Compensated Apparent Long 400kHz,Clean
Baker Hughes Inteq,"FLR4	",T,FLR_4,Mnemonic boundary whitespace
Schlumberger,QL02,L/min,Liquid Flowrate Channel 02,Clean
Schlumberger,WF1D,in,Waveform 1 Depth,Clean
Schlumberger,TIMTOTGTCNTM,kohm.m,Time Required to Reach Target Contamination Level at Last Pumping Rate,Mnemonic-unit semantic mismatch
Baker Hughes Inteq,RAXGDP,gn,Raw X-axis accelerometer shifted to HDIP,Clean
Baker Hughes Inteq,FPIT,N,Free point indicator torque,Clean
Halliburton Logging,LOG1,us,Logarithmic Mean 1,Clean
Schlumberger,MSL2,s,MRMS 2 Slew Rate,Clean
Schlumberger,DT_LPPO_ML_DH,s/m,"Leaky-P Slowness Computed Downhole, Pumps Off - Monopole Low",Clean
Schlumberger,CRD4_PPC3,m,PPC3 Radius 4 Arm Bending Compensated,Clean
Schlumberger,PAW2,cgr,Pad Azimuth With Resistivity 2,Clean
Schlumberger,STRVP_15_0_R,s/m,Stoneley Shear Radial Variation Profile at 15 Inch Radial Depth from Borehole Surface for Receiver Array,Clean
Halliburton Logging,HT09,ohm.cm,90 in Radial Resistivity 2ft,Clean
Schlumberger,IBT1,uA,Battery 1 Current,Clean
Baker Hughes Inteq,NBVIBTMAXM,gx,Near Bit Tangential Vibration Maximum - Memory,Unit-symbol typographical error
Pason,RESISTIVITY2,kohm.m,Resistivity 2,Clean
Baker Hughes Inteq,RD032,ft,"Radius, tool axis to pad 3 face",Clean
Baker Hughes Inteq,"  DIP5",uV,"Pad 5 average data of buttons 11, 12, 13, 14",Mnemonic boundary whitespace
Baker Hughes Inteq,QDDP2,MPa/m,Differential pressure from Quartzdyne (2nd tool),Clean
Baker Hughes Inteq,FLMAX,V,MAX FL CHANNEL,Clean
Schlumberger,FLDR_CGA3,uV,CGA3 Fluorescence Reflection,Clean
Baker Hughes Inteq,FLC9,uT,FLC_9,Clean
Baker Hughes Inteq,MFFYZ,kS/m,"Multi frequency focusing, YZ, apparent conductivity",Clean
Halliburton Logging,84KSK80,cgr,84k Strike 80 inch for the MCIV1D,Mnemonic case error
Schlumberger,DRRT_ADN_RT,g/cm3,Real-Time Rotationally Corrected Bulk Density Correction,Clean
Baker Hughes Inteq,SOLV,V,Solenoid DC voltage,Clean
Schlumberger,GHB3_SL,μHz,GHOST Bubble Count Rate Probe 3 - Station Log,Unicode micro prefix in unit
Halliburton Logging,CUMV,V,Cumm.Mud Filtrate Volume,Clean
Schlumberger,QDPRESS_PA4_DL,bar,MRPA 4 Quartzdyne Gauge Sensor Pressure (Depth Logging),Clean
Schlumberger,BOT_ITOT_MOD,mA,Bottom Step Total Injected Current Complex Module,Clean
Halliburton Logging,SCH3,S/m,Skin Effect Conductivity D3,Clean
Baker Hughes Inteq,PORS,ppm,Single detector neutron porosity (short space),Clean
BP,BP_RES_MD_AT_HF_DEP,kohm.m,Dep - Resistivity - Medium - Attenuation - High Frequency,Clean
Halliburton Logging,TT3FT,s,3 Ft Pipe Travel Time,Clean
BP,BP_DEP_RET_MD,ft,Depth Returns - Measured,Clean
Schlumberger,GHBF0,Hz,Filtered Bubble Count Rate Optical Probe 0,Clean
Baker Hughes Inteq,AMD3F2,mV,Raw data amplitude T3 frequency 2 (in dB/V),Clean
Schlumberger,RSOZ,in,Resistivity Standoff Standard Resolution,Clean
Schlumberger,PGTO,ms,PGMC Temperature Offset,Clean
Baker Hughes Inteq,CLMPV,V,Clamp output voltage,Clean
Schlumberger,N21R,μHz,Raw Near Bank 2 Tube 1 Count Rate,Unicode micro prefix in unit
Schlumberger,PGTC_SL,degC,PGMC Corrected Temperature,Clean
Halliburton Logging,N2PR,kPa,N2 Pressure,Clean
Baker Hughes Inteq,PORWLE,ppm,"Water filled porosity real time, long xmtrs",Clean
Halliburton Logging,YX_ALT_FHB,mV,Post Firing Voltage,Clean
Halliburton Logging,HorizRes12k80,ohm.m,"Horizontal Resistivity 12k 80""",Clean
Halliburton Logging,EPSP2TEMP,degC,EPS P2 Quartz Gauge Temperature,Clean
Schlumberger,CAR1,in,Rotated Caliper 1 According to RB,Clean
Schlumberger,IRDZ,S/m,Induction Real Deep Zero Conductivity,Clean
Halliburton Logging,ST_LM_Slowness_Peaks,us,Slowness Peaks,Clean
Baker Hughes Inteq,ACCTime,ms,95 ACC_Time,Clean
Baker Hughes Inteq,RD042,ft,"Radius, tool axis to pad 4 face",Clean
Schlumberger,COND_XD_F1_SIG,mS/m,Uncertainty on Frequency 1 Deep Zone Conductivity,Clean
Schlumberger,BTIM,us,Break Time for Downhole Geophone,Clean
Schlumberger,RF23_P1F,MHz,"Raw Far Bank 2 Tube 3 Count Rate, 0.1 ft",Clean
Halliburton Logging,WL3C,mA,Wire Line 3 Current,Clean
Schlumberger,DPAP54_UB_1D_DISPLAY,rad,3D Induction 1D Inversion Apparent Dip Magnitude Upper Bound from 54 inch Array (modified to display tadpoles less frequently),Clean
Halliburton Logging,RVHResist29,ohm.cm,"RVH Resistivity 29""",Clean
Halliburton Logging,ST_ALT_UFM_FHA,uV,Pre Firing Voltage,Clean
Baker Hughes Inteq,QL5P,bar,Tic mark for drawdown pressure every thousand psi,Clean
Halliburton Logging,ODDP,bar,Optimum Drawdown Pressure,Clean
Baker Hughes Inteq,TNST##,s,Monopole multiplexed waveform start time,Clean
Schlumberger,SSP1,rad,Symmetrized Directional Shallow Phase Shift at 100 KHz.,Clean
Schlumberger,AS8B,mS/m,AIT-S Array #8 Boosted Conductivity,Clean
Schlumberger,SXGAS_SH1,ppm,Gas Saturation in Flushed Zone for Shell 1,Clean
Halliburton Logging,TrueDip72k17,gcr,"True Formation Dip 72k 17""",Unit-symbol typographical error
Baker Hughes Inteq,CASPR,psi,Casing Pressure,Clean
Baker Hughes Inteq,RAZFG2,V,Raw Z-axis accelerometer from aclzfilt_o for GXPL,Clean
Baker Hughes Inteq,SSPORS,Euc,Short space porosity (2nd tool),Clean
Schlumberger,HTHV,in,Average Thickness of Plate (Fluid Properties Measurement),Clean
Baker Hughes Inteq,SRA088M,kohm.m,Electrical Image - Sector 88 - Memory,Clean
Baker Hughes Inteq,CPTVF,m3,"Cumulative pump-through volume, 1st pump",Clean
Halliburton Loggig,EPS QPresStabP1,Pa/s,EPS Quartz Pressure Stability Probe 1,Service-company spelling error
Halliburton Logging,HO06,kohm.m,60 in Radial Resistivity 1ft,Clean
BP,BP_MUD_MFO_RIG,L/min,Flow Out - Mud (Rig),Clean
Schlumberger,T2L4_SH3,ms,T2 Logarithmic Mean of Bin 4 for Shell 3,Clean
Schlumberger,DPAP54_UB_1DF​,cgr,3D Induction 1D Inversion Filtered Apparent Dip Magnitude Upper Bound from 54 inch Array,Mnemonic boundary invisible character
BP,BP_PITVOL_ACT8,L,Tank Volume - Active 8,Clean
Baker Hughes Intq,FLR37,T,FLR_37,Service-company spelling error
Baker Hughes Inteq,TXXSP08,s,Four-comp. dipole XX multiplexed sample period,Clean
Baker Hughes Inteq,SRA16X,kohm.m,Electrical Image - Sector 16 - Real-time,Clean
Schlumberger,AP2P,rad,Active Pad 2 Low Frequency Phase,Clean
Schlumberger,KTIM_SH4,D,Timur/Coates Permeability for Shell 4,Clean
Schlumberger,THBKN_RF,ft,Unflagged Casing Thickness minus Nominal Thickness,Clean
Baker Hughes Inteq,MBHC0,mS/m,"HDIL borehole corrected conductivity, subarray 0",Clean
Schlumberger,DSP3,spi,MRDP 3 Sink Strain Gauge Pressure,Unit-symbol typographical error
Baker Atlas,mbvic,Euc,irreducible fluid indexes,Clean
Halliburton Logging,DDX,mS/m,Deep X Deconvolved,Clean
Baker Hughes Inteq,ABDCLX,kg/m3,Azimuthal Bulk Density - Compensated - Left Quadrant - Real-time,Clean
Halliburton Logging,DP1P1HorizMob,D/(Pa.s),DP1P1 Horizontal Mobility,Clean
Baker Hughes Inteq,NBVIBXYMINM,gn,Near Bit Lateral Vibration Minimum - Memory,Clean
Pason,ETHANE_C2,Euc,chr Ethane C2,Clean
Baker Hughes Inteq,TFSP09K,us,Monopole multiplexed sample period,Clean
Halliburton Logging,FSRT,s,Raw transit time of the corrected first shot,Clean
Schlumberger,CC26,m,Ultrasonic Borehole Centered Caliper Along Axis 2 and 6,Clean
Schlumberger,NDVPRE_09,Hz,Normalized Derivative Pressure Transient 09,Mnemonic-unit semantic mismatch
Schlumberger,VAQD,V,"Injection Applied Voltage Quadrature, Pad D",Clean
Halliburton Logging,UFMP_ALT_ST_Time,ms,Pick Time,Clean
Baker Hughes Inteq,TS15MA,ms,Time since reaching max temperature for inside flask sensor,Clean
Schlumberger,PS_DTR4_F3_HR,cgr,High Resolution Frequency 3 Transverse Spacing 4 Phase Shift,Clean
Schlumberger,SFTQP_DL,kPa,MRSF Quartz Gauge Pressure (Depth Logging),Clean
Schlumberger,RRD2,m,Raw Radius 2,Clean
Baker Hughes Inteq,SRA035M,dega,Electrical Image - Sector 35 - Memory,Mnemonic-unit semantic mismatch
Schlumberger,EOBS_AVG,ft,Averaged Estimated Optical-probe Bubble Size,Clean
Schlumberger,HIORWAI,kohm.m,HITA One Foot Radial RWA Image,Clean
Baker Hughes Inteq,R55,in,Multi-arm_data - Feeler 55 radius,Clean
Schlumberger,USWI,ppm,Non-Clay Water Intergranular Water Saturation for Undisturbed Zone,Mnemonic typographical error
Baker Hughes Inteq,"CALSD﻿",m,Standard deviation of caliper,Mnemonic boundary invisible character
Halliburton Logging,SCH2,S/m,Skin Effect Conductivity D2,Clean
Schlumberger,QDTF_TL,kHz,Manometer Quartzdyne Temperature Frequency,Clean
Baker Hughes Inteq,FLC33,T,FLC_33,Clean
Baker Hughes Intq,SRA26X,kohm.m,Electrical Image - Sector 26 - Real-time,Service-company spelling error
Schlumbergr,SNGR,MHz,"Neutron Short Spacing Background Count Rate, Right",Service-company spelling error
Pason,TGS_C2,Euc,tgs C2 Gas Percentage,Clean
Schlumbergr,ZBPHM_F1_B,cgr,"Impedance of Button Average, Phase, Frequency 1 and Pad B",Service-company spelling error
Halliburton Logging,"Upper Outlet Pressure	",psi,Upper Outlet Pressure,Mnemonic boundary whitespace
Schlumberger,GHB4,kHz,Bubble Count Rate Optical Probe 4,Clean
Baker Hughes Inteq,TNSP02K,ms,Monopole multiplexed sample period,Clean
Schlumberger,P40L_UNC_RT,ohm.cm,"ARC Uncorrected Phase Shift Resistivity 40 inch Spacing at 400 KHz, Real-Time",Clean
Schlumberger,WIAX,A,Axial Current W,Clean
Baker Hughes Inteq,SRA6X,kohm.m,Electrical Image - Sector 6 - Real-time,Clean
Halliburton Logging,60kRH29,kohm.m,60k Rh 29 inch for the MCIV1D,Clean
Schlumberger,SPFV3_FSI_SL,m/h,Fluid Velocity at Spinner 3 - Station Log,Clean
Baker Hughes Inteq,DCSA,in2,Dead cross-sectional area,Clean
Baker Hughes Inteq,MFFXZ,S/m,"Multi frequency focusing, XZ, apparent conductivity",Clean
Schlumberger,A40H_UNC_RT,kohm.m,"ARC Uncorrected Attenuation Resistivity 40 inch Spacing at 2 MHz, Real-Time",Clean
Schlumberger,DTST_MFL,h/km,Stoneley Slowness from Monopole Far Transmitter Low Frequency Firing Monopole Component,Clean
Halliburton Loggig,TrueAzimuth84k50,cgr,"True Dip Azimuth 84k 50""",Service-company spelling error
Baker Hughes Inteq,QDTP2,degF,Quartzdyne temperature (second tool instance),Clean
Baker Hughes Inteq,XAAVE,mV,Amplitude average times five,Clean
Baker Hughes Inteq,SRA059M,ohm.m,Electrical Image - Sector 59 - Memory,Clean
Halliburton Logging,H2ODENSITY,g/cm3,H2O density,Clean
Baker Hughes Inteq,AGNQA,dB,Combined acoustic averaged receiver gain,Clean
Baker Hughes Inteq,TNST04,s,Monopole multiplexed waveform start time,Clean
Baker Hughes Inteq,MXR3A,ohm.cm,Pad 3 frequency A maximum button resistivity,Clean
Baker Hughes Inteq,ARAD2,ft,90 degree reflectance traveltime radius,Clean
Baker Hughes Inteq,UCR,Hz,Uranium count rate,Clean
Schlumberger,DRX,ohm.cm,DPT Resistivity Crossed,Clean
Schlumberger,A16H_COND_UNC_ECO_RT,S/m,"ARC Uncorrected Attenuation Conductivity 16 inch Spacing at 2 MHz, Real-Time, Computed Downhole",Clean
Halliburton Logging,VMA6,mV,Differental Voltage Average Magnitude - Pad 6,Clean
Schlumberger,CR29,m,Corrected Radius 29,Clean
Schlumberger,DPAZ_UB_ZD5,rad,3D Induction Group 5 Zero-D Inversion True Dip Azimuth Upper Bound,Clean
Schlumberger,UAY,MGal,Uncorrected AY,Unit-symbol case error
Schlumberger,JPA3_DL,in,MJET Leg OD at Potentiometer A3,Clean
Halliburton Logging,BHCR12K29YX,kS/m,Bore Hole Correction R12K 29In Y Trans/ X Recv,Clean
Halliburton Logging,TFGTC,Hz,Far Gross Decay Curve,Clean
Baker Hughes Inteq,ABDCDFM,g/cm3,Azimuthal Bulk Density - Compensated - Down Quadrant - Filtered - Memory,Clean
Baker Hughes Intq,RD012,in,"Radius, tool axis to pad 1 face",Service-company spelling error
Schlumberger,BOTTOM_DEPTH,ft,Bottom Depth of Interval spanned by Event,Clean
Schlumberger,SIGM_TDTL,ft²,Formation Sigma (Neutron Capture Cross Section) (TDT-like),Unicode power notation in unit
Baker Hughes Inteq,CAL3W,m,Diameter from pad 3 and its opposite,Clean
Schlumberger,COND_DLG2_F2_SIG,S/m,Uncertainty on Frequency 2 Differential Longitudinal Spacing 2 Conductivity,Clean
Halliburton Logging,AVTK,in,Average casing thickness,Clean
Schlumberger,PS_DLG2_F2_HR_SIG,μrad,Uncertainty of High Resolution Frequency 2Longitudinal Spacing 2 Phase Shift,Unicode micro prefix in unit
Schlumberger,PESD,psi,Hydrostatic pressure (ESD),Clean
Baker Hughes Inteq,SRA075M,kohm.m,Electrical Image - Sector 75 - Memory,Clean
Baker Hughes Inteq,"MPHEA2﻿",ppm,MR effective porosity for 2nd T2 process,Mnemonic boundary invisible character
Baker Hughes Inteq,ID04​,ft,Dia. 04,Mnemonic boundary invisible character
Baker Hughes Inteq,FCAP2,kHz,Fluid capacitance,Clean
Schlumberger,HBSAL,%,HiRes Borehole Salinity,Clean
BP,BP_PITVOL_SL1,L,Tank Volume - Slug Pit 1,Clean
Baker Hughes Inteq,RPAD,kPa,Packer retract pressure,Clean
Halliburton Logging,BHCR72K80YX,S/m,Bore Hole Correction R72K 80In Y Trans/ X Recv,Clean
Schlumberger,FREQ_EMF_SL,MHz,Electromagnetic Field Frequency,Clean
Baker Hughes Inteq,"MFFZY﻿",kS/m,"Multi frequency focusing, ZY, apparent conductivity",Mnemonic boundary invisible character
Schlumberger,TTTS,ms,"Peak Time, Transmitter Array, Shear - Monopole P&S",Clean
Baker Hughes Inteq,SII2,kHz,Silicon in inelastic spectrum (far detector),Clean
Baker Hughes Inteq,ZI3BUS,Eohm,Freq 2 pad 3 capacitive part of complex formation impedance,Clean
Baker Hughes Inteq,PKSMT,h/km,Peaks from monopole compressional correlogram (8 wave) xmtr,Clean
Baker Hughes Inteq,DIS58,mx,DIS CHANNEL 58,Unit-symbol typographical error
Halliburton Logging,T2KC,DT[API],Mril T2 Coates Permability from T2Dist,Unit-symbol typographical error
Schlumberger,CP10,mV,"Electrical Standoff Voltage, Azimuth 10, 0 degree",Clean
Baker Hughes Inteq,DTSF,h/km,Shear Wave Slowness Fast,Clean
Schlumberger,U2DE,lbm/ft3,Unit 2 Density,Clean
Baker Hughes Inteq,TS0AF,ms,Time since reaching max temperature for inside flask sensor,Clean
Schlumberger,SOIPRES_PA2DL,kPa,MRPA 2 SOI Pressure,Clean
Baker Hughes Inteq,R10,ft,Multi-arm_data - Feeler 10 radius,Clean
Baker Hughes Inteq,SRA099M,ohm.m,Electrical Image - Sector 99 - Memory,Clean
Baker Hughes Inteq,DIS62,T,DIS CHANNEL 62,Clean
Baker Hughes Inteq,V2BC,m/h,"Velocity from 500 Hz, row 2, sensors b and c",Clean
Schlumberger,"T1LM_WAT_UHR	",ms,Logarithmic Mean of Water T1 Distribution for Upper High-Resolution Antenna,Mnemonic boundary whitespace
Schlumberger,T2LM_OIL_UHR,ms,Logarithmic Mean of Oil T2 Distribution for Upper High-Resolution Antenna,Clean
Baker Hughes Inteq,FLC35,mT,FLC_35,Clean
Baker Hughes Inteq,EPSLI,UF/m,Rel permittivity long xmtrs inner rcvrs all frequencies,Unit-symbol case error
BP,BP_RHOBA_DEP_7,kg/m3,Dep - Bulk Density - Azimuthal - Sector7,Clean
Schlumberger,VM90,uV,"Azimuthal Voltage, 90 degree",Clean
Schlumberger,P08DEV,rad,Hole Deviation [08],Clean
Baker Hughes Inteq,RPMMXX​,rev/s,RPM Maximum - Real-time,Mnemonic boundary invisible character
Baker Hughes Inteq,COMPG,1/bar,Compressibility assuming gas gate sound speed,Clean
Baker Hughes Inteq,SRA33X,ohm.cm,Electrical Image - Sector 33 - Real-time,Clean
Halliburton Logging,DP1P1QPressCor,kN/m²,DP1P1 Quartz Probe Pressure Corrected,Unicode power notation in unit
Halliburton Logging,BHCR60K80ZX,mS/m,Bore Hole Correction R60K 80In Z Trans/ X Recv,Clean
Baker Hughes Inteq,DIS51,uT,DIS CHANNEL 51,Clean
Baker Hughes Inteq,AGNQ1,dB,Acoustic averaged receiver gain,Clean
Schlumberger,A40H_ECO_RT,ohm.cm,"ARC Attenuation Resistivity 40 inch Spacing at 2 MHz, Environmentally Corrected, Real-Time",Clean
Schlumberger,SL8_DL,ms,MRSC 8 Slew Rate,Clean
Baker Hughes Inteq,RAYGPK,gn,Raw Y-axis accelerometer shifted to WGI,Clean
Halliburton Logging,FM_ALT_FHB,mV,Post Firing Voltage,Clean
Halliburton Logging,HorizRes60k50,ohm.m,"Horizontal Resistivity 60k 50""",Clean
Halliburton Logging,DVM4,uV,Diff Votlage Min Pad 4,Clean
Schlumberger,ATB_NEU,us,Neutron Time After Bit,Mnemonic typographical error
Halliburton Logging,ST_ALT_XDP_Hole_Size,ft,Measured Hole Diameter,Clean
Baker Hughes Inteq,ADRHLX,kg/m3,Azimuthal Delta Rho - Left Quadrant - Real-time,Clean
Pason,oVRP,N,Over Pull,Mnemonic case error
Schlumberger,CE_TT7_3FT_AVE,s,Transit Time 3FT Average Waveform Array 7 Monopole Upper High Frequency for Cement Evaluation,Clean
Baker Hughes Inteq,D07,m,Diameter from DMAG tool,Clean
Halliburton Loggig,Quartz Probe1 Pressure 1,psi,Quartz Probe1 Pressure 1 Eps,Service-company spelling error
Schlumberger,STP_DS,ms/m,STPERM Delta Slowness,Clean
Halliburton Logging,VM44,uV,Differental Voltage Measurement 4 Magnitude - Pad 4,Clean
Schlumberger,FAR1U_CAL,MHz,Calibrated Neutron Far Tube 1 Up Count Rate,Clean
Baker Hughes Inteq,"QL0P	",psi,Tic mark for drawdown pressure every hundredth psi,Mnemonic boundary whitespace
Pason,MUD_BICARBONATE_ION_CONC,%,Bicarbonate ion concentr.,Clean
Schlumberger,KSDR_A2P2,D,"Permeability with Processing Parameter Set 2 (FECHO_2, NECH_USED_2 and REG_PARF_2) Computed Using SDR Model for Antenna 2",Clean
Schlumberger,P1TT_TA,ms,Peak 1 Transit Time for Transmitter Array,Clean
Schlumberger,VZ42,mV,Complete Offset Of Z Channel In Step 4-2,Clean
Halliburton Logging,UMP_ALT_ST_DT,psi,Sonic Delta-T,Mnemonic-unit semantic mismatch
Halliburton Logging,VertRes36k50,ohm.cm,"Vertical Resistivity 36k 50""",Clean
Schlumberger,AHFD2⁠,m,Array Induction Four Foot Outer Diameter of Invasion (D2),Mnemonic boundary invisible character
Baker Hughes Inteq,GRCP,psi,Temperature corrected pressure,Clean
Schlumberger,DPAA_LB_ZD1,dega,3D Induction Group 1 Zero-D Inversion Apparent Dip Azimuth Lower Bound,Clean
Schlumberger,UGE_WALK2,pmp,Matrix Volumetric Photoelectric Factor from Elemental Concentrations (SpectroLith WALK2 Model),Unit-symbol typographical error
Halliburton Logging,XX_Time_Peaks,ms,Time Peaks,Clean
Halliburton Logging,MDTF,ms,Monopole Peak Slowness filtered,Clean
Schlumberger,RODURHO_OP1DL,kg/m3,TNOP 1 DV-Rod Unsmooth Fluid Density,Clean
Baker Hughes Inteq,RPCLM,ohm.cm,Resistivity - Phase - Corrected - 400 kHz - Memory,Clean
Halliburton Logging,WSAZ,dega,WSX Azimuth Pad 1,Clean
Schlumberger,QTDH_AVG⁠,L/min,Averaged Total Flowrate Downhole,Mnemonic boundary invisible character
Halliburton Logging,HorizRes72k80,kohm.m,"Horizontal Resistivity 72k 80""",Clean
Halliburton Logging,DP1P1Depth,ft,DP1P1 Depth Probe,Clean
Schlumberger,TISH_A90X,ms,Shear Integrated Transit Time for Slow Shear Azimuth Custom Frequency Firing,Clean
Schlumberger,TOT_MIN_HORI_STRS,spi,Total Minimum Horizontal Stress,Unit-symbol typographical error
Schlumberger,RES_BD_IMG_T2_HI,kohm.m,"T2 Deep Button Resistivity Image, High Resolution",Clean
Baker Hughes Inteq,ZR2BCR,Eohm,"Pad 2, frequency B button equalization",Clean
Schlumberger,CR45,ft,Corrected Radius 45,Clean
Schlumberger,STDF_QG_G,m,"Quanta Geo imaging button standoff, Pad G",Clean
Halliburton Logging,NMLL,0.001 Seca,Dphase frm diff. phase&ampl from RXM & RXL rcvrs TXL Working,Unit-symbol case error
Halliburton Logging,qP2,kPa,Quartz Probe 2 Pressure Dps,Mnemonic case error
Baker Hughes Inteq,CCM,S/m,Borehole mud conductivity from ABC processing,Clean
Schlumberger,TDIF_L3,μs,Arrival time difference between fast and slow shear waves for level 3,Unicode micro prefix in unit
Baker Hughes Inteq,RAXGEI,gmn,Raw X-axis accelerometer shifted to EART,Unit-symbol typographical error
Halliburton Logging,EP2PtVolume,m3,EP2 Pretest Volume,Clean
Baker Hughes Inteq,ATMLI,dB/ft,"Comp. dipole attn., inner rcvrs, long xmtrs, all freq.",Clean
Baker Hughes Inteq,STRF,us,Start time far waveform,Clean
BP,BP_MUD_MFI4_MPD,m3/d,Flow In 4  (MPD),Clean
Halliburton Logging,MOT1,V,Motor Voltage 1,Clean
Baker Hughes Inteq,XY1RMSR,In/s2,Lateral Acceleration & Max 1 Sec RMS - Memory,Unit-symbol case error
Baker Hughes Inteq,HC2,MHz,Hydrogen capture indicator (far detector),Clean
Schlumberger,PS_DLG4_F1_HR,rad,High Resolution Frequency 1 Longitudinal Spacing 4 Phase Shift,Clean
Schlumberger,HIQAF,mS/m,HITA Quality Control Fully Calibrated Array Signal,Clean
Baker Hughes Inteq,TQST03,s,Four-comp. dipole XX multiplexed waveform start time,Clean
Schlumberger,SPIF1,Dega/s,Spinner 1 Filtered Rotational Velocity,Unit-symbol case error
Schlumberger,PHNH,Mina,Phase Near at 2 MHz.,Unit-symbol case error
Halliburton Logging,FMP_Comp_Freq,HMz,Pick Frequency,Unit-symbol typographical error
BP,BP_PITVOL_CMT1,bbl,Tank Volume - Cement Unit Tank 1,Clean
Halliburton Logging,F4HB,V,Monopole 2 HV Before,Clean
Schlumberger,SNGU,MHz,"Neutron Short Spacing Background Count Rate, Up",Clean
Baker Hughes Inteq,DIS66,T,DIS CHANNEL 66,Clean
Schlumberger,ROBB_A,g/cm3,"Bulk Density, Bottom, Computed Downhole",Clean
Baker Hughes Inteq,RMYGEI,mT,Raw X-Axis magnetometer shifted to EI,Clean
Baker Hughes Inteq,FLC69,T,FLC_69,Clean
Schlumberger,METAL_LOSS_RATE,m/s,Casing Metal Loss Rate,Clean
Halliburton Logging,PRST,Pa/s,Formation Pressure Stability,Clean
Schlumberger,APAZ,psi,Real-Time Apparent Azimuth (referenced to top of hole),Mnemonic-unit semantic mismatch
Schlumberger,VOLUME_SAFETY_FACTOR,%,"Volume in excess of what has been calculated for the job, to allow for uncertainty on actual volume.",Clean
Schlumberger,SRVP_15_0_YD_T,s/m,Shear Radial Variation Profile at 15.0 Inch Radial Depth from Borehole Surface for YD Waveform Transmitter Array,Clean
Baker Hughes Inteq,DD_PRESS_MOD_1,bar,Drawdown Pressure Mod 1 - Memory,Clean
Schlumberger,SAD2,B,Symmetrized Directional Deep Attenuation at 2 MHz.,Clean
Baker Hughes Inteq,FLC71,T,FLC_71,Clean
Schlumberger,JPB1_DL,μm,MJET Leg OD at Potentiometer B1,Unicode micro prefix in unit
Halliburton Logging,CPTP,bar,Corrected Pretest Pressure,Clean
Schlumberger,AT_DLG2_F3_HR_SIG,B,Uncertainty of High Resolution Frequency 3Longitudinal Spacing 2 Attenuation,Clean
Schlumberger,DTSN,ms/m,Measure of DT Shear Minus Sqrt(Sigma**2+Tau**2),Clean
Halliburton Logging,BHCR36K29XY,kS/m,Bore Hole Correction R36K 29In X Trans/ Y Recv,Clean
Pason,TOR,A,Rotary Torque,Clean
Halliburton Logging,TPST,kPa,Target Formation Pressure Stability,Clean
Baker Hughes Inteq,MMDD,m,Distance between magnetic marks,Clean
Halliburton Logging,BHCR36K80XY,S/m,Bore Hole Correction R36K 80In X Trans/ Y Recv,Clean
Baker Hughes Inteq,OCPECDX,lbm/ft3,ECD Downhole Pressure - Real-time,Mnemonic typographical error
Schlumberger,DPAA_NAZ,gcr,Apparent Dip Azimuth - North,Unit-symbol typographical error
Halliburton Logging,Quartz Mid Probe Pressure 2,bar,Quartz Mid Probe Pressure 1 Eps2,Clean
Schlumberger,AHORT,ohm.m,Array Induction One Foot Rt,Clean
Baker Hughes Inteq,LF41,mT,FL CHANNEL 41,Mnemonic typographical error
Baker Hughes Inteq,RMYGST,T,Raw Y-axis magnetometer shifted to STAR,Clean
Baker Hughes Inteq,ATMLO,dB/m,"Comp. dipole attn., outer rcrvs, long xmtrs, all freq.",Clean
Baker Hughes Inteq,"  TP5V",V,"Transmitter voltage, +5V",Mnemonic boundary whitespace
Baker Hughes Inteq,HYPRC,psi,Sentinel Pump hydraulic pressure target,Clean
BP,BP_MSE_CALC_DEP,MJ/m3,Dep - Mechanical Specific Energy Calculated,Clean
Schlumberger,BT_HYD,K,Sapphire Gauge Board Temperature for Hydrostatic,Clean
Halliburton Logging,AZIDIP12k50,rad,"Borehole Dip Azimuth 12k 50""",Clean
Pason,ACET,%,chr Acetylene,Clean
Schlumberger,DPAA54_1DT,cgr,3D Induction 1D Inversion Apparent Dip Azimuth Ref. Top Of Hole from 54 inch Array,Clean
Schlumberger,RAT2,N,Downhole Uncalibrated Head Tension,Clean
Schlumberger,PS_DTR2_F3_HR_SIG,cgr,Uncertainty of High Resolution Frequency 3Transverse Spacing 2 Phase Shift,Clean
Baker Hughes Intq,MSEC0,kS/m,"HDIL skin effect corrected curve, subarray 0",Service-company spelling error
Halliburton Logging,MVOC,m/h,Material velocity outside casing,Clean
Baker Hughes Inteq,CDEMO,S/m,Conductivity med xmtrs outer rcvrs all frequencies,Clean
Baker Hughes Intq,W08FO,K,Temperature outside WTS flask,Service-company spelling error
Halliburton Logging,RAW_CAPACITANCE,pF,Raw Capacitance,Clean
Halliburton Logging,PRIC,psi,Inlet Pressure Corrected,Clean
Schlumberger,BRR2_DL,kohm.m,MRPS 2 Raw Flowline Resistivity,Clean
Pason,MUDT,edgF,Mud temperature,Unit-symbol typographical error
Schlumberger,"SNBL_FILT	",Hz,"Filtered Neutron Short Spacing Burst Count Rate, Left",Mnemonic boundary whitespace
Baker Hughes Inteq,ZR4AES,eohm,"Second tool Pad 4, frequency A button equalization",Unit-symbol case error
Schlumberger,RVZ1,uV,Z Potential Difference in Step 1.3,Clean
Schlumberger,RADIUS_CORR_D,m,"Borehole Radius, Pad D, compensated for pad pressure",Clean
Halliburton Logging,UFMP_Comp_Time,ms,Pick Time,Clean
Halliburton Logging,XDP_ALT_ST_Freq,Hz,Pick Frequency,Clean
BP,BP_RHOB_DEP,kg/m3,Dep - Bulk Density,Clean
Pason,IC6,m3/d,chr Iso-Hexane IC6,Mnemonic-unit semantic mismatch
Baker Hughes Inteq,FL37,mT,FL CHANNEL 37,Clean
Schlumberger,RESZ,ohm/m,Casing Resistance Z,Clean
Baker Hughes Inteq,AZOD,dega,Azimuth of reference pad,Clean
Baker Hughes Inteq,CPL3,kHz,Capture spectrum using large windows (extra long detector),Clean
Schlumberger,FREQ_EXC_REQ,MHz,Requested Exciter Frequency,Clean
Baker Hughes Inteq,XVTE,uV,Power supply +500V DC (aka DC-CHV),Clean
Baker Hughes Inteq,AZGFST,mgn,Filtered Z-axis accelerometer shifted to STAR,Clean
Schlumberger,SSSPM5,MHz,Subsea Pump 5 Stroke Rate,Clean
Baker Hughes Inteq,IXSA,MHz,Average of inelastic extra long space count rate,Clean
Schlumberger,VF,ft/min,Fluid Velocity,Clean
Baker Hughes Inteq,PORZCDL,Euc,Corrected porosity for dolomite matrix,Clean
Schlumberger,IP09,uA,"Current, Azimuth 9, 0 degree",Clean
Schlumberger,RLA1,kohm.m,Apparent Resistivity from Computed Focusing Mode 1,Clean
Schlumberger,ETH_CGA,lbm/ft3,C2-C5 Partial Density,Clean
Baker Hughes Inteq,RPCL,kohm.m,Resistivity Phase Diff Compensated Borehole Corrected Long 400kHz,Clean
Schlumberger,MNSMPTPRES,bar,Minimum Sampling Point Pressure,Clean
Schlumberger,HRF15,MHz,HiRes Far Count Rate From Gate 15,Clean
Schlumberger,T2LM_ANT1_T2I,us,Antenna 1 T2 Logarithmic Mean by T2 Inversion,Clean
Baker Hughes Inteq,FGPCBL,us,Fixed gate pick for CBL transmitter receiver,Clean
Halliburton Logging,ST_ALT_Slowness_Peaks,us,Slowness Peaks,Clean
Schlumberger,PAEM3,ms,MRPA 3 Element Minimum Pressure,Mnemonic-unit semantic mismatch
Schlumberger,RZVM1,V,"Uncalibrated M1-M2 Monitoring Voltage 1, in phase",Clean
Halliburton Logging,RBEARING246,cgr,Relative Bearing - Arms 2 4 6,Clean
Schlumberger,LWD_PRESSURE_DROP,bar,Computed LWD pressure drop,Clean
Schlumberger,P14LPR,psi,Well Pressure [14],Clean
Schlumberger,RP06,uA,"Uncalibrated Current, Azimuth 6, 0 degree",Clean
Baker Hughes Inteq,ZR3BCR,ohm,"Pad 3, frequency B button equalization",Clean
Schlumberger,DPRE_01,μPa,Delta PressureTransient 01,Unicode micro prefix in unit
Schlumberger,SP_SC,mV,Spontaneous Potential (Speed Corrected),Clean
Halliburton Logging,BDip84k29,rad,"Borehole Dip 84k 29""",Clean
Halliburton Logging,MUDWGT,kg/m³,Borehole Fluid Weight,Unicode power notation in unit
Baker Hughes Inteq,FLC85,mT,FLC_85,Clean
Schlumberger,A6HR,mS/m,"AIT-B High Frequency, Real Array #6 Conductivity",Clean
Halliburton Logging,BHCR84K17XX,S/m,Bore Hole Correction R84K 17In X Trans/ X Recv,Clean
BP,"BP_PRESS_WHEAD﻿",bar,Pressure - Wellhead,Mnemonic boundary invisible character
Baker Hughes Inteq,ARAD4,ft,270 degree reflectance traveltime radius,Clean
Schlumberger,Z1HV,uV,AGS Detector 1 High Voltage DAC Value,Clean
Baker Hughes Inteq,AZGFGT,mgn,Filtered Z-axis accelerometer shifted to GTI,Clean
Schlumberger,RP01,mA,"Uncalibrated Current, Azimuth 1, 0 degree",Clean
Schlumberger,UNGX,B,Max PGA Gain Near Sensor,Clean
Schlumberger,"DRHO2	",lbm/ft3,Bulk Density Correction from second tool,Mnemonic boundary whitespace
Baker Hughes Inteq,TRAD,ft,Tool radius,Clean
Halliburton Logging,DGD,%,Dry rock gadolinium weight fraction,Clean
Schlumberger,WVSB,1/Pa,Viscosibility of Water: -(dv/dp)/v where v=viscosity and p=pressure,Clean
Baker Hughes Inteq,SIGSLE,mS/m,"Synthetic conductivity, long xmtrs, real time",Clean
Schlumberger,MTOV,MHz,Middle Spacing Total Overflows,Clean
Halliburton Logging,ALT_PL_DT,s,Sonic Delta-T Reflected Shear,Clean
Schlumberger,COND_DTR2_F2_VDC,S/m,Vertical Deconvolved Frequency 2 Differential Transverse Spacing 2 Conductivity,Clean
Baker Hughes Inteq,AGNF2,B,Acoustic averaged receiver gain,Clean
Schlumberger,HMIN,ohm.m,HIP Micro Inverse Resistivity,Clean
Halliburton Logging,"ATT5	",dB/m,Attenuation in segment5,Mnemonic boundary whitespace
Pason,TPOTG​,L/min,Total Pump Output Target,Mnemonic boundary invisible character
Schlumberger,SFPERM,D[API],Superflow Permeability,Clean
Baker Hughes Inteq,DIS40,T,DIS CHANNEL 40,Clean
Halliburton Logging,Temp Stab P1,deltaF/h,Quartz Temperature Stability Probe 1,Clean
Baker Hughes Inteq,idmd,m,Median,Clean
Schlumberger,TBOX,V,Test Box Voltage,Clean
Baker Hughes Inteq,AZZ,rad,Azimuth of reference pad for ZDL,Clean
Baker Hughes Inteq,GTIET,s,Elapsed time between interrupts,Clean
Schlumberger,RVX4,V,X Potential Difference in Step 4,Clean
Halliburton Logging,FLDDEN,lbm/ft3,Fluid Density,Clean
Baker Hughes Intq,SRA090M,ohm.m,Electrical Image - Sector 90 - Memory,Service-company spelling error
Schlumberger,PQRH1,kPa,MRPQ 1 Raw Hydraulic Pressure,Clean
Schlumberger,SS1SMSGP_DL,bar,MRSS 1 MRSM SG Pressure,Clean
Schlumberger,RES_BM_UP,ohm.m,"Medium Button Resistivity, Up",Clean
Halliburton Logging,ACCZUPPER,mgn,Accelerometer Z - Upper Pads,Clean
Halliburton Logging,SEU4,kohm.m,Skin Effect Corrections U4,Clean
Schlumberger,SXSF1_LHR,ppm,Special Fluid 1 Saturation in Flushed Zone for Lower High-Resolution Antenna,Clean
Halliburton Logging,ST_ALT_DT,s,Sonic Delta-T,Clean
Schlumberger,CPSTC2,K,MDCP 2 Temperature for Strain Gauge Pressure Correction,Clean
Baker Hughes Inteq,HVDC1,uV,DC power supply 1 voltage,Clean
Schlumberger,T2LM_DFW_SH2,ms,Logarithmic Mean of Water T2 Distribution (Diffusion Free) for Shell 2,Clean
Baker Hughes Inteq,CAL1A,ft,Caliper from single arm caliper tool,Clean
Schlumberger,RV3C,mV,Step 3 Offset for Center Electrode,Clean
Schlumberger,HRF13,kHz,HiRes Far Count Rate From Gate 13,Clean
Schlumberger,LCAL,m,Density Caliper,Clean
Pason,DEPTH_PER_QUAD_TICK,m/s,Depth Per Quad Tick,Clean
Halliburton Logging,Borehole DipAzi,μrad,Borehole Dip Azimuth Average,Unicode micro prefix in unit
Schlumberger,MTPF_SL,kgf,Tractor Motor Pull Force,Clean
Schlumberger,PRH_SL,lbm/ft3,Corrected Well Fluid PTS Density - Station Log,Clean
Halliburton Logging,PSIZ,ft³,Pump Size,Unicode power notation in unit
Halliburton Logging,OAI2,MHz,Far Oxygen Actn Window A,Clean
Baker Hughes Inteq,ZR3BU,ohm,Frequency 2 pad 3 resistance,Clean
Schlumberger,HRHO,lbm/ft3,High Resolution Bulk Density,Clean
BP,BP_RES_MD_AT_LF_DEP,ohm.m,Dep - Resistivity - Medium - Attenuation - Low Frequency,Clean
Baker Hughes Inteq,T09MA,us,Time remaining until max temperature for inside flask sensor,Clean
Baker Hughes Inteq,DI08,m,Dia. 08,Mnemonic typographical error
Schlumberger,SWPC_SH3,Euc,Water Saturation from Capillary Pressure Computation for Shell 3,Clean
Baker Hughes Inteq,GRND,uV,Ground,Clean
Schlumberger,SRQDP_DL,kN/m²,MRSR Quartzdyne Gauge Sensor Raw Pressure (Depth Logging),Unicode power notation in unit
Baker Hughes Inteq,P32S,rad,"Phase, 32 Hz, short spacing",Clean
Numar MRI Logging,T1_L,us,"Longitudinal relaxation time, long component",Clean
Schlumberger,HISCA,mV,HITA SPA Calibrated,Clean
Schlumberger,dTS_RA_FT,s/m,"Delta-T Shear, Receiver Array - Far Transmitter",Mnemonic case error
Baker Hughes Inteq,OFFHD,K,"HTD orientation, tool body mark offset",Mnemonic-unit semantic mismatch
Schlumberger,A34H_ECO_RT,ohm.m,"ARC Attenuation Resistivity 34 inch Spacing at 2 MHz, Environmentally Corrected, Real-Time",Clean
Schlumberger,A7HB,S/m,"AIT-B High Frequency, Real Array #7 Boosted Conductivity",Clean
Halliburton Logging,DYDT,ms/m,Dipole Y Delta T no dispersion correction,Clean
Baker Hughes Inteq,ZR3AUS,Eohm,Second tool Frequency 1 pad 3 resistance,Clean
Schlumberger,DEVI_PGMS,rad,Gradiomanometer Cartridge Hole Deviation,Clean
Schlumbergr,DPAA72_UB_1DT,rad,3D Induction 1D Inversion Apparent Dip Azimuth Ref. Top Of Hole Upper Bound from 72 inch Array,Service-company spelling error
Schlumberger,ORMN,in,Minimum of Casing Outer Radius,Clean
Schlumberger,RA16,in,Calibrated Radius 16,Clean
Halliburton Logging,STX2,kPa,Strain Gauge 2 no Offset,Clean
BP,BP_PRESS_SETP_MPD⁠,bar,Pressure  (MPD) Set Point,Mnemonic boundary invisible character
Schlumberger,SPHASE_SL,dega,Signal Phase - Station Log,Clean
Baker Hughes Inteq,ePSZME,F/m,"Permittivity of water from ADEX, medium xmtrs, real time",Mnemonic case error
Schlumberger,CSGC,%,Critical Gas Saturation from Core,Clean
Schlumberger,"DCLM_PF_SH3	",m2/s,Diffusion Coefficient Logarithmic Mean Profile for Shell 3,Mnemonic boundary whitespace
Baker Hughes Inteq,D01,m,Diameter from DMAG tool,Clean
Baker Hughes Inteq,EPSSME,uF/m,"Synthetic permittivity, med xmtrs, real time",Clean
Schlumberger,P06TMP,degC,Fluid Temperature [06],Clean
Schlumberger,VRAM_RX1_F1_H,uV,"Voltage Return Amplitude RX1, Frequency 1, Pad H",Clean
Schlumberger,CP_DELTA3,kPa,Phase C Delta Pressure Third Position,Clean
Baker Atlas,trmtt07,us,monopole multiplex first arrival time,Clean
Halliburton Logging,UMP_ALT_PL_Freq,kHz,Pick Frequency 2,Clean
Baker Hughes Inteq,FLR81,uT,FLR_81,Clean
Baker Hughes Intq,B32L,cgr,"Phase, 32 Hz, long spacing offset 360 degrees",Service-company spelling error
Schlumberger,AX_CORR,Gal,X-axis accelerometer corrected,Clean
Schlumberger,DTPO_3_RT,s/m,"Delta-T Compressional, Pumps Off",Clean
Schlumberger,BFR1_DL,kohm.m,MRPS 1 Flowline Fluid Resistivity,Clean
Schlumberger,ANNULUS_PRES,kPa,Downhole annulus pressure,Clean
BP,BP_HKL_AVG_DEP,N,Dep - Hookload,Clean
Schlumberger,CDHR,kS/m,Conductivity Deep Induction HiRes Phasor,Clean
Schlumberger,OVEL,m/s,Computed Oil Velocity,Clean
Baker Hughes Intq,ZENIC2,kg/m3,Borehole size/mud weight corrected integrated den (2nd tool),Service-company spelling error
Baker Hughes Inteq,RPCSL,ohm.m,Resistivity Phase Diff Compensated Borehole Corrected Short 400kHz,Clean
Baker Hughes Inteq,FL60,mx,FL CHANNEL 60,Unit-symbol typographical error
BP,BP_RISF,m3/d,Flow In - Boost Pump,Clean
Halliburton Logging,TMPU⁠,K,Temperature Used,Mnemonic boundary invisible character
Baker Hughes Inteq,APH4BS,dega,Pad 4 frequency B average phase over pad buttons (2nd),Clean
Baker Hughes Inteq,AGNXX2,kHz,Acoustic averaged receiver gain,Mnemonic-unit semantic mismatch
Schlumberger,LSHX,uV,High Voltage On The Far Detector For Second Tool,Clean
Schlumberger,P40L_COND_RT,mS/m,Phase Shift Conductivity 40 inch Spacing at 400 KHz,Clean
Schlumberger,SOIRPRES_PA1DL,n/mm2,MRPA 1 SOI Raw Pressure,Unit-symbol case error
Baker Hughes Inteq,PO13A5,ppm,Fifth T2 accumulated partial porosity sum,Clean
Schlumberger,"  RV_ML_LB_ZD1",ohm.m,3D Induction Group 1 Zero-D Inversion Vertical Resistivity Mid Likelihood Lower Bound,Mnemonic boundary whitespace
Schlumberger,NATN_L5,dB/m,Near Attenuation LowerTx-L5,Clean
Schlumberger,T2PC_SH8,ms,T2 Cutoff from Capillary Pressure Computation for Shell 8,Clean
Halliburton Logging,C1M6,uA,Survey Current #1 Magnitude - Pad 6,Clean
Schlumberger,ROBR_DH_ECO_RT,kg/m3,"Bulk Density, Right, Real-Time, Computed Downhole",Clean
Schlumberger,GRTH4,Hz,Gamma-Ray Threshold 4,Clean
Baker Hughes Inteq,APH5A,dega,Pad 5 frequency A average phase over pad buttons,Clean
Schlumberger,CAZI,dega,Calibrated azimuth,Clean
Baker Hughes Inteq,FL28,mx,FL CHANNEL 28,Unit-symbol typographical error
Schlumberger,TIME_TPJ_IMFM,us,Time Index Channel of Time Projection for Imaging Monopole Far Transmitter Mid Frequency Firing,Clean
Halliburton Logging,OUT_PRESS_CORR,Kpsi,Outet Pressure Corrected,Unit-symbol case error
Schlumberger,GDIM_LFA2,mV,LFA2 Gas Detector Source Intensity Monitor Data,Clean
Halliburton Logging,MOOG,kW,Flow Through Servo Valve,Clean
Schlumberger,TIME_STC_1T,ms,"Time index on STC outputs with depth shift against the waveform depth , Transmitter Array - Lower Dipole",Clean
Halliburton Logging,D1LL,m,ALAT Invasion Diameter.,Clean
BP,BP_ESD_PWD_DEP,lbm/ft3,Dep - ESD - PWD,Clean
Schlumberger,AAD4,h,Anti-symmetrized Directional Deep Attenuation at 400 KHz.,Mnemonic-unit semantic mismatch
Schlumberger,RH72_1DF,kohm.m,3D Induction 1D Inversion Horizontal Filtered Resistivity from 72 inch Array,Clean
Schlumberger,KSDR_SH1,mD,SDR Permeability for Shell 1,Clean
Baker Hughes Inteq,PORZCLS,%,Corrected porosity for limestone matrix,Clean
Baker Hughes Inteq,XPOR,ppm,Porosity used in FLeX corrections,Clean
Baker Atlas,GSM6,ohm.m,complex sigma array 6,Mnemonic typographical error
Schlumberger,BRS2_DL,psi,MRPS 2 Raw Strain Gauge Pressure,Clean
Baker Hughes Intq,CPPZC,%,Crossplot porosity from borehole corrected ZDEN,Service-company spelling error
Baker Hughes Inteq,V2,V,1970MB module voltage 2 for R/C,Clean
Baker Hughes Inteq,ZR3BES,Eohm,"Second tool Pad 3, frequency B button equalization",Clean
Halliburton Logging,TrueDip60k80,dega,"True Formation Dip 60k 80""",Clean
Baker Hughes Inteq,AR50RTAM,cgr,Azimuthal Resistivity - 50 kHz - Real - Target Angle - Memory,Clean
Schlumberger,BSW,kHz,Calibrated Count Rate (Array) of Gamma Rays from Back Scatter Device,Clean
Baker Hughes Inteq,FLR7,Fgauss,FLR_7,Unit-symbol case error
Halliburton Logging,AMLC,B/m,Wave attenuation based on m/l rcvrs from compensated.,Clean
Schlumberger,CPPR3,L/min,MDCP 3 Pretest Flowrate,Clean
Baker Hughes Inteq,"CALPDY	",m,Dual caliper Y sensor calibrated,Mnemonic boundary whitespace
Schlumberger,AT_DTR2_F3_HR_SIG,B,Uncertainty of High Resolution Frequency 3Transverse Spacing 2 Attenuation,Clean
Baker Hughes Inteq,RAYGST,Gal,Raw Y-axis accelerometer shifted to STAR,Clean
Baker Hughes Inteq,PPWR,mV,Pressure transducer power voltage,Clean
Baker Hughes Inteq,FS11,MHz,Frequency step calculated,Clean
Baker Hughes Inteq,RDESO,kohm.m,Resistivity short xmtrs outer rcvrs all frequencies,Clean
Schlumberger,KTIM_MRF,D[API],Permeability Computed Using Timur/Coates Model from Fluid Typing Analysis,Clean
Schlumberger,ETIM,s,Elapsed Logging Time,Clean
Baker Hughes Inteq,FLOW_TEMP,degC,Fluid temperature inside the flow line - Memory,Clean
Schlumberger,AW2C,kW,Corrected Power of Second Echo,Clean
Baker Hughes Inteq,QBHD,uT,Magnitude of magnetometer vector for HTD,Clean
Baker Hughes Inteq,SSCSPK,MHz,"Cesium reference peak position, short space",Clean
Schlumberger,FRP2_DL,ft,MRFC 2 Raw Piston Position,Clean
Halliburton Logging,AUMC,b/m,Wave attenuation based on u/m rcvrs from compensated.,Unit-symbol case error
Baker Hughes Inteq,QFR2F,L/min,"Pump 1 flow rate, second packer",Clean
Baker Hughes Inteq,ZR6AU,Eohm,Frequency 1 pad 6 resistance,Clean
Schlumberger,UFDX,ms,Waveform Delay Maximum Far Sensor,Clean
Halliburton Logging,CO2DENSITY,kg/m3,Carbon dioxide (CO2) density,Clean
Baker Hughes Inteq,MXR5A,kohm.m,Pad 5 frequency A maximum button resistivity,Clean
Baker Hughes Inteq,FL65,Tu,FL CHANNEL 65,Unit-symbol typographical error
Schlumberger,RTZR,V,Lower Zero reference,Clean
Halliburton Logging,LMP_ALT_PL_Time,us,Pick Time Reflected Shear,Clean
Schlumberger,CMR_DIFFUSION_COEF_SL,m2/d,CMR Diffusion Coefficient - Station Log,Clean
Baker Hughes Inteq,SRAM,ohm.cm,Electrical Image - Memory,Clean
Schlumberger,MDIP,rad,Computed Dip angle,Clean
Baker Hughes Inteq,XSR,kHz,Extra long space count rate reduced by ISSD quadratic fit,Clean
BP,BP_RES_SH_AT_LF_DEP,ohm.cm,Dep - Resistivity - Shallow - Attenuation - Low Frequency,Clean
Schlumberger,GPVR,uV,GPIT Positive Voltage Raw,Clean
Halliburton Logging,QRA4,ohm.cm,Apparent Resistivity Mode 4,Clean
Baker Hughes Inteq,M1C3,S/m,"HDIL 1-foot resolution matched conductivity, 30-inch DOI",Clean
Halliburton Logging,DP1P1TVD,in,DP1P1 TVD Depth Probe,Clean
Schlumberger,NER2U_CAL,MHz,"Neutron Near Tube 2 Count Rate, Calibrated, Up",Clean
Halliburton Logging,CASTPULSEWIDTH,us,Pulse Width,Clean
Baker Hughes Inteq,TSFLSK,s,Time since reaching max temperature for inside flask sensor,Clean
Baker Hughes Inteq,FING64,m,Finger 64 readings,Clean
Baker Hughes Inteq,MXR3B,kohm.m,Pad 3 frequency B maximum button resistivity,Clean
Schlumberger,EAP1,cgr,EMS Ellipse Azimuth from Pad 1,Clean
Baker Hughes Inteq,IRVLCL,L,IRV_Clipped,Clean
Schlumberger,BRH3_DL,bar,MRPS 3 Raw Hydraulic Pressure,Clean
Baker Hughes Inteq,PPORA3,Euc,Third T2 partial porosity distribution,Clean
Schlumberger,ASFCB,A,Array Induction Four Foot Conductivity Background,Mnemonic-unit semantic mismatch
Schlumberger,DFBF2,Hz,Filtered Bubble Count Rate Electrical Probe 2,Clean
BP,BP_PITVOL_ACT_GRP,m³,Tank Volume - Active Group,Unicode power notation in unit
Baker Hughes Inteq,GRIM,1/m,"Data Density Integrated from Gamma Ray, Memory",Clean
Baker Hughes Inteq,FLR78,mT,FLR_78,Clean
Schlumberger,COND_MCP_F3,S/x,Reflection Probe Conductivity at Frequency 3,Unit-symbol typographical error
Halliburton Logging,TNGTCF,MHz,Near Corr Decay Filtered,Clean
Halliburton Logging,RDCO,S/m,Deep R Correction,Mnemonic typographical error
Baker Hughes Inteq,ACCZ2,cm/s²,"Accelerometer Z, subset 2",Unicode power notation in unit
Schlumberger,TEMPNP_A,degF,Temperature NGI Pad Board A,Clean
Baker Hughes Inteq,MMBV,uV,MPC main motor bus voltage,Clean
Baker Hughes Inteq,LSNS,kHz,Long space neutron (2nd tool),Clean
Halliburton Logging,HXYD,psi,Max Hydraulic Pressure,Mnemonic typographical error
Halliburton Logging,P5B1,ohm.cm,Pad 5 Resistivity,Clean
Schlumberger,CMBL,ohm.cm,RAB Resistivity Medium Button Left,Clean
Baker Hughes Inteq,CNCS,%,Borehole size corrected compensated neutron porosity,Clean
Schlumberger,TAZN,us,"Neutron Time Spectrum, 8-Sector Waveform",Clean
Baker Hughes Inteq,XZAI,S/m,"Apparent conductivity unique frequency, imaginary, XZ",Clean
Schlumberger,AMCO90,mS/m,AIT Merlin Maximum Entropy 90 inch Conductivity,Clean
Schlumberger,DRHO_ADN_RT,lbm/ft3,"Bulk Density Correction, Real-Time",Clean
Baker Hughes Inteq,MAXCALIPERX,in,Maximum Caliper - Real-time,Clean
Schlumberger,COND_DTR2_F2,mS/m,Frequency 2 Differential Transverse Spacing 2 Conductivity,Clean
Baker Hughes Inteq,OFFSW,ft,Tool-to-centroid radius,Clean
Halliburton Logging,UM_Time_Peaks,s,Time Peaks,Clean
Halliburton Logging,BHCR12K80YY,S/m,Bore Hole Correction R12K 80In Y Trans/ Y Recv,Clean
Pason,MMDIF,bar,Motor Max Diff,Clean
Schlumberger,CR74,in,Corrected Radius 74,Clean
Baker Hughes Inteq,SRA027M,kohm.m,Electrical Image - Sector 27 - Memory,Clean
Schlumberger,3P21,dega,Phase R3 from T2 at 100 KHz,Mnemonic typographical error
Halliburton Logging,SEU2,ohm.m²/m,Skin Effect Corrections U2,Unicode power notation in unit
Halliburton Logging,XR_Transmitter_Vpp,V,Transmitter Vpp,Clean
Baker Hughes Inteq,qL6P,bar,Tic mark for drawdown pressure every 10 K psi,Mnemonic case error
Schlumberger,UFDN,imn,Waveform Delay Minimum Far Sensor,Unit-symbol typographical error
BP,BP_PITVOL_CHEM3,bbl,Tank Volume - Chemical 3,Clean
BP,BP_MUD_MFI_AVG_DEP,m3/d,Dep - Flow In - Mud,Clean
Baker Hughes Inteq,DP4A,kohm.m,Pad 4 frequency A average of two center button resistivities,Clean
Schlumberger,HLSU,kohm.m,Uncorrected Laterolog Shallow Resistivity,Clean
Schlumberger,pQSG3,bar,MRPQ 3 Strain Gauge Pressure,Mnemonic case error
Baker Hughes Inteq,P4BTN,kohm.m,Packed pad 4 block (buttons 1-24),Clean
Schlumberger,RODRHO_IFAX2,g/cm3,IFAX 2 DV-Rod Fluid Density,Clean
Schlumberger,IQ12,A,"Current, Azimuth 12, 90 degree",Clean
Halliburton Logging,EP3P2PressStab,Pa/s,EP3P2 Pressure Stability Probe,Clean
Halliburton Logging,mIN_RES,ohm.cm,Minimum Resistivity,Mnemonic case error
Schlumberger,PQHSTR1_DL,degF,MRPQ 1 H2S Sensor Temperature,Clean
Halliburton Logging,DP0MeasRate,L/min,DP0 Pretest Measured Rate,Clean
Schlumberger,YVT,mV,HRLA Speed-corrected Calibrated Torpedo-M0 Voltage,Clean
Schlumberger,ZVMH,S/m,HALS M1-A0* Monitoring Voltage,Mnemonic-unit semantic mismatch
Baker Hughes Inteq,ABDC13M,kg/m3,Azimuthal Bulk Density - Compensated - Sector 13 - Memory,Clean
Baker Hughes Inteq,RACDH,ohm.cm,"Resistivity Attenuation Compensated Borehole, Dielectric and Inversion Corrected Long 2MHz",Clean
Schlumberger,PEF_RLS1_HR,Hz,High Resolution Long Spacing PEF Window 1 Count Rate,Clean
Baker Hughes Inteq,DNDX,1/m,"Density Data Density, Transmitted",Clean
Baker Hughes Inteq,CALW,in,Average diameter from all pad pairs,Clean
Baker Hughes Inteq,R34,mx,Multi-arm_data - Feeler 34 radius,Unit-symbol typographical error
Baker Hughes Inteq,TYYST,ms,4-component dipole XX multiplexed waveform start time,Clean
Schlumberger,HIIFC,mS/m,HITA Induction Fully Calibrated,Clean
BP,BP_H2S6_RIG,ppm,H2S (Rig) Sensor 6,Clean
Baker Hughes Inteq,MITROT,rad,Rotation sensor,Clean
Baker Hughes Inteq,RPCSHM,ohm.cm,Resistivity - Phase - Corrected - Short Spaced - 2 MHz - Memory,Clean
Halliburton Logging,GENV,mV,Generator Volt,Clean
Baker Hughes Inteq,TEMP2,degC,Temperature 2,Clean
Baker Hughes Inteq,VMAR,V,Voltage measured (to armour) all frequencies DFT,Clean
Schlumbergr,CR64,ft,Corrected Radius 64,Service-company spelling error
Schlumberger,DTC_DDBHC_UT,ms/m,"Delta-T Compressional, DDBHC Upper Transmitter",Clean
Baker Hughes Inteq,Bubble Point Pressure,μbar,Bubble Point Pressure - Real-time,Unicode micro prefix in unit
Schlumberger,SPT_1,kPa,Signal Pressure Transducer 1,Clean
Schlumberger,RES_TRX,ohm.m,Resistivity Toroidal Receiver eXtra Deep,Clean
Baker Hughes Inteq,CV2C,mV,"Module calibration voltage 2 for R/C, 1986MA",Clean
Baker Hughes Inteq,NPDDM,1/m,Neutron Porosity - Data Density - Memory,Clean
Halliburton Logging,DP0PtPress,psi,DP0 Pretest Pressure,Clean
Baker Hughes Intq,APH5B,rad,Pad 5 frequency B average phase over pad buttons,Service-company spelling error
Schlumberger,IVEL,m/s,Interval Velocity,Clean
Schlumberger,RSPREF,degF,SCTT Plus Reference Raw,Clean
Schlumberger,PQFR2_DL,ohm.m,MRPQ 2 Flowline Fluid Resistivity,Clean
Schlumberger,SGY,Gal,"Gravity Y-Axis Reading, Stationary",Clean
Schlumberger,FTTX,ms,Transit Time - SAMX,Clean
Halliburton Logging,PSIF,bar,Shut In Pressure Final,Clean
Baker Hughes Inteq,WFCC,ppm,Weight fraction of carbon in dry rock,Clean
Baker Hughes Inteq,DENI2,kg/m3,Integrated compensated bulk density (2nd tool),Clean
Schlumberger,POHP2_DL,bar,MRPO 2 Hydraulic Pressure,Clean
Halliburton Logging,XPAD1,S/m,XRMI Pad 1 values,Clean
Schlumberger,R2R,uA,"Raw Ring Current from Transmitter 2, In Phase",Clean
Baker Hughes Inteq,SPDAV,K,Average speed,Mnemonic-unit semantic mismatch
Baker Hughes Inteq,QMCHK,d,Diff of model earth mag field and tool mag inclination,Mnemonic-unit semantic mismatch
Baker Hughes Inteq,SPUP8A,Hz,Spinner up revolutions per second,Clean
Schlumberger,BMK_DYN,kPa,Dynamic Bulk Modulus,Clean
Schlumberger,SGDN,kg/m3,Grain Density from Sidewall Core,Clean
Baker Hughes Inteq,FDN,lbm/ft3,Fluid density,Clean
Halliburton Logging,EP1BubblePress,psi,EP1 Bubble Point Pressure,Clean
Schlumbergr,A16B,ohm.cm,Blended Attenuation Resistivity 16 inch,Service-company spelling error
Schlumberger,AC3FCTRL_SL,MHz,3-phase AC Power Supply Frequency set point,Clean
Schlumberger,P1AZ_BHTV,rad,"Pad 1 Azimuth in Horizontal Plane (0 = True North), memorized to BHTV",Clean
Schlumberger,PCO_SAP,bar,Sapphire Dynamic Compensation,Clean
Halliburton Logging,EP3P2SpherMob,tD[API]/(Pa.s),EP3P2 Spherical Mobility,Unit-symbol case error
Halliburton Logging,ERD4,ohm.m²/m,Pad #4 Resistivity Fast Undelayed,Unicode power notation in unit
Schlumberger,CCRPB2,ft,MDCC 2 Raw Bit Position,Clean
Pason,TGS_C1,Euc,tgs C1 Gas Percentage,Clean
Schlumberger,RCOW,Eohm,Contact Resistance W,Clean
Schlumberger,mWI,g/cm3,Mud Weight In,Mnemonic case error
Halliburton Logging,SFAR,ms,Far Skip Time before Sample Time,Clean
Baker Hughes Inteq,DIS25,uT,DIS CHANNEL 25,Clean
Schlumberger,VRAM_RX1_F1_F,V,"Voltage Return Amplitude RX1, Frequency 1, Pad F",Clean
Schlumberger,DFB5,μHz,Bubble Count Rate Electrical Probe 5,Unicode micro prefix in unit
Schlumberger,"DPTR27_LB_1D_DISPLAY	",dega,3D Induction 1D Inversion True Dip Magnitude Lower Bound from 27 inch Array (modified to display tadpoles less frequently),Mnemonic boundary whitespace
Schlumberger,S1T_SLOW,h/km,"STC Peak Slowness, Transmitter Array - SLOW",Clean
Schlumberger,AT_DTR1_F1_SIG,DB,Uncertainty of Frequency 1 Transverse Spacing 1 Attenuation,Unit-symbol case error
Halliburton Logging,CN60,mS/m,HRI Deep Conductivity 60 Inch 2Ft.,Clean
Schlumberger,NNCR,uohm/m,Normalized Casing Resistance N,Clean
Schlumberger,NDVPRE_08,bar,Normalized Derivative Pressure Transient 08,Clean
Baker Hughes Inteq,RBIT4,ft,Bit radius 4,Clean
Pason,P2_CALDISPL,m3,P2 Cal Displacement,Clean
Schlumberger,SRVP_22_5_FAST_T,h/km,Shear Radial Variation Profile at 22.5 Inch Radial Depth from Borehole Surface for FAST Waveform Transmitter Array,Clean
Schlumberger,BP_CORR,bar,Phase B Hydraulic Head Correction,Clean
Schlumberger,FLAT,in,Tooth flat,Clean
Baker Hughes Inteq,EPSMAF,uF/m,"Rock matrix permittivity fixed estimate, real time",Clean
Baker Hughes Inteq,XDISB,in,"Displacement along X axis, b axis",Clean
Halliburton Logging,AM40,ft,Cast 40 Calipers,Clean
Baker Hughes Inteq,C57,m,"Second caliper from axis 5, 7",Clean
Schlumberger,ROSL_ADN_RT,lbm/ft3,Real-Time Left Quadrant Short Spacing Bulk Density,Clean
Baker Hughes Inteq,HVOLTA,uV,Head Voltage Apparent,Clean
Schlumberger,TT8_MU,ms,Transit Time Monopole Upper Transmitter Firing #8,Clean
Schlumberger,HITSWI,DEuc,HITA Two Foot Radial Water Saturation Image,Unit-symbol case error
BP,BP_MUD_MFI_P3,m3/d,Flow Rate - Pump 3,Clean
Baker Hughes Inteq,FLR65,T,FLR_65,Clean
Baker Hughes Inteq,RBWS,dega,Relative bearing (to borehole high side) for WGI (2nd tool),Clean
Baker Hughes Inteq,"SRA12X	",kohm.m,Electrical Image - Sector 12 - Real-time,Mnemonic boundary whitespace
Schlumberger,M21_R,m3,"Raw Monitor 2 Current from Transmitter 1, In Phase",Mnemonic-unit semantic mismatch
Pason,MOTOR_RPM,rad/s,Motor Rpm,Clean
Baker Hughes Inteq,DIS42,T,DIS CHANNEL 42,Clean
Pason,ACETYLENE,%,chr Acetylene,Clean
Baker Hughes Inteq,RXOM,nohm.mm²/m,MultiLaterolog inversion flushed zone resistivity,Unicode power notation in unit
Schlumberger,NDHV,mV,Near Detector Measured High Voltage,Clean
Baker Hughes Inteq,PORD2,Euc,Density porosity (2nd tool),Clean
Baker Hughes Inteq,ZDEN2,lbm/ft3,Formation bulk density (2nd tool),Clean
Schlumberger,T1L8_SH8,us,T1 Logarithmic Mean of Bin 8 for Shell 8,Clean
Halliburton Logging,PDD4​,ohm.cm,SED Pad 4 Resistivity,Mnemonic boundary invisible character
Schlumberger,ECT1,K,EMS CART.TEMP 1,Clean
Schlumberger,RZVA2Q,mV,"Uncalibrated Auxiliary Monitoring Voltage 2, quadrature",Clean
Schlumberger,PMIN_RT,kPa,Minimum Pressure (Delta from PESD),Clean
Baker Hughes Inteq,PORDC2,m³/m³,Borehole corrected density porosity (2nd tool),Unicode power notation in unit
Baker Hughes Inteq,PRTM,ms,Elapsed time,Clean
Schlumberger,"MIN_PDM_FLOWRATE	",m3/d,Minimum motor flowrate,Mnemonic boundary whitespace
Halliburton Logging,P3V1,mV,3V Li Battery 1 Voltage.,Clean
Halliburton Logging,RAP5,ohm.cm,Corrected Calibration Panel Apparent Resistivity Mode 5,Clean
Schlumberger,DRHO_DH_CDN_RT,lbm/ft³,"Bulk Density Correction, Real-Time Computed Downhole",Unicode power notation in unit
Baker Hughes Inteq,MSEC4,S/m,"HDIL skin effect corrected curve, subarray 4",Clean
Schlumberger,STTA3,ms,Sonic Transit Time Array 3,Clean
Schlumberger,"  RZAP2",V,"12 Uncalibrated Azimuthal Voltages Mode 2, In Phase",Mnemonic boundary whitespace
Baker Atlas,Tyxst10,s,y-x axis dipole multiplexed waveform start time,Mnemonic case error
Halliburton Logging,AULU,B/m,Wave attenuation based on u/l rcvrs from Upper xmtr.,Clean
Halliburton Logging,TrueAzimuth12k17,dega,"True Dip Azimuth 12k 17""",Clean
Schlumberger,CNTMETH,%,Percent Contamination of Filtrate (Contamination Monitoring Methane Model),Clean
Schlumberger,VAAMP_B,mV,"Applied Voltage Amplitude, Pad B",Clean
Halliburton Logging,TVD EPS2 Depth Probe 1,Yd[Ind37],TVD EPS2 Depth Probe 1,Unit-symbol case error
Baker Hughes Inteq,ID22,ft,Dia. 22,Clean
Schlumberger,ATMP_VPWD,degF,VPWD Annular Temperature,Clean
Schlumberger,CPSF2,Hz,MDCP 2 Strain Gauge Frequency,Clean
Baker Hughes Inteq,SRA069M,ohm.cm,Electrical Image - Sector 69 - Memory,Clean
Baker Hughes Inteq,BPUD1,mV,User input band pass filter 1,Clean
Halliburton Logging,APIDENSITY,g/cm3,API or stock tank condition density,Clean
Baker Hughes Inteq,fLC48,T,FLC_48,Mnemonic case error
Halliburton Logging,VM16,V,Differental Voltage Measurement 1 Magnitude - Pad 6,Clean
Schlumberger,DPTR_UB_ZD6,rad,3D Induction Group 6 Zero-D Inversion True Dip Magnitude Upper Bound,Clean
Schlumberger,TOP_IMON_PH,Rad,Top Step Monitoring Current Complex Phase,Unit-symbol case error
Schlumberger,XSSF2_SH1,Euc,Special Fluid 2 Saturation in Flushed Zone for Shell 1,Mnemonic typographical error
Baker Hughes Inteq,ECCM,m,MultiLaterolog inversion eccentricity,Clean
Baker Hughes Inteq,PO11A3,%,Third T2 accumulated partial porosity sum,Clean
Schlumberger,DRHN,lbm/ft3,"Bulk Density from Neutron Correction, Average",Clean
Schlumberger,FAZ4_R,kHz,"Neutron Far Tube 4 Count Rates, 8-Sector Waveform",Clean
Baker Hughes Inteq,CP7B,V,"500 Hz row 7 spacing b differential delta module, sine",Clean
Halliburton Logging,MXDP,kPa,Max Drawdown Pressure,Clean
Schlumberger,VR39_LL_U_1DF,kohm.m,3D Induction 1D Inversion Vertical Filtered Resistivity Low Likelihood Upper Bound from 39 inch Array,Mnemonic typographical error
Schlumberger,P1AZ_OBMT,µrad,"Pad 1 Azimuth in Horizontal Plane (0 = True North), memorized to OBMT",Unicode micro prefix in unit
Schlumberger,P07TMP,degC,Fluid Temperature [07],Clean
Schlumberger,SRSF,Hz,MRSR Strain Gauge Frequency,Clean
Halliburton Logging,BHCR36K80XX,kS/m,Bore Hole Correction R36K 80In X Trans/ X Recv,Clean
Baker Hughes Inteq,ZR6ACR,ohm,"Pad 6, frequency A button equalization",Clean
Baker Hughes Inteq,DP2A,ohm.cm,Pad 2 frequency A average of two center button resistivities,Clean
Schlumberger,AT_DTR1_F3,dB,Frequency 3 Transverse Spacing 1 Attenuation,Clean
Schlumberger,YNCR,ohm/m,Normalized Casing Resistance Y,Clean
Schlumberger,BODP,m,Back-Off Depth,Clean
Baker Hughes Inteq,TSDCM,s,Time since reaching max temperature for inside flask sensor,Clean
Baker Hughes Inteq,GRRIM,1/ft,"Data Density integrated, from RNT Gamma Ray, Memory",Clean
Schlumberger,RFAR2B,kHz,Raw Neutron Far Tube 2 Bottom Count Rate,Clean
Halliburton Logging,FMP_Shear_Time,s,Pick Time Reflected Shear,Clean
Schlumberger,FT25,in,Low Borehole Radius,Clean
Baker Hughes Inteq,FL84,T,FL CHANNEL 84,Clean
Schlumberger,WF3D,in,Waveform 3 Depth,Clean
Schlumberger,RN11,Hz,Raw Near Gate 11,Clean
Schlumberger,SUSL1,ms,MDSU 1 Slew Rate,Clean
Baker Hughes Inteq,AMD2F4,V,Raw data amplitude T2 frequency 4 (in dB/V),Clean
Pason,BTEM,degF,tgs Box Temperature,Clean
Baker Atlas,RLD,kohm.m,Synthetic deep resistivity curve,Clean
Halliburton Logging,WL1C,uA,Wire Line 1 Current,Clean
Pason,PIC4G,Euc,Pason iC4,Clean
Schlumberger,RPM_MINUS_SRPM,rad/s,Tool Rotational Velocity (RPM) Minus Standard Deviation (SRPM),Clean
Baker Hughes Intq,ID15,m,Dia. 15,Service-company spelling error
Schlumberger,VX22,V,X Potential Difference In Step 2-2,Clean
Schlumberger,DTCO2,h/km,Compressional Slowness from Measurement 2,Clean
Halliburton Logging,ST_ALT_YDP_Time_Peaks,μs,Time Peaks,Unicode micro prefix in unit
Halliburton Logging,BDip36k50,dega,"Borehole Dip 36k 50""",Clean
Halliburton Loggig,LOWD,m,Low Scale for Distance,Service-company spelling error
Schlumberger,ASTCB,S/m,Array Induction Two Foot Conductivity Background,Clean
Baker Hughes Inteq,ATNLOR,dB/m,"Compensated attn., outer rcrvs, long xmtrs, all freq.",Clean
Schlumberger,DRHNB_DH,g/cm3,"Bulk Density Correction, Bottom from Downhole",Clean
Schlumberger,CCL_TIME,ms,CCL Maximum Time,Clean
Baker Hughes Inteq,STWTBH,us,Time since reaching max temperature for inside flask sensor,Mnemonic typographical error
Baker Hughes Inteq,STN1,s,Waveform start time,Clean
Halliburton Logging,HorizRes36k29,ohm.m²/m,"Horizontal Resistivity 36k 29""",Unicode power notation in unit
Baker Hughes Inteq,XINRAT,rad,X axis inclination,Clean
Schlumberger,BATV_ADN,uV,ADN Battery Voltage,Clean
Baker Hughes Inteq,HP,Hz,HP raw pressure frequency,Clean
Schlumberger,RYVTQ,V,HRLA Uncalibrated Torpedo Quadrature Voltage,Clean
Schlumberger,VRAM_RX2_F1_D,mV,"Voltage Return Amplitude RX2, Frequency 1, Pad D",Clean
Baker Atlas,trmst06,us,monopole multiplex waveform start time,Clean
Baker Hughes Inteq,DTCAT,ms/m,"Compressional wave slowness from 4 waveforms, xmtr array",Clean
Baker Hughes Inteq,FL40,mT,FL CHANNEL 40,Clean
Baker Hughes Intq,B08M,cgr,"Phase, 8 Hz, medium spacing offset 360 degrees",Service-company spelling error
Baker Hughes Inteq,FL79,T,FL CHANNEL 79,Clean
Pason,GACAP,kPa,GA Gas Cell Abs Pressure,Clean
Baker Hughes Inteq,SRA105M,nohm.mm²/m,Electrical Image - Sector 105 - Memory,Unicode power notation in unit
Schlumberger,PDAP54_LB_1DF,cgr,3D Induction 1D Inversion Filtered Apparent Dip Magnitude Lower Bound from 54 inch Array,Mnemonic typographical error
Halliburton Logging,PAD6,mS/m,EMI Pad 6 values,Clean
BP,BP_PITVOL_ACT5,m³,Tank Volume - Active 5,Unicode power notation in unit
Halliburton Logging,T2ND,us,Travel time of 2nd reflection for center tool,Clean
Baker Hughes Inteq,CHT4,kgf,Cable head tension,Clean
Baker Hughes Inteq,HYPP,kPa,Hydraulic pressure target,Clean
Schlumberger,APRESS_EU,bar,SCTT Pressure (Engineering Units converted),Clean
Baker Hughes Inteq,RCAP05,kHz,Capacitance sensor 5,Clean
Schlumberger,TT3_5F_MUH,uV,Transit Time 3.5 ft from Monopole Upper High Frequency Waveform,Mnemonic-unit semantic mismatch
Baker Hughes Inteq,QDDPRS,Pa/m,Differential pressure from Quartzdyne,Clean
Baker Hughes Inteq,ZR2AU,Eohm,Frequency 1 pad 2 resistance,Clean
Baker Hughes Inteq,WFO,%,Weight fraction of oxygen in whole rock,Clean
BP,BP_PITVOL_HOLD2,bbl,Tank Volume - Holding 2,Clean
Schlumberger,AX_SL,gn,X Acceleration,Clean
Schlumberger,AY,ft/s²,Acceleration Y-Axis,Unicode power notation in unit
Baker Hughes Inteq,P5,Euc,MR partial porosity for bin 5,Clean
Baker Hughes Inteq,MNR3A,kohm.m,Pad 3 frequency A minimum button resistivity,Clean
BP,BP_MUD_MFO_MUD,m3/d,Flow Out - Mud (Mudlogger),Clean
Schlumberger,SPFV3_FSI,m/h,Fluid Velocity at Spinner 3,Clean
Baker Hughes Inteq,FLR77,T,FLR_77,Clean
Schlumberger,P10H_RT,okhm.m,"ARC Phase Shift Resistivity 10 inch Spacing at 2 MHz, Environmentally Corrected, Real-Time",Unit-symbol typographical error
Halliburton Logging,VM21,mV,Differental Voltage Measurement 2 Magnitude - Pad 1,Clean
Baker Hughes Inteq,ABDCDX,lbm/ft3,Azimuthal Bulk Density - Compensated - Down Quadrant - Real-time,Clean
Schlumberger,GASQ_AVG,m3/d,Averaged Gas Phase Surface Flowrate,Clean
Baker Atlas,Trmtt06,s,monopole multiplex first arrival time,Mnemonic case error
Schlumberger,DTNP,s/m,DT in Normal Pressure Shales,Clean
Schlumberger,AMC,ohm.m,Array Induction Mud Resistivity Electronically Calibrated,Clean
Baker Hughes Inteq,TYXSP01K,s,XY-axis multiplexed sample period,Clean
Baker Hughes Inteq,SPDNF,Hz,Spinner down revolutions per second,Clean
Schlumberger,PAW4,rad,Pad Azimuth With resistivity 4,Clean
Schlumberger,ZTEM,degC,SGP Temperature Calibration Zero Value,Clean
Halliburton Logging,REWI,uA,Replenisher Warm Current,Clean
Halliburton Logging,XDP_ALT_XY_Freq,kHz,Pick Frequency,Clean
Schlumberger,PFTEMP_HIRES,degC,SCTT Primary Formation Temperature High Resolution,Clean
Schlumberger,SPI3,rev/s,Spinner 3 Rotational Velocity,Clean
Baker Hughes Inteq,P5WTN,kohm.m,Packed pad 5 block (buttons 1-24),Clean
Halliburton Logging,YDP_ST_DT,s,Sonic Delta-T,Clean
Baker Hughes Inteq,CALPDC,in,Dual caliper combined X and Y calibrated,Clean
Schlumberger,AO22,V,2MHz Amplitude Offset for R2,Clean
Schlumberger,AT3F,degF,CDR Attenuation Resistivity 3 ft Resolution (QRO),Mnemonic-unit semantic mismatch
Halliburton Logging,UFM_ALT_FHA,V,Pre Firing Voltage,Clean
Schlumberger,T2LM_DF_SH3,ms,Logarithmic Mean of T2 Distribution (Diffusion Free) for Shell 3,Clean
Baker Hughes Inteq,APQLS,psi,1970LB Quartzdyne gauge pressure (2nd tool),Clean
Schlumberger,SNGB_FILT,MHz,"Filtered Neutron Short Spacing Background Count Rate, Bottom",Clean
Baker Hughes Inteq,DAZHD,cgr,Deviation azimuth for HTD,Clean
Schlumberger,TT3_5F_MIN_MUH,us,Transit Time 3.5 ft Minimum from Monopole Upper High Frequency Waveform,Clean
Halliburton Logging,NDEE,lbm/ft3,Near Density EVR,Clean
Schlumberger,PEF_RSS2_HR,Hz,High Resolution Short Spacing PEF Window 2 Count Rate,Clean
Baker Hughes Intq,FLR3,T,FLR_3,Service-company spelling error
Baker Hughes Inteq,HYPMC,kN/m²,Sentinel Hydraulic power pressure,Unicode power notation in unit
Baker Hughes Inteq,SFLD,h/km,Fluid wave slowness,Clean
Halliburton Logging,YX_FHB,mV,Post Firing Voltage,Clean
Halliburton Logging,Quartz Mid Probe Pressure 1,psi,Quartz Mid Probe Pressure 1 Eps1,Clean
Schlumberger,A10L_UNC_RT,kohm.m,"ARC Uncorrected Attenuation Resistivity 10 inch Spacing at 400 KHz, Real-Time",Clean
Baker Hughes Inteq,FLC19,mT,FLC_19,Clean
Schlumberger,TAU2,us,Decay Time of the Second TDT Run,Clean
Schlumberger,RES_BS_IMG_DH_HI,ohm.m²/m,"Compensated Shallow Button Resistivity Image, Computed Downhole, High Resolution",Unicode power notation in unit
Schlumberger,T2LM_H2O,us,Logarithmic Mean of Water T2 Distribution,Clean
Schlumberger,QOCH,m3/d,Oil Channel Flowrate,Clean
Baker Hughes Inteq,SRA009M,ohm.m,Electrical Image - Sector 9 - Memory,Clean
Schlumberger,RBGD,lbm/ft3,Bulk Density computed using Gardner's method,Clean
Halliburton Logging,EP2PtPressCorr,kPa,EP2Pretest Pressure Corrected,Clean
Baker Hughes Inteq,DNEX,mS/m,"Density Time Since Drilled, Transmitted",Mnemonic-unit semantic mismatch
Schlumberger,PS_DTR4_F0_HR,cgr,High Resolution Frequency 0 Transverse Spacing 4 Phase Shift,Clean
Baker Hughes Inteq,DAZWS,cgr,Deviation azimuth for WGI (2nd tool),Clean
Pason,mTRPM,rad/s,Motor Rpm,Mnemonic case error
Baker Hughes Inteq,PSMI,dega,"Phase shift, dipole inner rcvrs, med xmtrs, all freq",Clean
Halliburton Logging,BHCR72K29YZ,mS/m,Bore Hole Correction R72K 29In Y Trans/ Z Recv,Clean
Baker Hughes Inteq,RADIUS08M,in,Acoustic Caliper - Radius - Sector 8 - Memory,Clean
Schlumberger,M21X,uA,"Raw Monitor 2 Current from T1, Out Of Phase",Clean
Schlumberger,P10B_COND,S/m,Blended Phase-Shift Conductivity 10 inch,Clean
Schlumberger,SCV1_SL,ft/min,Auxiliary Cable 1 Velocity,Clean
Baker Hughes Inteq,MLR3S,kohm.m,Synthetic MultiLaterolog resistivity 3,Clean
Halliburton Logging,SED4,ohm.m,Skin Effect Corrections D4,Clean
Schlumberger,DC_WAT_T1_SH8,m²/d,Computed Water Diffusion Coefficient indexed by T1 for Shell 8,Unicode power notation in unit
Halliburton Logging,YDP_ALT_YX_Time,us,Pick Time,Clean
Halliburton Logging,QZSI,bar,Quartz at Sample Inlet,Clean
Baker Hughes Inteq,FING77,m,Finger 77 readings,Clean
Halliburton Logging,CF6,kS/m,6 in Radial Conductivity 4ft,Clean
Schlumberger,DPAP_LB_ZD3,cgr,3D Induction Group 3 Zero-D Inversion Apparent Dip Magnitude Lower Bound,Clean
Schlumberger,DPTR_UB_ZD1,rad,3D Induction Group 1 Zero-D Inversion True Dip Magnitude Upper Bound,Clean
Halliburton Logging,BHCR60K50XZ,S/m,Bore Hole Correction R60K 50In X Trans/ Z Recv,Clean
Schlumberger,RHOS_DH_ECO_RT,kg/m3,"Short Spacing Bulk Density, Real-Time, Computed Downhole",Clean
Halliburton Logging,ST_XDP_Hole_Size,in,Measured Hole Diameter,Clean
Pason,"  TRPT",degC,tgs Trap Temperature,Mnemonic boundary whitespace
Baker Hughes Inteq,ADRHRX,g/cm³,Azimuthal Delta Rho - Right Quadrant - Real-time,Unicode power notation in unit
Baker Hughes Inteq,YZAR,S/m,"Apparent conductivity unique frequency, real, YZ",Clean
Schlumberger,PAIVO2_DL,bbl,MRPA 2 Interval Volume,Clean
Baker Hughes Inteq,AR50ITAX,rad,Azimuthal Resistivity - 50 kHz - Imaginary - Target Angle - Real-time,Clean
Schlumberger,CR24,ft,Corrected Radius 24,Clean
Halliburton Logging,BHCR60K29ZZ,S/m,Bore Hole Correction R60K 29In Z Trans/ Z Recv,Clean
Baker Hughes Inteq,MBHR6,ohm.m,Borehole resistivity coil 6,Clean
Schlumberger,RLA4_UNCORR,kohm.m,Uncorrected Resistivity from Computed Focusing Mode 4,Clean
Baker Hughes Inteq,MCSTCR,kHz,MCS spectrum total count rate,Clean
Baker Hughes Inteq,CHR1C1_AVG,%,Methane- Average,Clean
Baker Hughes Inteq,INCA,dega,Wellbore inclination from accelerometers,Clean
Halliburton Logging,BHCR84K29XZ,kS/m,Bore Hole Correction R84K 29In X Trans/ Z Recv,Clean
Halliburton Logging,"ST_ALT_YDP_Hole_Size	",in,Measured Hole Diameter,Mnemonic boundary whitespace
Baker Hughes Inteq,R44,ft,Multi-arm_data - Feeler 44 radius,Clean
Schlumberger,GD_5I,mA,Gyro Data 5V supply current intensity,Clean
Schlumberger,"EBUETI﻿",ms,Time Interval Between Interpreted End of Buildup and End of Test,Mnemonic boundary invisible character
Schlumberger,IDRO_WDP,g/cm3,Image Derived Density via WDP,Clean
Schlumberger,AR11,ohm.cm,"Corrected Resistivity, Azimuth 11",Clean
Halliburton Logging,ST_UFM_Hole_Size,ft,Measured Hole Diameter,Clean
Schlumberger,PTFLORATE,L/min,Pretest Flowrate,Clean
Halliburton Logging,LOGM,ms,Logarithmic Mean,Clean
Schlumberger,PAMH,kPa,MRPA Memorized Hydrostatic Pressure,Clean
Baker Hughes Inteq,CP8B,mV,"500 Hz row 8 spacing b differential delta module, sine",Clean
Baker Hughes Inteq,DCVO,m3,Dead cumulative volume,Clean
Baker Hughes Inteq,FSA14,ms,"Surface pick 1st arrival time, T1R4",Mnemonic typographical error
Schlumberger,WCL,s,Waveform Correlation Length,Clean
Schlumberger,TISH_MUX,us,Shear Integrated Transit Time for Monopole Upper Transmitter Custom Frequency Firing,Clean
Baker Hughes Inteq,RAD1S,in,"Radius, tool axis to pad 1 face",Clean
Baker Hughes Inteq,FLR58,uT,FLR_58,Clean
Schlumberger,SUST2_DL,kPa,MDSU 2 Set Point,Clean
Halliburton Logging,TrueAzimuth36k80,dega,"True Dip Azimuth 36k 80""",Clean
Schlumberger,DTSH2,h/km,Shear Slowness from Measurement 2,Clean
Pason,BLKT,degF,tgs Block Temperature,Clean
BP,BP_PITVOL_RES_WASTE,bbl,Tank Volume - Waste 1,Clean
Baker Hughes Inteq,HRD22,MHz,Long space spectrum count rate 200-540 keV (2nd tool),Clean
Schlumberger,RCCSSOLMCMTEMP,degF,RCCS Solenoid Board MCM Temperature,Clean
Baker Hughes Inteq,SALT,%,Un-normalized weight fraction of salt in dry rock,Clean
Schlumberger,JRPA2,in,MJET Raw Leg OD at Potentiometer A2,Clean
Baker Hughes Inteq,MTBWCX,L/m³,Bound Water - Downhole Processed - Real-time,Unicode power notation in unit
Baker Hughes Inteq,FMUP,kHz,Spinner count rate up,Clean
Schlumberger,pGTM,degC,TMT Pressure Transducer Temperature System,Mnemonic case error
Schlumberger,T2L8_UHR,us,T2 Logarithmic Mean of Bin 8 for Upper High-Resolution Antenna,Clean
Baker Hughes Inteq,CHR1NC4_AVG,mm,Normal Butane- Average,Mnemonic-unit semantic mismatch
Halliburton Logging,RBEARING135,rad,Relative Bearing - Arms 1 3 5,Clean
Schlumberger,TDELTAPA,bar,TMT Differential Amplified Pressure,Clean
Schlumberger,DPAP21_UB_1D,cgr,3D Induction 1D Inversion Apparent Dip Magnitude Upper Bound from 21 inch Array,Clean
Baker Hughes Inteq,RMYGGT,uT,Raw Y-axis magnetometer shifted to GTI,Clean
Schlumberger,DHF1_DL,MHz,MRDP 1 Horizontal Strain Gauge Frequency,Clean
Baker Hughes Inteq,WTRF,ppm,Water fraction,Clean
Schlumberger,EFF_MAX_HORI_STRESS,psi,Effective Maximum Horizontal Stress,Clean
Pason,RES1_AT_BIT,kohm.m,Res1 At Bit,Clean
Halliburton Logging,TrueAzimuth60k29,dega,"True Dip Azimuth 60k 29""",Clean
Schlumberger,FACC,mgn,Fast Acceleration,Clean
Schlumberger,IXM,ohm.cm,Induction Quadrature Medium Resistivity,Clean
Pason,RESISTIVITY2_DEPTH,in,Resistivity 2 Depth,Clean
Schlumberger,ECCE_RF,m,Amplitude of Eccentering for Unflagged Waves,Clean
Schlumberger,T2L3_LHR,ms,T2 Logarithmic Mean of Bin 3 for Lower High-Resolution Antenna,Clean
Schlumberger,ZGAPRC_E,Gohm,"EMAG Gap Impedance, Recorded Mode",Clean
Schlumberger,A22B_COND_UNC,mS/m,Uncorrected Blended Attenuation Conductivity 22 inch,Clean
Baker Hughes Inteq,BHCA,%,Borehole calcium,Clean
Baker Hughes Inteq,FLC61,Ugauss,FLC_61,Unit-symbol case error
Baker Hughes Inteq,IDMX2,m,Max ID2 Radius *2,Clean
Baker Hughes Inteq,MBVIA4,ppm,Fourth T2 bulk volume irreducible,Clean
Baker Hughes Inteq,SB124,ppm,Antimony 124 concentration,Clean
Baker Hughes Inteq,ZR4AUS,Gohm,Second tool Frequency 1 pad 4 resistance,Clean
Baker Hughes Inteq,MXRA,dega,Angle of maximum radius 1,Clean
Baker Hughes Inteq,ST8244XAD,ft,8244XA spinner down depth reference,Clean
Baker Hughes Inteq,TXYST##,rad,XY-axis multiplexed waveform start time,Mnemonic-unit semantic mismatch
BP,BP_PITVOL_ACT11,in,Tank Volume - Active 11,Mnemonic-unit semantic mismatch
Schlumberger,RHS2,MHz,Raw High-Resolution Short Spacing 2 Counts,Clean
Pason,TGS_NC4,ppm,Pason nC4,Clean
Schlumberger,LL7N,kohm.m,Measure of LL7 Minus Sqrt(Sigma**2+Tau**2),Clean
Baker Hughes Inteq,BHDCBM,m,Borehole diameter from CBIL median average,Clean
Schlumberger,LLD_REC2D,ohm.m,Reconstructed Laterolog Deep Resistivity with 2D forward modeling,Clean
Baker Hughes Inteq,STRR,us,Start time radial waveforms,Clean
Baker Hughes Inteq,BHA,ft,Calculated borehole size for ABC processing,Clean
Schlumberger,TCAN_SL,MHz,Total Counts Analyzed Near,Clean
Baker Hughes Inteq,A0MR,cgr,"Cement map raw values, Lamb A0",Clean
Baker Hughes Inteq,RBT2CB,ft,Bit radius 2 for CBIL,Clean
Schlumberger,RH54_LB_1D,kohm.m,3D Induction 1D Inversion Horizontal Square Resistivity Lower Bound from 54 inch Array,Clean
Halliburton Logging,CT03,kS/m,30 in Radial Conductivity 2ft,Clean
Halliburton Logging,UMP_Shear_DT,s,Sonic Delta-T Reflected Shear,Clean
Schlumberger,HV_PEAK_CUR_SL,A,High Voltage Peak Current - Station Log,Clean
Schlumberger,DTNDP,ms/m,Slowness from Non-dispersive Processing,Clean
Halliburton Logging,BDip60k50,cgr,"Borehole Dip 60k 50""",Clean
Schlumberger,P03FDS,lbm/ft3,Fluid Density [03],Clean
Baker Hughes Inteq,MSEC5,kS/m,"HDIL skin effect corrected curve, subarray 5",Clean
Schlumberger,aSTCB60,S/m,Array Induction Two Foot Conductivity Background A60,Mnemonic case error
Baker Hughes Inteq,FPres_1,psi,Formation Pressure 1 - Memory,Clean
Schlumberger,UWVF_DET_TIME,ms,Ultrasonic Waveform Detect Time,Clean
Halliburton Logging,BHCR60K80YY,kS/m,Bore Hole Correction R60K 80In Y Trans/ Y Recv,Clean
Schlumberger,SBDN,lbm/ft3,Bulk Density from Sidewall Core,Clean
Halliburton Logging,VertRes60k29,kohm.m,"Vertical Resistivity 60k 29""",Clean
Schlumbergr,RH39_1DF,ohm.m,3D Induction 1D Inversion Horizontal Filtered Resistivity from 39 inch Array,Service-company spelling error
Pason,CONO,m3/d,Condensate Out,Clean
Schlumberger,SMNO,ohm.m²/m,Synthetic Micro-Normal Resistivity,Unicode power notation in unit
Schlumberger,ICAQ,mA,"Electrical Standoff Current, 90 degree",Clean
Pason,ISOBUTANE_C4,Euc,chr Iso-Butane IC4,Clean
Baker Hughes Inteq,TIMET,µs,Internal time,Unicode micro prefix in unit
Schlumberger,RV15_LL_L_1DF,ohm.cm,3D Induction 1D Inversion Vertical Filtered Resistivity Low Likelihood Lower Bound from 15 inch Array,Clean
Baker Hughes Inteq,DIA40,m,Finger diameter for 40 finger tool,Clean
Baker Hughes Inteq,"  PSSO",rad,"Phase shift, dipole outer rcrvs, short xmtrs, all freq",Mnemonic boundary whitespace
Halliburton Logging,ST_ALT_UM_Hole_Size,m,Measured Hole Diameter,Clean
Schlumberger,AMXC,cgr,Angle of Maximum Caliper,Clean
Halliburton Logging,"DP0PtRate﻿",m3/d,DP0 Pretest Rate,Mnemonic boundary invisible character
Baker Hughes Inteq,RMXA,m,Max Radius Arm,Clean
Baker Hughes Inteq,TIM67,μs,Time curve from TD for accelerometer correction to CCL,Unicode micro prefix in unit
Schlumbergr,GIAX,uA,Axial Current G,Service-company spelling error
Baker Hughes Inteq,FING78,in,Finger 78 readings,Clean
Halliburton Logging,AVID,m,Average Inside Diameter,Clean
Baker Hughes Inteq,TN55V,rad,"Transmitter voltage, -55V",Mnemonic-unit semantic mismatch
Baker Hughes Inteq,CNCFDL,%,Field normalized dolomite compensated neutron porosity,Clean
Schlumberger,2A8H_COND_RT,kS/m,Attenuation Conductivity 28 inch Spacing at 2 MHz,Mnemonic typographical error
BP,BP_TIME_IN_SLIPS,us,Elapsed Time in Slips per connection,Clean
Baker Hughes Inteq,ZI2AUS,Cohm,Freq 1 pad 2 capacitive part of complex formation impedance,Unit-symbol case error
Schlumberger,HOT1,K,HY_1 Oil Temperature,Clean
Schlumberger,TZMW,lbm/ft3,Overburden Mud Weight,Clean
Schlumberger,DTT3F_MLH,μs,Transit Time Difference 3 ft from Monopole Lower High Frequency Waveform,Unicode micro prefix in unit
Baker Hughes Inteq,PRER,psi,Pump retracted pressure,Clean
Baker Atlas,tyyst10,ms,y-y axis dipole multiplexed waveform start time,Clean
Schlumberger,SXO_SH1,ppm,Water Saturation in Flushed Zone for Shell 1,Clean
Baker Hughes Inteq,QRM,Gohm,Fluid sample resistance quality indicator,Clean
Schlumberger,T2L4_SH4,ms,T2 Logarithmic Mean of Bin 4 for Shell 4,Clean
Halliburton Logging,LMP_ALT_Comp_Time,ms,Pick Time,Clean
Schlumberger,IMB_HY,cm,Hydrostatic Imbalance (Calculated),Mnemonic-unit semantic mismatch
Baker Atlas,RIPM​,kohm.m,medium induction resistivity,Mnemonic boundary invisible character
Schlumberger,RODW,nohm.mm²/m,Water Filled Formation Resistivity - DW,Unicode power notation in unit
Baker Hughes Inteq,TT23,ms,Traveltime T2R3,Clean
Halliburton Logging,60kSK29,rad,60k Strike 29 inch for the MCIV1D,Clean
Baker Atlas,txyst11,ms,x-y axis dipole multiplexed waveform start time,Clean
Schlumberger,AGTM_MXW,s,Gamma Ray Time After Bit,Clean
Schlumberger,T1LM_OIL,ms,Logarithmic Mean of Oil T1 Distribution,Clean
Schlumberger,RH_ZDB,nohm.mm²/m,3D Induction Best Zero-D Inversion Horizontal Resistivity,Unicode power notation in unit
Baker Hughes Inteq,EPSZSE,uF/m,"Permittivity of water from ADEX, short xmtrs, real time",Clean
Baker Hughes Inteq,PZCLS2,%,Corrected porosity for limestone matrix (2nd tool),Clean
Halliburton Logging,TPTM,ms,Sample Pumping Time,Clean
Schlumberger,P08SPIN,rpm,Spinner Rotational Velocity [08],Clean
Baker Hughes Inteq,AMD6F2,mV,Raw data amplitude T6 frequency 2 (in dB/V),Clean
Halliburton Logging,TrueDip36k29,dega,"True Formation Dip 36k 29""",Clean
Baker Hughes Inteq,RSWA,m,Radii with swing arm correction for all caliper pads,Clean
Baker Hughes Inteq,RADIUS04M,m,Acoustic Caliper - Radius - Sector 4 - Memory,Clean
Schlumberger,ROT_TW_STOP,s,Rotation Processing Time Window Stop,Clean
Baker Hughes Inteq,TS09MA,s,Time since reaching max temperature for inside flask sensor,Clean
Halliburton Logging,UFMP_ALT_ST_DT,us,Sonic Delta-T,Clean
BP,bP_HKL_MIN,N,Hookload (Min),Mnemonic case error
Pason,"10SGE﻿",kPa,10 Sec Gel Strength,Mnemonic boundary invisible character
Pason,10MGE,bar,10 Min Gel Strength,Clean
Schlumberger,SL5,s,MRSC 5 Slew Rate,Clean
Schlumberger,POP_DL,bar,MRPO Output Pressure,Clean
Schlumberger,PQQT3,degF,MRPQ 3 Quartz Gauge Temperature,Clean
Schlumberger,ACES,m,Array Induction Computed Effective Standoff,Clean
Schlumberger,RES_BS_RG,nohm.mm²/m,"Shallow Button Resistivity, Right",Unicode power notation in unit
Halliburton Logging,OAL1,Hz,Far Oxygen Actn Window A,Clean
Schlumberger,BIT_FLO_HY,L/min,Flow Rate at Bit (Calculated),Clean
Halliburton Logging,BHCR84K17ZX,kS/m,Bore Hole Correction R84K 17In Z Trans/ X Recv,Clean
Baker Atlas,DT24.X,h/km,interval transit time over 24 inch interval (cross correlation),Clean
Halliburton Logging,qRNIR2,ohm.cm,Reconstructed apparent resistivity of mode2 noninvaded solution,Mnemonic case error
Halliburton Logging,BHCR12K29ZY,mS/m,Bore Hole Correction R12K 29In Z Trans/ Y Recv,Clean
Halliburton Logging,QIR1,nohm.mm²/m,Reconstructed invaded solution apparent resistivities of mode1,Unicode power notation in unit
Schlumbergr,P40B_COND_UNC,kS/m,Uncorrected Blended Phase-Shift Conductivity 40 inch,Service-company spelling error
Schlumberger,CPPPO1_DL,ft,MDCP 1 Pretest Piston Position Offset,Clean
Halliburton Logging,uFMP_Shear_Time,us,Pick Time Reflected Shear,Mnemonic case error
Halliburton Logging,YX_FHA,μV,Pre Firing Voltage,Unicode micro prefix in unit
Schlumberger,DTIME_03,ms,Delta Time From Transient 03 Start,Clean
Schlumberger,HRMD,ohm.cm,Mud Resistivity based on Deep Measurements,Clean
Schlumberger,DHPR,kPa,Degasser Head Pressure,Clean
Baker Hughes Inteq,OA3,Hz,Oxygen activation count rate (extra long space),Clean
BP,BP_RHOBA_DEP_3,lbm/ft3,Dep - Bulk Density - Azimuthal - Sector3,Clean
Halliburton Logging,EP1P2Temp,K,EP1P2 Probe Temperature,Clean
Baker Atlas,SGM2,kohm.m,complex sigma array 2,Clean
Baker Hughes Inteq,AGNXY3,DB,Acoustic averaged receiver gain,Unit-symbol case error
Halliburton Logging,XY_FHB,V,Post Firing Voltage,Clean
Halliburton Logging,MSL,ms,Monopole Lower Travel Time,Clean
Schlumberger,RVZ3,V,Z Potential Difference in Step 3,Clean
Baker Hughes Inteq,ADSAM,lbm/ft3,Azimuthal Density - Short Space - Apparent - Image - Memory,Clean
Pason,BLOCK_HT,m,Block Height,Clean
Schlumbergr,RZVH1Q,uV,"Uncalibrated A0*-M1 Monitoring Voltage 1, quadrature",Service-company spelling error
Baker Hughes Inteq,RPCHM,Kohm.m,Resistivity - Phase - Corrected - 2 MHz - Memory,Unit-symbol case error
Baker Hughes Inteq,BHTT5,μs,Reflectance traveltime,Unicode micro prefix in unit
BP,BP_PITVOL_COL1,L,Tank Volume - Column 1,Clean
Schlumberger,RODRHO_OP2,lbm/ft3,TNOP 2 DV-Rod Fluid Density,Clean
Schlumberger,AHTCB90,S/m,Array Induction Two Foot Conductivity Background A90,Clean
Halliburton Logging,QG1T,degC,Quartz Gauge1 Temperature,Clean
Halliburton Logging,RO10,kohm.m,10 in Radial Resistivity 1ft,Clean
Halliburton Logging,FOFF,m,Far Offset,Clean
Halliburton Logging,QRNIR5,nohm.mm²/m,Reconstructed apparent resistivity of mode5 noninvaded solution,Unicode power notation in unit
Baker Hughes Inteq,FLOW_RATE,L/min,Current Pumping Flow Rate - Memory,Clean
Schlumberger,CSBC,S/m,SFL Borehole Corrected Conductivity,Clean
Schlumberger,FCBR,nohm.mm²/m,Filtered Resistivity Buttons,Unicode power notation in unit
Schlumberger,DSF_REL_TF2,cgr,Relative Toolface Angle of the Bend 3 versus Bend 2,Clean
Baker Hughes Inteq,TSFATMP,us,Time since reaching max temperature for inside flask sensor,Clean
Baker Hughes Inteq,MBVIA2,%,Second T2 bulk volume irreducible,Clean
Halliburton Logging,BHCR12K17ZZ,S/m,Bore Hole Correction R12K 17In Z Trans/ Z Recv,Clean
Baker Hughes Inteq,TAUCB,us,Sampling period for CBL subcycle transmitter,Clean
Baker Hughes Inteq,ZXAR,S/m,"Apparent conductivity unique frequency, real, ZX",Clean
Baker Hughes Inteq,FLC74,mT,FLC_74,Clean
BP,BP_MUD_MTI_DEP,degF,Dep - Temp In - Mud,Clean
Pason,PC5G,Euc,tgs C5 Gas Percentage,Clean
Schlumberger,DCVDTIM,us,Delta Time from Beginning of Deconvolution Constructed Unit Rate Pressure Response,Clean
Schlumberger,PUMP_IN_TEMP_S,K,Pump Inlet Temperature (Slow Channel),Clean
Baker Hughes Inteq,E26V,uV,Solenoid DC voltage,Clean
Schlumberger,DTCOPO_RT,h/km,"Compressional Slowness, Pumps Off, Real-Time",Clean
Halliburton Logging,"EP0MeasRate	",m3/d,EP0 Pretest Measured Rate,Mnemonic boundary whitespace
Halliburton Logging,CID6⁠,in,Inner Casing Diameter 6,Mnemonic boundary invisible character
Baker Hughes Inteq,DT24S,h/km,Slowness over 24-inch interval from 1st arrival,Clean
Schlumberger,COND_XS_F2_SIG,kS/m,Uncertainty on Frequency 2 Shallow Zone Conductivity,Clean
Schlumberger,MAGTEMP,degF,Magnetometer Temperature,Clean
Schlumberger,RF8_SL,kHz,Far Count Rate From Gate 08,Clean
Baker Hughes Inteq,RADIUS11M,ft,Acoustic Caliper - Radius - Sector 11 - Memory,Clean
Baker Hughes Inteq,DAVG,m,Average caliper diameter,Clean
Schlumberger,W2,MHz,Window 2 (.5-1.1 MeV) - NGT,Clean
Schlumberger,ASFCB60,mS/m,Array Induction Four Foot Conductivity Background A60,Clean
Baker Hughes Inteq,V2PC,mV,1970MB module calibration voltage 2 prime for R/C,Clean
Schlumberger,RCTEMP_IFAX2,degC,IFAX 2 Resistivity Cell Temperature,Clean
Schlumberger,ROMT_DH_CDN_RT,lbm/ft3,"Maximum Bulk Density, Real-Time Computed Downhole",Clean
Pason,NRC5,Euc,chr Nor-Pentane NC5,Clean
Schlumberger,FCAZ,gn,Fast Channel (High Resolution) Acceleration on Z Axis,Clean
Halliburton Logging,EPS QTempStabP2,deltaF/h,EPS Quartz Temperature Stability Probe 2,Clean
Baker Hughes Intq,DAZDP,cgr,Deviation azimuth for HDIP,Service-company spelling error
Halliburton Logging,ESTRHOF,kg/m3,Estimated Density of Filtrate,Clean
Schlumberger,DT_LP_ML,s/m,Leaky-P Slowness - Monopole Low,Clean
Schlumberger,POUDMS2,rpm,MRPOUD 2 Motor Speed,Clean
Pason,HIC,Euc,Hydroxyl ion concentr.,Clean
Halliburton Logging,TEMP_FLUID,degC,Formation Fluid Temperature,Clean
Baker Hughes Inteq,CEMO,dega,Calibrated and oriented cement map,Clean
Halliburton Logging,C1M3,mA,Survey Current #1 Magnitude - Pad 3,Clean
Baker Hughes Inteq,PPORB3,Euc,BVI partial porosity distribution,Clean
Baker Hughes Inteq,LBFT,g/s,Metal Loss Per foot / year,Clean
BP,BP_PITVOL_SANDTRAP,m³,Tank Volume - Sand Trap,Unicode power notation in unit
Halliburton Logging,BHCR72K06ZZ,mS/m,Bore Hole Correction R72K 06In Z Trans/ Z Recv,Clean
Baker Hughes Inteq,DIS72,mT,DIS CHANNEL 72,Clean
Halliburton Logging,VCAL,Euc,Apparent matrix calcite fraction %,Clean
Baker Hughes Inteq,FLC53,T,FLC_53,Clean
Schlumberger,SWPP,%,Saturation of Water for the Previous PML,Clean
Baker Hughes Inteq,AMMAX,uV,Amplitude maximum,Clean
Baker Hughes Inteq,BT1C,mV,Gain corrected value from button 1,Clean
Baker Hughes Inteq,SRA061M,kohm.m,Electrical Image - Sector 61 - Memory,Clean
Schlumberger,SNTL_FILT,MHz,"Filtered Neutron Short Spacing Tau Count Rate, Left",Clean
Baker Hughes Inteq,FLC75,T,FLC_75,Clean
Schlumberger,RYISO,KA,HRLA Uncalibrated Source Current,Unit-symbol case error
Halliburton Logging,EP1PtPressCorr,kPa,EP1 Pretest Pressure Corrected,Clean
Schlumberger,FDFD_TL,kg/m3,Filtered Deviation-corrected Well Fluid Density,Clean
Schlumberger,TEMPSMP,K,Temperature During Sampling,Clean
Schlumberger,TAD_HKLD_ROT,N,Torque and drag calculation of hook load in rotating off bottom,Clean
Schlumberger,TRIVFIAVG15,KS/m,3D Induction 15 Inch Array Vertical Fracture Indicator Averaged,Unit-symbol case error
Halliburton Logging,60kRV80,kohm.m,60k Rv 80 inch for the MCIV1D,Clean
Baker Hughes Inteq,ET0DS,us,"Elapsed time, short space",Clean
Halliburton Loggig,MXC2,F,Maximum capacitance 2,Service-company spelling error
Schlumberger,ASMC,ohm.cm,Array Induction Mud Resistivity Electronically Calibrated,Clean
Schlumberger,CPRT1_DL,degF,MDCP 1 Resistivity Cell Temperature,Clean
Baker Hughes Inteq,HKLD_AVG,N,Hookload- Average,Clean
BP,PB_GAS_ADV_H2S,%,Hydrogen Sulphide (H2S) - Advanced service,Mnemonic typographical error
Baker Atlas,trmst21,s,monopole multiplex waveform start time,Clean
Schlumberger,TET_QTDH,m3/d,Downhole Total Flowrate,Clean
Halliburton Logging,bHV,L,Borehole Volume Increment,Mnemonic case error
Baker Hughes Inteq,PDCLS2,Euc,Corrected porosity for limestone matrix (2nd tool),Clean
Schlumberger,CO2_CGA3_DL,lbm/ft3,CGA3 CO2 Partial Density (Depth Logging),Clean
Baker Hughes Inteq,SRA9X,kohm.m,Electrical Image - Sector 9 - Real-time,Clean
Baker Hughes Inteq,SRA63X,ohm.m,Electrical Image - Sector 63 - Real-time,Clean
Schlumberger,NVX1,uV/m,Normalized Potential Difference X,Clean
BP,PB_TEMP_DH_DEP,K,Dep - Temperature - Mud - Annulus,Mnemonic typographical error
Schlumberger,QDTEMP_FLASK,degF,Quartzdyne Gauge Manometer Temperature (Flasked),Clean
Baker Hughes Inteq,DIS48,T,DIS CHANNEL 48,Clean
Halliburton Logging,RANG,dega,Mril Rotation Angle,Clean
Schlumberger,SW,Euc,Water Saturation,Clean
Schlumberger,SPDF,uV,SP Digital Filtered SPARC,Clean
Baker Hughes Inteq,RPCEH,ohm.cm,Resistivity Phase Diff Compensated Borehole and Dielectric Corrected Long 2MHz,Clean
Pason,MUD_DENS,lbm/ft3,Mud Density,Clean
Baker Hughes Inteq,T03MA,ms,HTHP XMAC III MA time projection for reaching target temp,Clean
Schlumberger,SET_DIFF_PRE_S,psi,Set Line Differential Pressure (Slow Channel),Clean
Halliburton Logging,FVG,us,Flow Vel. From Gamma,Clean
Schlumberger,PDTFHI,cgr,PowerDrive Toolface High Resolution,Clean
Pason,P4Rat,L/min,P4 Rate,Clean
Halliburton Logging,AMPS7,uV,Az7 Pipe Amplitude,Clean
Schlumberger,KSDR_SL,D[API],Permeability Computed Using SDR Model - Station Log,Clean
Schlumberger,AHFRWAI,ohm.cm,Array Induction Four Foot Radial RWA Image,Clean
Halliburton Logging,MFP_ST_Time,s,Pick Time,Mnemonic typographical error
Halliburton Logging,DMOB,D/cP,Drawdown Mobility,Clean
Schlumberger,"ROP5﻿",m/h,Rate of penetration averaged over the last 5 ft (1.5 m),Mnemonic boundary invisible character
Halliburton Logging,F3HB,mV,Monopole HV Before,Clean
Schlumberger,ANGX_MR,cgr,MR Quadrant Calibration Angle,Clean
Schlumberger,RVW2,V,W Potential Difference in Step 2,Clean
Schlumberger,DTRP,s/m,"Delta-T Compressional, Receiver Array - Monopole P&S",Clean
Halliburton Logging,YDP_ALT_YX_Freq,kHz,Pick Frequency,Clean
Baker Hughes Inteq,TS09FO,Pa,Time since reaching max temperature outside flask sensor,Mnemonic-unit semantic mismatch
Baker Hughes Inteq,FL32,T,FL CHANNEL 32,Clean
Baker Hughes Inteq,MNR2A,ohm.m,Pad 2 frequency A minimum button resistivity,Clean
Baker Atlas,CIPM,S/m,medium induction conductivity,Clean
Baker Hughes Inteq,FLC96,uT,FLC_96,Clean
Baker Hughes Inteq,FL59,T,FL CHANNEL 59,Clean
Halliburton Logging,"LM_ALT_Hole_Size	",ft,Measured Hole Diameter,Mnemonic boundary whitespace
Schlumberger,RLNLA,MHz,"Raw Neutron Long Spacing Late Count Rate, Average",Clean
Baker Hughes Inteq,TFST02K,s,Monopole multiplexed waveform start time,Clean
Baker Hughes Inteq,SPNR,Hz,Spinner,Clean
Baker Hughes Inteq,MXR2W,in,Maximum radius 2,Clean
Halliburton Logging,CAP_CONT_DATA,ppm,Capacitance Contamination Data,Clean
Schlumberger,FDEP,m,Formation Depth,Clean
Schlumberger,ARM_EXTEN_CAL_NOSE_SL,ft,NOSE Calibrated Arm Extension Station Log,Clean
BP,BP_CHOKE1_POS_SETP_MPD,%,Choke 1 Position - Setpoint  (MPD),Clean
Baker Hughes Inteq,SBVIA2,ppm,Second T2 weighted sum of partial porosities for BVI,Clean
Halliburton Logging,C2M5,A,Survey Current #2 Magnitude - Pad 5,Clean
Schlumberger,RA02,ft,Calibrated Radius 2,Clean
Baker Hughes Inteq,M2CCX,kS/m,"HDIL 2-foot resolution compressed conductivity, 120-inch DOI",Clean
BP,BP_CHOKE4_POS_SETP_MPD,%,Choke 4 Position - Setpoint  (MPD),Clean
Schlumberger,"P40L_ECO_RT	",kohm.m,"ARC Phase Shift Resistivity 40 inch at 400 KHz, Real-Time",Mnemonic boundary whitespace
Baker Hughes Inteq,RATROT,cgr,"Rotation sensor, RAT",Clean
Baker Hughes Inteq,STT,s,Traveltime T2R3,Clean
Schlumberger,HV_PEAK_CUR,uA,High Voltage Peak Current,Clean
BP,BP_RES_DP_AT_LF_DEP,kohm.m,Dep - Resistivity - Deep - Attenuation - Low Frequency,Clean
Schlumberger,EHD1_PPC1,m,PPC1 Enhanced Hole Diameter 1 (ellipse-based algorithm),Clean
Schlumberger,PHASE_NEAR_RT,rad,"Phase Measurement at a Near Receiver, Real Time",Clean
Baker Hughes Inteq,ZDLLSP2,Hz,"SOFT,SFT2,HRD1,HRD2 in channels 0-255, long space detector",Clean
Halliburton Logging,UFM_ALT_Time_Peaks,ms,Time Peaks,Clean
Schlumberger,DPAP21_1DF_DISPLAY,rad,3D Induction 1D Inversion Filtered Apparent Dip Magnitude from 21 inch Array (modified to display tadpoles less frequently),Clean
Halliburton Logging,UMP_ALT_PL_Time,us,Pick Time Reflected Shear,Clean
Schlumberger,RLS4,MHz,Raw Long Spacing Window 4 Count Rate,Clean
Schlumberger,OLTTMAP_DH_ECO_RT,s,"Leak Off Test, Time of Maximum Pressure of 4 Cycles, Real-Time, Computed Downhole",Mnemonic typographical error
Halliburton Logging,EP0P1Temp,K,EP0P1 Probe Temperature,Clean
Schlumberger,PKSL_TA_FT,s/m,"STC Peak Slowness, Transmitter Array - Far Transmitter",Clean
Schlumberger,IT90,A,"Deep Total Current, 90 degree",Clean
Baker Hughes Inteq,TRADS,in,Second tool Tool radius,Clean
Halliburton Logging,BHCR12K06ZZ,mS/m,Bore Hole Correction R12K 06In Z Trans/ Z Recv,Clean
BP,BP_RHOBA_DEP_5,kg/m3,Dep - Bulk Density - Azimuthal - Sector5,Clean
Baker Hughes Inteq,MBVIA5,ppm,Fifth T2 bulk volume irreducible,Clean
Baker Hughes Inteq,ZDR1B,Gohm,Frequency 2 pad 1 resistance,Clean
Baker Hughes Inteq,ZI4AUS,Eohm,Freq 1 pad 4 capacitive part of complex formation impedance,Clean
Halliburton Logging,TMLC,us,Travel velocity based on m/l rcvrs from compensated.,Clean
Halliburton Logging,TEMP_FLUID_COR,degF,Formation Fluid Temperature Corrected,Clean
Baker Hughes Inteq,Initial Draw Down Pr. 3,kPa,Initial Draw Down Pr. 3 - Real-time,Clean
Baker Hughes Inteq,P2HS,dega,Phase difference,Clean
Schlumberger,B2PU,Hz,AGS Detector 2 Coincidence Pile-up Countrate,Clean
Halliburton Logging,OVPR,m,Equivalent Oval Pad Probe Snorkel Radius,Clean
Schlumberger,AT_DTE1_F1_HR_SIG,B,Uncertainty of High Resolution Frequency 1Transverse Electric Attenuation,Clean
Baker Hughes Inteq,STGV,uV,Guard voltage (true),Clean
Baker Hughes Inteq,FL58,uT,FL CHANNEL 58,Clean
Halliburton Logging,P3V2,mV,3V Li Battery 2 Voltage.,Clean
Baker Hughes Inteq,"COPECDR	",lbm/ft3,ECD Downhole Pressure - Memory,Mnemonic boundary whitespace
Schlumberger,SFTRH,kPa,MRSF Raw Inflate Pressure,Clean
Schlumberger,POFR,m3/h,MRPO Flow Rate,Clean
Schlumberger,SPT_3,kPa,Signal Pressure Transducer 3,Clean
Baker Hughes Inteq,FLR10,mT,FLR_10,Clean
Baker Hughes Inteq,ID14,m,Dia. 14,Clean
Halliburton Logging,FM_Slowness_Peaks,us,Slowness Peaks,Clean
Halliburton Logging,UFM_Delta-T,us,UFM Sonic Delta-T,Clean
Schlumberger,ETH_CGA3_DL,kg/m3,CGA3 C2-C5 Partial Density (Depth Logging),Clean
Baker Hughes Intq,ETWS,s,Delta elapsed time from WGI (2nd tool),Service-company spelling error
Baker Hughes Inteq,SRA7X,ohm.cm,Electrical Image - Sector 7 - Real-time,Clean
Schlumberger,SOIPRES_PA3​,bar,MRPA 3 SOI Pressure,Mnemonic boundary invisible character
Baker Hughes Intq,NEUMX,kHz,Neutron maximum,Service-company spelling error
Baker Hughes Inteq,MCSB,MHz,MCS spectrum background count rate,Clean
Pason,SPP_THRESHOLD,bar,SPP Threshold,Clean
Halliburton Logging,PHST,kPa,Hydrostatic Pressure,Clean
Baker Hughes Inteq,MBHR1,ohm.cm,Borehole resistivity coil 1,Clean
Schlumberger,SOIRPRES_SR2,N/m²,MRSR 2 SOI Raw Pressure,Unicode power notation in unit
Baker Hughes Inteq,FL67,uT,FL CHANNEL 67,Clean
Baker Hughes Inteq,FLC34,uT,FLC_34,Clean
Halliburton Logging,EPS3QTempStabP2,deltaC/h,EPS3 Quartz Temperature Stability Probe 2,Clean
Halliburton Logging,EP0P1Depth,ft,EP0P1 Depth Probe,Clean
Schlumberger,CBDN,g/cm3,Bulk Density from Core,Clean
Baker Hughes Inteq,FL86,mT,FL CHANNEL 86,Clean
Schlumberger,AT_DLG1_F2_HR_SIG,B,Uncertainty of High Resolution Frequency 2Longitudinal Spacing 1 Attenuation,Clean
Schlumberger,RD6,in,Radius 6,Clean
Halliburton Logging,BHCR60K17YX,kS/m,Bore Hole Correction R60K 17In Y Trans/ X Recv,Clean
Baker Hughes Inteq,XVTD,mV,Power supply +15V DC,Clean
Schlumberger,DCCO,B/m,Compressional differential coupling,Clean
Schlumberger,ASOSHI,Euc,Array Induction One Foot Radial Hydrocarbon Saturation Image,Clean
Halliburton Logging,FE23,ohm.m,DIFF DIELECTRIC CONST 12 17 CM,Clean
Schlumberger,TT2,s,Transit Time 2,Clean
BP,BP_PRESS_CMT_1,N/m²,Pressure - Cement Pump #1,Unicode power notation in unit
Baker Hughes Inteq,WID6,mV,"Pad 6 average data of buttons 11, 12, 13, 14",Clean
Schlumberger,BFEF_05,uA,"Far Effective Beam Current, pass 05",Mnemonic typographical error
Halliburton Logging,SACV,mV,Surface AC Volts,Clean
Baker Hughes Inteq,R45,Ft[BnB],Multi-arm_data - Feeler 45 radius,Unit-symbol case error
Baker Hughes Inteq,SRA055M,ohm.m,Electrical Image - Sector 55 - Memory,Clean
Baker Hughes Inteq,ID21,m,Dia. 21,Clean
Baker Hughes Inteq,FL87,mT,FL CHANNEL 87,Clean
BP,BP_GAS_ADV_C1,%,Methane (C1) - Advanced service,Clean
Schlumberger,T1T1,s,"STC Peak Time, Transmitter Array - Lower Dipole",Clean
Baker Hughes Inteq,DZR1AS,ohm.m,Freq A pad 1 dynamic real resistivity of formation impedance,Clean
Schlumberger,DIA4,in,FTGT Diameter 4,Clean
Schlumberger,PBQP_TL,µpsi,PBMS Corrected CQG Pressure,Unicode micro prefix in unit
Halliburton Logging,HydrostaticPress,psi,Hydrostatic Pressure,Clean
Schlumberger,VIB_LAT_DH_ECO_RT,gn,"Transverse (Lateral) RMS Vibration, Real-Time, Computed Downhole",Clean
Baker Hughes Inteq,FLR13,µgauss,FLR_13,Unicode micro prefix in unit
Halliburton Logging,LOG3,us,Logarithmic Mean 3,Clean
Baker Hughes Inteq,BPUD3P,MHz,Peak user input band pass filter 3,Clean
Baker Hughes Inteq,c15M,m,Sectional caliper 15,Mnemonic case error
Schlumberger,DPAP_LB_ZDB,cgr,3D Induction Best Zero-D Inversion Apparent Dip Magnitude Lower Bound,Clean
Halliburton Loggig,AMLU,dB/m,Wave attenuation based on m/l rcvrs from Upper xmtr.,Service-company spelling error
Schlumberger,PS_DTR4_F2_HR,rad,High Resolution Frequency 2 Transverse Spacing 4 Phase Shift,Clean
Halliburton Logging,SEL_CONT_FIT,Euc,Selected Contamination Fit,Clean
Baker Hughes Inteq,SRA8X,ohm.cm,Electrical Image - Sector 8 - Real-time,Clean
Halliburton Logging,TrueAzimuth36k17,rad,"True Dip Azimuth 36k 17""",Clean
Baker Hughes Inteq,DIS8,mT,DIS CHANNEL 8,Clean
Schlumberger,MOBILITY_PLUS_UNCERTAINTY,mD.ft²/(lbf.s),"Mobility Uncertainty Bar (+); that is, Mobility Plus Uncertainty",Unicode power notation in unit
Halliburton Logging,MDC2,F,Maximum - Minimum Difference Capacitance 2,Clean
Schlumberger,SPARE_TEMP,K,Spare temperature measurement,Clean
Halliburton Logging,SED1,ohm.m,Skin Effect Corrections D1,Clean
Schlumberger,SOITEMP_PA1,degC,MRPA 1 SOI Temperature,Clean
Schlumberger,RODRTEMP_IFA2,degF,IFA 2 DV-Rod Raw Temperature,Clean
Schlumberger,SLS_DWOB,N,Downhole Weight on bit measured by MWD tool,Clean
Schlumberger,IR1,ft,Internal Radius 1,Clean
Halliburton Logging,BHCR72K80ZY,S/m,Bore Hole Correction R72K 80In Z Trans/ Y Recv,Clean
Baker Hughes Inteq,ETG2,us,Delta elapsed time from GXPL,Clean
Schlumberger,SXO_DTR4_XP,Euc,Transverse Differential Spacing 4 SXO Express,Clean
Schlumberger,PEF_ACTS_HR,us,High Resolution Short Spacing PEF Acquisition Time,Clean
Halliburton Logging,BDip72k17,cgr,"Borehole Dip 72k 17""",Clean
Halliburton Logging,DEVL,dega,Inclination Lower Pads,Clean
Halliburton Logging,LIVEDENSITY,g/cm3,Live Density,Clean
Schlumberger,AT_DLG3_F3_HR_SIG,B,Uncertainty of High Resolution Frequency 3Longitudinal Spacing 3 Attenuation,Clean
Baker Hughes Inteq,rACSHM,ohm.m,Resistivity - Attenuation - Corrected - Short Spaced - 2 MHz - Memory,Mnemonic case error
Schlumberger,MTRCUR,mA,Motor Current,Clean
Halliburton Logging,EP0PtPressCorr,psi,EP0 Pretest Pressure Corrected,Clean
Halliburton Logging,TWNM,us,Normalization of TCAL Waveform mode,Clean
Schlumberger,IR35,in,Internal Radius 35,Clean
Halliburton Logging,FVS,ms,Flow Vel. From Spectra,Clean
Schlumberger,EOU_MAJOR_AXIS_AZIM,dega,The Azimuth of the Major Axis with respect to North,Clean
Baker Hughes Inteq,MNR3B,ohm.m,Pad 3 frequency B minimum button resistivity,Clean
Schlumberger,SNBL,kHz,"Neutron Short Spacing Burst Count Rate, Left",Clean
Baker Hughes Inteq,DIS23,T,DIS CHANNEL 23,Clean
Schlumberger,SPDC_AFA3,uV,AFA3 Spectrometer Dark Calibration Data,Clean
Baker Hughes Inteq,PORPL,Euc,Porosity from computed grain density,Clean
Schlumberger,PCAL_28H,in,ARC Phase Caliper 28 inch,Clean
Schlumberger,PDINCL,cgr,PowerDrive Downhole Computed Continuous Inclination,Clean
Schlumberger,DPAA_UB_ZD5,rad,3D Induction Group 5 Zero-D Inversion Apparent Dip Azimuth Upper Bound,Clean
Halliburton Logging,UFMP_ALT_ST_Freq,kHz,Pick Frequency,Clean
Schlumberger,SXOT,Euc,Total Flushed Zone Water Saturation,Clean
Schlumberger,KTIM_VHR,mD,Very High Resolution Permeability computed using Timur/Coates model,Clean
Halliburton Logging,QPM1,bar,Quartz Mid Probe Pressure 1 Dps,Clean
Baker Hughes Inteq,aDSA11M,lbm/ft3,Azimuthal Density - Short Space - Apparent - Sector 11 - Memory,Mnemonic case error
Schlumberger,DTSC,h/km,Delta-T Short Spacing Compressional,Clean
Baker Hughes Inteq,CAL1S,30 M,Diameter from pad 1 and its opposite,Unit-symbol case error
Schlumberger,TAB_RES_BIT,s,Bit Resistivity Time After Bit,Clean
Baker Hughes Inteq,PD6B,ohm.cm,Pad 6 frequency B average of two center button resistivities,Mnemonic typographical error
Baker Hughes Inteq,PDER,us,Time Since Drilled from MPR Phase Difference,Clean
Baker Hughes Inteq,FL38,mT,FL CHANNEL 38,Clean
Schlumberger,RV_UB_ZDB,kohm.m,3D Induction Best Zero-D Inversion Vertical Resistivity Upper Bound,Clean
Baker Hughes Inteq,CHAD,in,Characteristic caliper diameter,Clean
Halliburton Logging,HO40,kohm.m,HRI Deep Resistivity 40 Inch 1 Ft.,Clean
Baker Hughes Inteq,HMRPM,rpm,MPC hydraulic motor RPM,Clean
Schlumberger,LLG,ohm.m,Laterolog Groningen Resistivity,Clean
Schlumberger,BZPH_F2_D,dega,"Impedance of Buttons, Phase, Frequency 2, Pad D",Mnemonic typographical error
Pason,PRAP,bar,tgs Rig Air Pressure,Clean
Baker Hughes Inteq,CMV,V,Cablehead motor voltage,Clean
Pason,NORBUTANE_C4,%,chr Nor-Butane NC4,Clean
Baker Hughes Inteq,AMD3F5,uV,Raw data amplitude T3 frequency 5 (in dB/V),Clean
Halliburton Logging,ST_UM_Hole_Size,in,Measured Hole Diameter,Clean
Halliburton Logging,AZIU,cgr,PAD1 Azimuth Upper Pads,Clean
Schlumberger,SOIPRES_PA2,kPa,MRPA 2 SOI Pressure,Clean
Halliburton Logging,EP2P1Depth⁠,m,EP2P1 Depth Probe,Mnemonic boundary invisible character
Halliburton Logging,C2M4,mA,Survey Current #2 Magnitude - Pad 4,Clean
Schlumberger,HITRT,kohm.m,HITA Two Foot Rt,Clean
Schlumberger,P2UP,cgr,"Phase at Receiver 2, Sub Up Measurement",Clean
Halliburton Logging,XY_FHA,mV,Pre Firing Voltage,Clean
Halliburton Logging,LMP_ALT_Comp_DT,ms,Sonic Delta-T,Clean
Baker Hughes Inteq,ZR5AUS,Eohm,Second tool Frequency 1 pad 5 resistance,Clean
Halliburton Logging,PPSI,bar,Previous Shut-In Pressure,Clean
Baker Hughes Inteq,DAZOD,dega,Deviation azimuth,Clean
Baker Hughes Inteq,NBVIBTMINM⁠,Gal,Near Bit Tangential Vibration Minimum - Memory,Mnemonic boundary invisible character
Baker Hughes Inteq,TSMAG,ms,Time since magnet reached temperature target,Clean
Baker Hughes Inteq,PO13A3,ppm,Third T2 accumulated partial porosity sum,Clean
BP,BP_PRESS_SPP_AVG,kPa,Pressure - Standpipe,Clean
Baker Hughes Inteq,DD_PRESS_MOD_0001,psi,Drawdown Pressure Mod 0001 - Memory,Clean
Schlumberger,LFV1,mV,Logging Fluid Voltage 1 (RA1 - RB1),Clean
Schlumberger,B3TR_DL,degF,MRPS 3 Resistivity Cell Temperature,Clean
Halliburton Logging,AZP6,rad,Azimuth Corrected Pads 6,Clean
Schlumbergr,SHKA_RAB_RT,MHz,Real-Time axial shock frequency,Service-company spelling error
Schlumberger,RVN2,v,N Potential Difference in Step 2,Unit-symbol case error
BP,bP_GAS_C4_ISO_DEP,%,Dep - Iso-Butane (IC4),Mnemonic case error
Baker Hughes Inteq,DOCB,in,Depth offset of CBIL from orientation tool,Clean
BP,BP_PRESS_CHOKE_RIG,psi,Pressure - Choke Line (Rig),Clean
Schlumberger,TRIVFIREF21,S/m,3D Induction 21 Inch Array Vertical Fracture Indicator Reference,Clean
Pason,P2D,µm,Porosity 2 Depth,Unicode micro prefix in unit
Baker Hughes Inteq,pO3B3,%,Third BVI accumulated partial porosity sum,Mnemonic case error
Baker Hughes Intq,BRAM,ohm.m,At - Bit Resistivity - Memory,Service-company spelling error
Baker Hughes Inteq,FMTR,Hz,Spinner count rate difference,Clean
Halliburton Logging,EFCA​,Hz,Far Count Rate EVR,Mnemonic boundary invisible character
Schlumberger,T1LM_SF2_SH8,ta[t],Logarithmic Mean of Special Fluid 2 T1 Distribution for Shell 8,Unit-symbol case error
Schlumberger,AZECEXT_RF,dega,Azimuth of Unflagged Data External Eccentering,Clean
Baker Hughes Inteq,APH3BS,cgr,Pad 3 frequency B average phase over pad buttons (2nd),Clean
Baker Hughes Inteq,SPEED FT/MIN,m/h,CABLE SPEED,Clean
Halliburton Logging,LNIN,Hz,Far Net Inel Count Rate,Clean
Schlumberger,FL_PRES_S,kPa,Secondary Gauge Flowline pressure,Clean
Halliburton Logging,BHCR72K17XZ,mS/m,Bore Hole Correction R72K 17In X Trans/ Z Recv,Clean
Halliburton Logging,"HHPS﻿",psi,HPS Hydraulic Pressure,Mnemonic boundary invisible character
Halliburton Logging,EP1P2QPressCor,bar,EP1P2 Quartz Probe Pressure Corrected,Clean
Baker Hughes Inteq,FLC17,mT,FLC_17,Clean
Baker Hughes Inteq,WFAL,Ug/mg,Weight fraction of aluminum in dry rock,Unit-symbol case error
Halliburton Logging,EFDS,MHz,Far Detector Telemetry Counts EVR,Clean
Schlumberger,4A0H_COND,S/m,Attenuation Conductivity 40 inch Spacing at 2 MHz,Mnemonic typographical error
Baker Hughes Inteq,DIS29,mT,DIS CHANNEL 29,Clean
Baker Hughes Inteq,BDC1,V,"Background DC level, SS detector",Clean
Baker Hughes Inteq,GE1L,NHz,Long space early gate 1 count rate,Unit-symbol case error
Halliburton Logging,YDT2,s,Y Dipole Peak Slowness filtered,Clean
Baker Hughes Inteq,LS28V,mV,"+28V input, long space",Clean
Schlumberger,RAX,Gal,Raw Acceleration X-Axis,Clean
Halliburton Logging,TrueDip60k29,rad,"True Formation Dip 60k 29""",Clean
Halliburton Logging,TC,kHz,Total Counts,Clean
Schlumberger,CE_TT8_3FT_MIN,s,Transit Time 3FT Minimum Waveform Array 8 Monopole Lower High Frequency for Cement Evaluation,Clean
Schlumberger,DIP,rad,Dip Angle,Clean
Baker Hughes Inteq,C08M,ft,Sectional caliper 8,Clean
Schlumberger,FRO_UHR,kHz,Frequency Offset from Ringdown for Upper High-Resolution Antenna - Average over All Measurements in Full Acquisition Cycle,Clean
Schlumberger,CCTE,degC,Temperature,Clean
Schlumberger,ACZP_SL,s,Acceleration Z Period,Clean
Halliburton Logging,FMP_ALT_PL_Time,ms,Pick Time Reflected Shear,Clean
Pason,PASON_LAGCALC,ft,Pason Lag Calc,Clean
Schlumberger,RSNTA,MHz,"Raw Neutron Short Spacing Tau Count Rate, Average",Clean
Baker Hughes Inteq,HKLD_MAX,kgf,Hookload- Maximum,Clean
Baker Hughes Inteq,DIS63,T,DIS CHANNEL 63,Clean
Schlumberger,Z_C,Gohm,"Injection Impedance, Pad C",Clean
Halliburton Logging,ePS3QPresStabP2,Pa/s,EPS3 Quartz Pressure Stability Probe 2,Mnemonic case error
Halliburton Logging,FDEC,Hz,Far Density Calibrated,Clean
Schlumberger,MLMN,ohm.cm,Micro Normal Resistivity,Clean
Pason,HOLE_DIAM,ft,Hole Diameter,Clean
Halliburton Logging,BHCR60K17XZ,S/m,Bore Hole Correction R60K 17In X Trans/ Z Recv,Clean
Schlumberger,RV_HL_UB_ZD2​,ohm.m,3D Induction Group 2 Zero-D Inversion Vertical Resistivity High Likelihood Upper Bound,Mnemonic boundary invisible character
Schlumberger,RSCN_12,MHz,"Near Effective Capture Count Rate, pass 12",Clean
BP,BP_WOB_AVG_MUD,N,Weight on Bit (Mudlogger),Clean
Schlumberger,RES_SLIM1_RAW,nohm.mm²/m,Raw Short Normal Resistivity,Unicode power notation in unit
Pason,N2R,m3/h,N2 Rate,Clean
Schlumberger,ADHV,uV,Array Detectors Measured High Voltage,Clean
Halliburton Logging,HRAD,ft,Hole Radius,Clean
Baker Hughes Inteq,DAZZ,Seca,Deviation azimuth for ZDL,Unit-symbol case error
Schlumberger,APP_DTMD,s/m,Apparent Mud Slowness,Clean
Baker Hughes Inteq,FEC2,Hz,Iron capture indicator (far detector),Clean
Schlumberger,T1L8_SH4,ms,T1 Logarithmic Mean of Bin 8 for Shell 4,Clean
Schlumberger,"  TBD2_RCAL",ft,Thrubit Density Raw Caliper,Mnemonic boundary whitespace
Baker Hughes Inteq,AROL,dega,Accelerometer derived roll angle,Clean
Schlumberger,F1TD,MHz,Far Gate 1,Clean
Baker Hughes Inteq,M2CC3,kS/m,"HDIL 2-foot resolution compressed conductivity, 30-inch DOI",Clean
Halliburton Logging,QP1⁠,bar,Quartz Probe1 Pressure Dps,Mnemonic boundary invisible character
Baker Hughes Inteq,FL73,mT,FL CHANNEL 73,Clean
Baker Hughes Inteq,SRA096M,ohm.cm,Electrical Image - Sector 96 - Memory,Clean
Schlumberger,ZVB1,uV,"upper bridle Voltage in Mode 1, in phase",Clean
Halliburton Logging,EHDR,mx,Cast Effective Head radius Transducer location,Unit-symbol typographical error
Halliburton Logging,CO01,kS/m,10 in Radial Conductivity 1ft,Clean
Baker Hughes Inteq,QA3X,mgn,Magnitude of accelerometer vector for 3DeX,Clean
Schlumberger,PT_BSG2_MUD_PRESS,μpsi,Pretest Mud Pressure from MDT Single Probe 2 Strain Gauge (BSG2),Unicode micro prefix in unit
Schlumberger,SOIRPRES_PS3DL,bar,MRPS 3 SOI Raw Pressure,Clean
Schlumbergr,RV_LL_UB_ZDB,kohm.m,3D Induction Best Zero-D Inversion Vertical Resistivity Low Likelihood Upper Bound,Service-company spelling error
BP,BP_TQ_SURF_AVG_RIG,EJ,Torque - Surface (Rig),Clean
Schlumberger,AFRI,ohm.cm,Array Induction Four Foot Radial Resistivity Image,Clean
Baker Hughes Inteq,rDEMO,kohm.m,Resistivity med xmtrs outer rcvrs all frequencies,Mnemonic case error
Schlumberger,STATUS1T,m3/h,Status Flag One Time Stamp,Mnemonic-unit semantic mismatch
Schlumberger,S1T_YD,s/m,"STC Peak Slowness, Transmitter Array - Y Dipole",Clean
Baker Hughes Inteq,PDCSS2,%,Corrected porosity for sandstone matrix (2nd tool),Clean
Baker Hughes Inteq,ETIME,us,Elapsed time,Clean
Schlumberger,1BTV_DL,degC,MRPS 1 Strain Gauge Temperature,Mnemonic typographical error
Schlumberger,TIME_TPJ_IMLX,us,Time Index Channel of Time Projection for Imaging Monopole Lower Transmitter Custom Frequency Firing,Clean
Baker Hughes Intq,FLC32,T,FLC_32,Service-company spelling error
Baker Hughes Inteq,TS13FO,ms,Time since reaching max temperature for outside flask sensor,Clean
Schlumberger,"  TOP_UCSV_MOD",uV,Top Step Upper Casing Segment Voltage Complex Module,Mnemonic boundary whitespace
Halliburton Logging,UFMP_ALT_Comp_Time,s,Pick Time,Clean
Schlumberger,T1LM_GAS_SH2,us,Logarithmic Mean of Gas T1 Distribution for Shell 2,Clean
Pason,CIRH,s,Circulating Hours,Clean
Pason,SDEN,kg/m3,Slurry Density,Clean
Schlumberger,IUQC,mA,"Upper electrode Injected Current Quadrature, Pad C",Clean
Schlumberger,A40B_COND,mS/m,Blended Attenuation Conductivity 40 inch,Clean
Schlumberger,"OUAY	",Gal,Acceleration on Y Axis Offset Uncorrected,Mnemonic boundary whitespace
Halliburton Logging,TBP5,uV,Transmitter B Pad 5 - Used for Calibration,Clean
Halliburton Logging,TAP3,V,Transmitter A Pad 3 - Used for Calibration,Clean
Baker Hughes Inteq,"SQRRX	",ohm.m,Electrical Image - Resistivity Right - Real-time,Mnemonic boundary whitespace
Schlumberger,WTT5,s,Waveform transit time transducer 5,Clean
BP,BP_RES_USH_PH_HF_DEP,kohm.m,Dep - Resistivity - UltraShallow - Phase - High Frequency,Clean
Baker Hughes Inteq,ZI1BU,ohm,Freq 2 pad 1 capacitive part of complex formation impedance,Clean
Schlumberger,SHK_AMPL,gn,Shock Amplitude,Clean
Schlumberger,RV15_ML_U_1DF,ohm.m²/m,3D Induction 1D Inversion Vertical Filtered Resistivity Mid Likelihood Upper Bound from 15 inch Array,Unicode power notation in unit
Halliburton Logging,DXOIN,ft,Invasion Diameter for invaded solution,Clean
Schlumberger,HRPRES,psi,Raw Hydraulic Pressure,Mnemonic typographical error
Baker Atlas,CRGD,kS/m,enhanced processing deep conductivity,Clean
Baker Hughes Inteq,PZCDL,Euc,Corrected porosity for dolomite matrix,Clean
Schlumberger,QGTF_PUCS2,Hz,CQG Temperature Frequency,Clean
Schlumberger,P22B_COND,kS/m,Blended Phase-Shift Conductivity 22 inch,Clean
Halliburton Logging,12kRH50,ohm.m,12k Rh 50 inch for the MCIV1D,Clean
Baker Hughes Inteq,PZLS2,m³/m³,Porosity for limestone matrix (2nd tool),Unicode power notation in unit
Halliburton Logging,RPR,L/min,Requested Pump Rate,Clean
Baker Hughes Inteq,TS42F2,μs,Time since reaching max temperature for inside flask sensor,Unicode micro prefix in unit
Schlumberger,ASFCO90,S/m,Array Induction Four Foot Conductivity A90,Clean
Schlumberger,"DPAZ21_1DF	",rad,3D Induction 1D Inversion Filtered True Dip Azimuth from 21 inch Array,Mnemonic boundary whitespace
Schlumberger,YRA1,ohm.cm,HRLA Shallow Resistivity From Computed Focusing Mode 1,Clean
Halliburton Logging,"AZIDIP36k80﻿",rad,"Borehole Dip Azimuth 36k 80""",Mnemonic boundary invisible character
Baker Hughes Inteq,DIS5,uT,DIS CHANNEL 5,Clean
Baker Hughes Inteq,SBVIA3,ppm,Third T2 weighted sum of partial porosities for BVI,Clean
BP,BP_RES_USH_AT_LF_DEP,kohm.m,Dep - Resistivity - UltraShallow - Attenuation - Low Frequency,Clean
Pason,AD_BRAKEPOS,ft,AutoDriller Brake Pos,Clean
Schlumberger,DPA1_RAB_RT,cgr,"Apparent Dip Azimuth - Tool, Real-Time",Clean
Baker Hughes Inteq,PO3A4,Euc,Fourth T2 accumulated partial porosity sum,Clean
Halliburton Logging,EP2P2QPressCor,psi,EP2P2 Quartz Probe Pressure Corrected,Clean
Schlumberger,SFTEMP,degC,SCTT Secondary Formation Temperature,Clean
Schlumberger,VAQB,mV,"Injection Applied Voltage Quadrature, Pad B",Clean
Schlumberger,PFC13_SL,m,"1st GHOST Caliper, if 2 other probe tools are present - Station log",Clean
Baker Hughes Inteq,P2,%,MR partial porosity for bin 2,Clean
Schlumberger,RES_BM1,ohm.m²/m,"Resistivity Medium, Octant 1",Unicode power notation in unit
Baker Hughes Inteq,T08FO,ms,Time remaining until max temperature outside flask sensor,Clean
Schlumbergr,KN2T,MHz,TDTM->TDTK Near Gate 2 Countrate,Service-company spelling error
Baker Hughes Inteq,AMFV,µV,Amplitude (mV) T1R1 (far) for CBL,Unicode micro prefix in unit
Schlumberger,IR57,ft,Internal Radius 57,Clean
Halliburton Loggig,UMP_PL_Freq,Hz,Pick Frequency 2,Service-company spelling error
Halliburton Logging,HBCR12K29YZ,S/m,Bore Hole Correction R12K 29In Y Trans/ Z Recv,Mnemonic typographical error
Baker Hughes Inteq,FING74,ft,Finger 74 readings,Clean
Halliburton Logging,PMI,uA,PhotoMultiplier Current,Clean
BP,BP_PITVOL_RES_TOTAL,bbl,Tank Volume - Reserve Volumes Total,Clean
Halliburton Logging,TVD EPS3 Depth Probe 1,m,TVD EPS3 Depth Probe 1,Clean
Baker Hughes Inteq,P5BTN,kohm.m,Packed pad 5 block (buttons 1-24),Clean
Schlumberger,IMSA,rpm,Speed of motor drive shaft,Clean
Halliburton Logging,YDP_ALT_YY_Time,s,Pick Time,Clean
BP,BP_CALIPER_DEP,ft,Dep - Caliper,Clean
Baker Hughes Inteq,DRATA50X,ohm.cm,Resistivity - Attenuation - Apparent - 50 kHz - Real-time,Clean
Schlumberger,PS_DLG1_F1,dega,Frequency 1 Longitudinal Spacing 1 Phase Shift,Clean
BP,BP_BLK_POS,ft,Block Position,Clean
Baker Hughes Inteq,DEVDP,rad,Deviation at HDIP positon,Clean
Schlumberger,SSAT_SLDT_HR,ms,SLDT/QLDT High Resolution Short Spacing Acquisition Time,Clean
Schlumberger,P1NO_ALAT,dega,"Pad 1 Azimuth in Plane Orthogonal to Tool Axis (0 = True North), memorized to ALAT",Clean
Schlumberger,T1CUTOFF,ms,T1 Cutoff,Clean
Halliburton Logging,ST_FHB,mV,Post Firing Voltage,Clean
Schlumberger,CP_HY_B4_RAW,bar,Phase C Hydrostatic Pressure before Test - Uncorrected,Clean
BP,PB_H2S7_RIG,%,H2S (Rig) Sensor 7,Mnemonic typographical error
Schlumberger,DPAA54_UB_1DN,0.001 Seca,3D Induction 1D Inversion Apparent Dip Azimuth Ref. North Upper Bound from 54 inch Array,Unit-symbol case error
Schlumberger,ECAL_RAB,in,Electrical Caliper Computed from RAB Resistivities,Clean
Pason,FDEN,kg/m3,Formation Density,Clean
Schlumberger,T1LM_SH4,s,Logarithmic Mean of T1 Distribution for Shell 4,Clean
Halliburton Logging,C25,ft,Four Arm Caliper arms 2 & 5,Clean
Schlumberger,AHFPR,kohm.m,Array Induction Four Foot Radial Resistivity Profile,Clean
Baker Hughes Inteq,BHTA5,mV,Reflectance peak volts,Clean
Schlumberger,SS1SMSGT_DL,degF,MRSS 1 MRSM SG Temperature,Clean
Schlumberger,CTT2,s,"CSAT transit time, 2",Clean
Schlumberger,JPB3,m,MJET Leg OD at Potentiometer B3,Clean
BP,BP_MUD_MFI_GL,m3/d,Flow In - Mud (GainLoss Service),Clean
Baker Hughes Inteq,FL54,uT,FL CHANNEL 54,Clean
Baker Hughes Inteq,CDELI,kS/m,Conductivity long xmtrs inner rcvrs all frequencies,Clean
Baker Hughes Inteq,M0C9,S/m,"Focused conductivity, 90-inch DOI",Clean
Schlumberger,IQ11,uA,"Current, Azimuth 11, 90 degree",Clean
Baker Hughes Inteq,AUXPF,bar,"Auxiliary pressure, bit load",Clean
Pason,RESISTIVITY2_LAGCALC,in,Resistivity 2 Lag Calc,Clean
Schlumberger,DPTR39_UB_1DF,cgr,3D Induction 1D Inversion Filtered True Dip Magnitude Upper Bound from 39 inch Array,Clean
Baker Hughes Inteq,DIS49,T,DIS CHANNEL 49,Clean
Schlumberger,PAIV,bbl,MRPA Inflation Volume,Clean
Halliburton Logging,CO03,S/m,30 in Radial Conductivity 1ft,Clean
Halliburton Logging,DHTN,kgf,DownholeTension,Clean
Baker Hughes Inteq,CHVIN,V,"Cablehead voltage, INTeX DC voltage",Clean
BP,BP_CMT_FI_AVG,m3/h,Flow In - Cement,Clean
Schlumberger,OVRL,Hz,Long Spacing Overflow Countrate,Clean
Halliburton Logging,YDP_YX_Freq,Hz,Pick Frequency,Clean
Schlumberger,P3AZ,dega,Pad 3 Azimuth,Clean
Halliburton Logging,TrueDip60k50,µrad,"True Formation Dip 60k 50""",Unicode micro prefix in unit
Baker Hughes Inteq,IFMP,Eohm,Impedance,Mnemonic typographical error
Halliburton Logging,EP1Compress,MHz,EP1 Compresibility,Mnemonic-unit semantic mismatch
Pason,CAHTT,degF,GA Heat Trace Temp,Clean
Schlumberger,SS2SMSGP,bar,MRSS 2 MRSM SG Pressure,Clean
Schlumberger,CRVP_15_0,ms/m,Compressional Radial Variation Profile at 15 Inch Radial Depth from Borehole Surface,Clean
Schlumberger,PKSL1,h/km,Peak Slowness for STC for Measurement 1,Clean
Halliburton Logging,BHCR12K80ZZ,Sk/m,Bore Hole Correction R12K 80In Z Trans/ Z Recv,Unit-symbol typographical error
Schlumberger,SOITEMP_PS1DL,K,MRPS 1 SOI Temperature,Clean
Baker Hughes Inteq,FLC47,uT,FLC_47,Clean
Baker Atlas,SCRD,Euc,shear to compressional slowness ratio from first picks,Clean
Halliburton Logging,QRNIR3,kohm.m,Reconstructed apparent resistivity of mode3 noninvaded solution,Clean
Halliburton Logging,NULU,cgr,Dphase frm diff. phase&ampl from RXU & RXL rcvrs TXU Working,Clean
Halliburton Logging,HorizResist17,kohm.m,"Horizontal Resistivity 17""",Clean
Baker Hughes Inteq,ABDC3M,lbm/ft3,Azimuthal Bulk Density - Compensated - Sector 3 - Memory,Clean
Schlumberger,HET,degF,Electronic Temperature,Clean
Baker Hughes Inteq,SPDN8A,MHz,Spinner down revolutions per second,Clean
BP,"BP_PITVOL_RES6	",m3,Tank Volume - Reserve 6,Mnemonic boundary whitespace
Baker Hughes Inteq,AGNXY2,dB,Acoustic averaged receiver gain,Clean
Schlumberger,RI,m,Radius of Invasion,Clean
Baker Hughes Inteq,CLSR,kHz,CLS reduced by ISSD quadratic fit,Clean
Halliburton Logging,T2_LOG_MEAN,D,Mril Log Mean Permeability from T2Dist,Clean
Halliburton Logging,BHCR84K50YZ,mS/m,Bore Hole Correction R84K 50In Y Trans/ Z Recv,Clean
Schlumberger,RES_BS_RG_RAW,ohm.m,"Raw Shallow Button Resistivity, Right",Clean
Halliburton Logging,RVHRes72k17,kohm.m,"Vertical Restivity 17"" / Horizontal Restivity 17"" 72k",Clean
Halliburton Logging,36kSK80,cgr,36k Strike 80 inch for the MCIV1D,Clean
Schlumberger,DTIME_10,ms,Delta Time From Transient 10 Start,Clean
Halliburton Logging,"  E_CONT_MN_CP1",ppm,Estimated Contamination Minimum Capacitance 1,Mnemonic boundary whitespace
Baker Hughes Inteq,PERIOD,s,Sample period,Clean
Schlumberger,AWN1,Hz,"ACT Window 1, .150 - .5 MeV",Clean
Baker Hughes Inteq,WFMG,ppm,Weight fraction of magnesium in dry rock,Clean
Halliburton Logging,HI_CONT_DATA,%,Hydrogen Index Contamination Data,Clean
Halliburton Logging,Inclination,cgr,Inclination,Clean
Baker Hughes Inteq,DD_PRESS_MOD_100⁠,kPa,Drawdown Pressure Mod 100 - Memory,Mnemonic boundary invisible character
Baker Hughes Inteq,5E3V,V,Plus 5.3V,Mnemonic typographical error
Halliburton Logging,DP1P1SpherMob,D/(Pa.s),DP1P1 Spherical Mobility,Clean
Schlumberger,PGDP_SL,bar,PGMC Corrected Differential Pressure,Clean
Baker Hughes Inteq,MNR6B,ohm.cm,Pad 6 frequency B minimum button resistivity,Clean
Halliburton Logging,XDP_PL_DT,s,Sonic Delta-T Reflected Shear,Clean
Schlumberger,T2CUTOFF_ANT2,us,Antenna 2 T2 Cutoff,Clean
Schlumberger,P22L,ohm.m,"Phase Shift Resistivity 22 inch Spacing at 400 KHz, Environmentally Corrected.",Clean
Baker Atlas,CRDQ,kS/m,enhanced processing deep quad conductivity,Clean
Schlumberger,P10L_RT​,ohm.cm,"ARC Phase Shift Resistivity 10 inch Spacing at 400 KHz, Environmentally Corrected, Real-Time",Mnemonic boundary invisible character
Schlumberger,DPAA72_1DN,cgr,3D Induction 1D Inversion Apparent Dip Azimuth Ref. North from 72 inch Array,Clean
Baker Hughes Inteq,OBD2,mV,"Pad 2 average data of buttons 3, 4, 5, 6",Clean
Halliburton Logging,UMP_PL_Time,ms,Pick Time Reflected Shear,Clean
Baker Hughes Inteq,RMXGGX,T,Raw Y-Axis magnetometer shifted to GXPL,Clean
Baker Hughes Inteq,AGNQ4​,B,Acoustic averaged receiver gain,Mnemonic boundary invisible character
Schlumberger,VRPH_RX1_F2_E,rad,"Voltage Return Phase RX1, Frequency 2, Pad E",Clean
Schlumberger,HITCB,mS/m,HITA Two Foot Conductivity Background,Clean
Schlumberger,60KE,kHz,60 keV Output,Clean
Baker Hughes Inteq,DDVolume,L,Draw Down Volume - Memory,Clean
Halliburton Logging,BHCR12K17YX,mS/m,Bore Hole Correction R12K 17In Y Trans/ X Recv,Clean
Schlumberger,PD_BTOT,uT,PowerDrive Total Magnetic Flux Density (B),Clean
Halliburton Logging,"YDP_YY_Freq﻿",Hz,Pick Frequency,Mnemonic boundary invisible character
Schlumberger,GHMX2_FSI_SL,V,Optical Probe 2 Maximum Voltage - Station Log,Clean
Schlumberger,TTCO_ISON_RT,100 Ka[t],Real-Time Transit Time at Compressional Peak,Unit-symbol case error
Baker Atlas,cTBR,kS/m,conductivity from RTBR,Mnemonic case error
Halliburton Logging,BHCR72K50XX,kS/m,Bore Hole Correction R72K 50In X Trans/ X Recv,Clean
BP,BP_DEP_H_TVD_DEP,ft,Dep - Depth Hole - Vertical,Clean
Halliburton Logging,RBRF,cgr,Tool Reference Angle,Clean
Schlumberger,QGD_FSI_SL,L/min,Downhole Computed Gas Flowrate - Station Log,Clean
Baker Hughes Inteq,ABDC5X,g/cm3,Azimuthal Bulk Density - Compensated - Sector 5 - Real-time,Clean
Halliburton Logging,"  FMP_ALT_ST_DT",ms,Sonic Delta-T,Mnemonic boundary whitespace
Schlumberger,"  QGT3",degF,Quartz Gauge Temperature For Module 3,Mnemonic boundary whitespace
Schlumberger,DRS1,kPa,MRDP 1 Raw Sink Strain Gauge Pressure,Clean
Halliburton Logging,AULL,B/m,Wave attenuation based on u/l rcvrs from Lower xmtr.,Clean
Schlumberger,TGTCNTMLVL,pkp,Target Contamination Level,Unit-symbol typographical error
Pason,TGS_C4,Euc,tgs C4 Gas Percentage,Clean
Schlumberger,VC12,mV,Circumferential Potential Difference C1-C2,Clean
Halliburton Logging,CO02⁠,S/m,20 in Radial Conductivity 1ft,Mnemonic boundary invisible character
Schlumberger,IR58,ft,Internal Radius 58,Clean
Schlumberger,MDTT,s,Time at the Maximum Rate of change,Clean
Halliburton Logging,SO4,µm,Stand Off Arm 4,Unicode micro prefix in unit
Schlumberger,SIGT,in2,Theoretical Sigma Value,Clean
Baker Hughes Inteq,G1R,UHz,G1 reduced by ISSD quadratic fit,Unit-symbol case error
Halliburton Logging,ST_UM_FHA,uV,Pre Firing Voltage,Clean
Baker Hughes Inteq,ZZAR,S/m,"Apparent conductivity unique frequency, real, ZZ",Clean
Schlumberger,STPE,s,Sapphire Temperature Period,Clean
Baker Hughes Inteq,SFAN,us,"Surface pick 1st arrival time, 3 ft",Clean
Baker Hughes Inteq,EC,%,Maximum eddy current,Clean
Halliburton Logging,EP3P2QPress,psi,EP3P2 Quartz Probe Pressure,Clean
Baker Hughes Inteq,TXYST,ms,XY-axis multiplexed waveform start time,Clean
Halliburton Logging,DP1P2TVD,m,DP1P2 TVD Depth Probe,Clean
Halliburton Logging,CASETHINK1,ft,Casing Thickness 1,Clean
Pason,TGS_METH_VOLT,mV,tgs Methane Voltage,Clean
Schlumberger,B2CR,MHz,AGS Detector 2 Coincidence Total Countrate,Clean
Halliburton Logging,MSFU,kohm.m,Resistivity MSFL Unfiltered,Clean
Schlumberger,COND_DTR3_F2_SIG,kS/m,Uncertainty on Frequency 2 Differential Transverse Spacing 3 Conductivity,Clean
Halliburton Logging,ST_UFM_Slowness_Peaks,s,Slowness Peaks,Clean
Schlumbergr,T1L1_SH4,us,T1 Logarithmic Mean of Bin 1 for Shell 4,Service-company spelling error
Schlumberger,DSF_BIT_INCLINATION,cgr,Inclination at the Bit,Clean
Schlumberger,COND_DTR4_F3_VDC,mS/m,Vertical Deconvolved Frequency 3 Differential Transverse Spacing 4 Conductivity,Clean
Schlumberger,COND_XO_F0_SIG,kS/m,Uncertainty on Frequency 0 Invaded Zone Conductivity,Clean
Baker Hughes Inteq,RELAY,uV,Relay voltage,Clean
Baker Hughes Inteq,ADSA6M,kg/m3,Azimuthal Density - Short Space - Apparent - Sector 6 - Memory,Clean
Schlumberger,AH1R,kS/m,AIT-H Real Array #1 Conductivity,Clean
Baker Hughes Inteq,FLR43,mT,FLR_43,Clean
Baker Hughes Inteq,ADSA15M,kg/m3,Azimuthal Density - Short Space - Apparent - Sector 15 - Memory,Clean
Schlumberger,"PS_DLG1_F1_SIG﻿",rad,Uncertainty of Frequency 1 Longitudinal Spacing 1 Phase Shift,Mnemonic boundary invisible character
Halliburton Logging,TrueAzimuth36k50,dega,"True Dip Azimuth 36k 50""",Clean
Schlumberger,RH_UB_ZD5,hom.cm,3D Induction Group 5 Zero-D Inversion Horizontal Resistivity Upper Bound,Unit-symbol typographical error
Schlumberger,CMEB,S/m,Medium Induction Enhanced Borehole Corrected Conductivity,Clean
Schlumberger,SRML2,bar,MRSR 2 Minimum Interval Pressure,Clean
Baker Hughes Inteq,SRA005M,kohm.m,Electrical Image - Sector 5 - Memory,Clean
BP,BP_MUD_MTI,degF,Temp In - Mud,Clean
Baker Hughes Inteq,SRA101M,kohm.m,Electrical Image - Sector 101 - Memory,Clean
Schlumberger,I1CO,mS/m,I1 Conductivity,Clean
Schlumberger,RA09,m,Calibrated Radius 9,Clean
Halliburton Logging,BTOY,A/m,total magnetic field for directional tool,Clean
Baker Hughes Inteq,R15,in,Multi-arm_data - Feeler 15 radius,Clean
Halliburton Logging,BHCR36K06ZZ,mS/m,Bore Hole Correction R36K 06In Z Trans/ Z Recv,Clean
Schlumberger,MNVO,mV/m,Normalized Potential Difference M,Clean
Baker Hughes Inteq,TMP1,K,Temperature sensor 1,Clean
Schlumberger,ERMX,μm,External Radii Maximum,Unicode micro prefix in unit
Halliburton Logging,HIGT,m,High Scale for Thickness,Clean
Schlumberger,COND_DLG3_F0_SIG,mS/m,Uncertainty on Frequency 0 Differential Longitudinal Spacing 3 Conductivity,Clean
Schlumberger,"AZRESCORR	",ohm.m,12 Azimuthal Corrected Resistivities,Mnemonic boundary whitespace
Baker Hughes Intq,RAYGGT,gn,Raw Y-axis accelerometer shifted to GTI,Service-company spelling error
Schlumberger,KTIM_A1P2,mD,"Permeability with Processing Parameter Set 2 (FECHO_2, NECH_USED_2 and REG_PARF_2) Computed Using Timur-Coates Model for Antenna 1",Clean
Baker Hughes Inteq,"  ARTA",ohm.cm,Frequency A average of array of pad average resistivities,Mnemonic boundary whitespace
Schlumberger,IUQD,KA,"Upper electrode Injected Current Quadrature, Pad D",Unit-symbol case error
Baker Hughes Inteq,fLR74,mT,FLR_74,Mnemonic case error
Schlumberger,SXO_SL,ppm,Water Saturation in Flushed Zone - Station Log,Clean
Schlumberger,RSFTEM_HIRES,degF,SCTT Secondary Formation Temperature Raw High Resolution,Clean
Halliburton Logging,DDRY,S/m,Deep RY Deconvolved,Clean
Halliburton Logging,BHCR84K17ZZ,S/m,Bore Hole Correction R84K 17In Z Trans/ Z Recv,Clean
Schlumberger,RITE,degC,Raw Induction Temperature,Clean
Schlumberger,T1L4_UHR,s,T1 Logarithmic Mean of Bin 4 for Upper High-Resolution Antenna,Clean
Pason,CATCT,K,GA Trap Connector Temp,Clean
Schlumberger,PS_DLG1_F3_HR_SIG,gcr,Uncertainty of High Resolution Frequency 3Longitudinal Spacing 1 Phase Shift,Unit-symbol typographical error
Halliburton Logging,"  ALL4",dB/ft,Low Reso. Wave attenuation based on u/l rcvrs from lower xmtr.,Mnemonic boundary whitespace
Baker Hughes Inteq,TXXST02,ms,XX-axis dipole multiplexed waveform start time,Clean
Schlumberger,ATCB,mS/m,Array Induction Two Foot Conductivity Background,Clean
Schlumberger,P22L_UNC_RT,kohm.m,"ARC Uncorrected Phase Shift Resistivity 22 inch Spacing at 400 KHz, Real-Time",Clean
Baker Hughes Inteq,4MC3,mS/m,"HDIL 4-foot resolution matched conductivity, 30-inch DOI",Mnemonic typographical error
Baker Hughes Inteq,C04M,in,Sectional caliper 4,Clean
Halliburton Logging,CS5,ft3/d,Outer Casing Diameter 5,Mnemonic-unit semantic mismatch
Schlumberger,BSAL_16,Euc,"Borehole Salinity, pass 16",Clean
Baker Hughes Inteq,TNSP01,μs,Monopole multiplexed sample period,Unicode micro prefix in unit
Halliburton Logging,"  FRQ3",MHz,Mril Frequency 3 ( band 0 - 4),Mnemonic boundary whitespace
Baker Hughes Inteq,RMXGCB,uT,Raw X-axis magnetometer shifted to CBIL,Clean
Baker Hughes Inteq,ZDR2A,Eohm,Frequency 1 pad 2 resistance,Clean
Schlumberger,SYN1,ms,Synchro CSAT Tool 1,Clean
Schlumberger,ADIM_RT,kg/m3,"ADN Density Image (Non-oriented), Real-Time",Clean
Schlumberger,HFMS,rad/s,Hydraulic Fast Motor Speed,Clean
Schlumberger,KTIM_TAPER_LHR,D,Timur/Coates Permeability using Tapered Cutoff for Lower High-Resolution Antenna,Clean
Halliburton Logging,YY_ALT_Time_Peaks,us,Time Peaks,Clean
Baker Hughes Inteq,RCAP07,Hz,Capacitance sensor 7,Clean
Schlumberger,P02DIA,in,Hole Diameter [02],Clean
Schlumberger,"CKHL	",mD,Horizontal Core Permeability - Liquid,Mnemonic boundary whitespace
Baker Hughes Inteq,FL88,T,FL CHANNEL 88,Clean
Baker Hughes Inteq,CAI2,Hz,Calcium in inelastic spectrum (far detector),Clean
Halliburton Logging,DENRESIDUALS,lbm/ft3,DenResiduals,Clean
Halliburton Logging,BHCR84K80XY,kS/m,Bore Hole Correction R84K 80In X Trans/ Y Recv,Clean
Baker Hughes Inteq,CEMR2,rad,Cement map raw values (2nd tool),Clean
Baker Hughes Intq,V7BC,m/h,"Velocity from 500 Hz, row 7, sensors b and c",Service-company spelling error
Baker Hughes Inteq,RDELI,ohm.cm,Resistivity long xmtrs inner rcvrs all frequencies,Clean
Baker Hughes Inteq,FLR93,T,FLR_93,Clean
Baker Hughes Inteq,PPORA5,ppm,Fifth T2 partial porosity distribution,Clean
Baker Hughes Inteq,FLC40,uT,FLC_40,Clean
Schlumberger,CR73,m,Corrected Radius 73,Clean
Schlumberger,TT4_5F_MUX,ms,Transit Time 4.5 ft from Monopole Upper Custom Frequency Waveform,Clean
Schlumberger,SRDTIM,s,Start of the Radial Flow Regime Interval Time,Clean
Schlumberger,MOD_V1_PRES,bar,Interval Pressure Transient Test Modeled Vertical Observation 1 Pressure from Final Regression or Forward Modeling,Clean
Baker Hughes Inteq,MBVMB3,bbl,Third BVI bulk volume moveable,Clean
BP,BP_H2S4_RIG,Euc,H2S (Rig) Sensor 4,Clean
Baker Hughes Inteq,DUMP,uA,Dump current,Clean
Halliburton Logging,BHCR60K80YX,mS/m,Bore Hole Correction R60K 80In Y Trans/ X Recv,Clean
Halliburton Logging,FM_FHB,mV,Post Firing Voltage,Clean
Schlumberger,"  DSF_DTOR",EJ,Downhole Torque on Bit Input for DrillSAFE,Mnemonic boundary whitespace
Schlumberger,DPAA54_UB_1D,cgr,3D Induction 1D Inversion Apparent Dip Azimuth Upper Bound from 54 inch Array,Clean
Baker Hughes Intq,W09MA,degF,MA electronics flask temperature sensor reading,Service-company spelling error
Baker Hughes Inteq,QAPK,mgn,Magnitude of accelerometer vector for packer,Clean
Schlumbergr,AX_PSTT,Gal,Acceleration Along X Axis,Service-company spelling error
BP,BP_RPM_DH_AVG,rpm,RPM - Downhole,Clean
Schlumberger,GRZ4,Eohm,Geophone Resistance DSS-4 Z-Axis,Clean
Schlumberger,C66_TIV,N/m²,Elastic Constant C66 referred to TI Axis in TIV Formation,Unicode power notation in unit
Halliburton Logging,72kRV80,ohm.cm,72k Rv 80 inch for the MCIV1D,Clean
Halliburton Logging,ALT_PL_Time,ms,Pick Time Reflected Shear,Clean
Baker Hughes Inteq,"E34V	",mV,Tool DC supply voltage to switcher,Mnemonic boundary whitespace
Schlumberger,PKDT_MUX,h/km,Peak Slowness for Slowness-Time Coherence for Monopole Upper Transmitter Custom Frequency Firing Monopole Component,Clean
Halliburton Logging,HYPA,psi,Hydrostatic Pressure After,Clean
Schlumberger,RZI03A,A,"Uncalibrated A0 Current 3A, in phase",Clean
Schlumberger,INV_DD_FLOW,m3/d,Investigation DrawDown Flow Rate,Clean
Halliburton Logging,BCH6,kS/m,Borehole Corrections Conductivity D6,Clean
Schlumberger,BRQ1,bar,MRPS 1 Raw Quartz Gauge Pressure,Clean
Baker Hughes Inteq,BTN5,uV,Resistivity trace from button 5,Clean
Baker Hughes Inteq,V2C,Vu,1970MB module calibration voltage 2 for R/C,Unit-symbol typographical error
Baker Hughes Inteq,DTHF,h/km,Six-inch slowness far transmitter,Clean
Pason,CMNT_FL_TMP,degC,Cement Fluid Temp,Clean
Halliburton Logging,BHCR36K50YY,mS/m,Bore Hole Correction R36K 50In Y Trans/ Y Recv,Clean
Halliburton Logging,MIN_AVG_RES,kohm.m,Minimum Average Resistivity,Clean
Schlumberger,DTDP,h/km,Slowness from Dispersive Processing,Clean
Baker Hughes Inteq,VREF,uV,"Voltage reference, +5V",Clean
Schlumberger,P34H_COND_RT,mS/m,Phase Shift Conductivity 34 inch Spacing at 2 MHz,Clean
Baker Hughes Inteq,MPHSA4,ppm,Fourth T2 total porosity,Clean
Baker Hughes Inteq,MSEC1,kS/m,"HDIL skin effect corrected curve, subarray 1",Clean
Halliburton Logging,EP2P2HorizMob,D/(Pa.s),EP2P2 Horizontal Mobility,Clean
Halliburton Logging,YDP_PL_DT,us,Sonic Delta-T Reflected Shear,Clean
Schlumberger,JRPB1,m3/h,MJET Raw Leg OD at Potentiometer B1,Mnemonic-unit semantic mismatch
Schlumberger,M01_UNCAL,mV,Uncalibrated M0-M1 Voltage,Clean
Halliburton Logging,VertRes12k17,kohm.m,"Vertical Resistivity 12k 17""",Clean
Schlumberger,V45_UNCAL,uV,Uncalibrated A4-A5 Voltage,Clean
Baker Hughes Inteq,QL1P,psi,Tic mark for drawdown pressure every 0.1 psi,Clean
Baker Hughes Inteq,ZR1AES,Gohm,"Second tool Pad 1, frequency A button equalization",Clean
Baker Hughes Inteq,CP6B,mV,"500 Hz row 6 spacing b differential delta module, sine",Clean
Halliburton Logging,HF60,kohm.m,HRI Deep Resistivity 60 Inch 4 Ft,Clean
BP,BP_WOB_AVG,kgf,Weight on Bit,Clean
Baker Hughes Inteq,SPEED,μm/s,cable speed,Unicode micro prefix in unit
Schlumberger,"PKSL_TA_LT﻿",ms/m,"STC Peak Slowness, Transmitter Array - Lower Transmitter",Mnemonic boundary invisible character
Halliburton Logging,RA5C,ohm.m,Borehole corrected resistivity of the Mode 5,Clean
Baker Hughes Inteq,ABDC6M,lbm/ft3,Azimuthal Bulk Density - Compensated - Sector 6 - Memory,Clean
Schlumberger,DPTR15_LB_1DF_DISPLAY,rad,3D Induction 1D Inversion Filtered True Dip Magnitude Lower Bound from 15 inch Array (modified to display tadpoles less frequently),Clean
Baker Hughes Inteq,RXODSE,ohm.cm,"Flushed zone resistivity from delectric real time, short",Clean
BP,BP_ESD_PWD_MIN,kg/m3,ESD - PWD (min),Clean
BP,"  BP_HKL_AVG",N,Hookload,Mnemonic boundary whitespace
Schlumberger,INT_TEM_SIGA,degC,DTS interpolated temperature signal trace collection,Clean
BP,BP_PITVOL_SL2,m3,Tank Volume - Slug Pit 2,Clean
Halliburton Logging,TWCL,%,Calculated Water from ICE Density Components.,Mnemonic typographical error
Baker Hughes Inteq,TFST09,s,Monopole multiplexed waveform start time,Clean
Schlumberger,T2L4_LHR,us,T2 Logarithmic Mean of Bin 4 for Lower High-Resolution Antenna,Clean
Baker Hughes Inteq,DEVX,rad,Wellbore deviation from external data,Clean
Schlumberger,PS_DTR2_F3,cgr,Frequency 3 Transverse Spacing 2 Phase Shift,Clean
Halliburton Logging,XY_Time_Peaks,s,Time Peaks,Clean
Schlumberger,BQT3,degF,MRPS 3 Quartz Gauge Temperature,Clean
Baker Hughes Inteq,CREF,ft,Long axis caliper reference,Clean
Halliburton Logging,NTEMP,K,Near Detector Temperature,Clean
Baker Hughes Inteq,PO8B3,ppm,Third BVI accumulated partial porosity sum,Clean
BP,BP_GAS_ADV_C5_ISO_DEP,ppm,Dep - Iso-Pentane (iC5) - Advanced service,Clean
Baker Hughes Inteq,SPDND,HMz,Spinner down revolutions per second,Unit-symbol typographical error
Schlumberger,RSCN_14,kHz,"Near Effective Capture Count Rate, pass 14",Clean
Pason,POROSITY2_DEPTH,in,Porosity 2 Depth,Clean
Baker Hughes Inteq,BP04,uV,Band pass filter 2000-6000 Hz passband,Clean
Schlumberger,PQDT3,K,MRPQ 3 Quartzdyne Temperature,Clean
Halliburton Logging,FMP_ALT_PL_DT,s,Sonic Delta-T Reflected Shear,Clean
Baker Hughes Inteq,RMZGGT,T,Raw Z-axis magnetometer shifted to GTI,Clean
Schlumberger,TIME_STC_3T,us,"Time index on STC outputs with depth shift against the waveform depth , Transmitter Array - Monopole Stoneley",Clean
Schlumberger,IR_INVER,in,Inverted Invasion Radius,Mnemonic typographical error
Schlumberger,p08CVL,ft/min,Cable Velocity [08],Mnemonic case error
Baker Hughes Inteq,BPDS,m3,Barrels per day apparent from spinner,Clean
Halliburton Logging,BHCR72K50ZX,mS/m,Bore Hole Correction R72K 50In Z Trans/ X Recv,Clean
Schlumberger,DTP2_RT,bbl,Peak 2 Delta-T for Receiver Array,Mnemonic-unit semantic mismatch
Schlumberger,PAHP,bar,MRPA Inflate Pressure,Clean
Schlumberger,SGZ,Gal,"Gravity Z-Axis Reading, Stationary",Clean
Schlumberger,H_MC_SIG,m,Uncertainty on Mudcake Thickness from Dielectric,Clean
Baker Hughes Inteq,"FLC37﻿",uT,FLC_37,Mnemonic boundary invisible character
Baker Hughes Inteq,RPC,ohm.m,Resistivity Phase Difference Borehole Corrected,Clean
Halliburton Logging,ERD3,ohm.cm,Pad #3 Resistivity Fast Undelayed,Clean
Schlumberger,FPR3_DL,m3/d,MRFC 3 Piston Rate,Clean
Schlumberger,HTT3,ms,High Resolution Transit Time 3,Clean
Baker Hughes Inteq,R38,ft,Multi-arm_data - Feeler 38 radius,Clean
Baker Hughes Inteq,ID28,m,Dia. 28,Clean
Baker Hughes Inteq,DIS95,mT,DIS CHANNEL 95,Clean
Baker Hughes Inteq,QRATIO,m³/h,Sentinel flow rate ratio,Unicode power notation in unit
Schlumberger,HRN1,Hz,HiRes Near Count Rate From Gate 01,Clean
Halliburton Logging,QIR3,kohm.m,Reconstructed invaded solution apparent resistivities of mode3,Clean
Baker Hughes Inteq,HVPS,mV,High voltage power supply setting,Clean
Baker Hughes Inteq,NT15V,V,"Transmitter voltage, -15V",Mnemonic typographical error
Baker Hughes Inteq,STWAVE1,ms,Start time waveform 1,Clean
Schlumberger,MRHO,g/cm3,Mixture RHO,Clean
Schlumberger,CP_FN_DR,bar,Phase C Final Drawdown Pressure,Clean
Schlumbergr,POUDMC2_DL,uA,MRPOUD 2 Motor Current,Service-company spelling error
Halliburton Logging,84kRV17,kohm.m,84k Rv 17 inch for the MCIV1D,Clean
Halliburton Logging,BHCR72K17XX,mS/m,Bore Hole Correction R72K 17In X Trans/ X Recv,Clean
Baker Hughes Inteq,APH5BS,Urad,Pad 5 frequency B average phase over pad buttons (2nd),Unit-symbol case error
Baker Hughes Inteq,"  XS",kHz,Extra long space count rate,Mnemonic boundary whitespace
Schlumberger,JMX_ACQ,ft,Maximum Tool OD (ACQ),Clean
Schlumberger,HA1D,g/cm3,High Pressure Additive #1 Density,Clean
Numar MRI Logging,SW_T2D,ppm,Water saturation from T2 and diffusion log,Clean
Halliburton Logging,CPR2,bar,Corrected Probe2 Pressure,Clean
Schlumberger,RH54_1DF,ohm.m,3D Induction 1D Inversion Horizontal Filtered Resistivity from 54 inch Array,Clean
Baker Hughes Inteq,ATNMIC,B/m,"Comp, calib attn., inner rcvrs, med xmtrs, all freq.",Clean
Halliburton Logging,RF60,ohm.m,60 in Radial Resistivity 4ft,Clean
Schlumberger,INTT,ms/m,Interval Transit Time,Clean
Halliburton Logging,RETM,us,Resonance window end time,Clean
Halliburton Logging,BCD3,ohm.m,Borehole Corrections D3,Clean
Halliburton Logging,84kRV29,Ohm.m2/m,84k Rv 29 inch for the MCIV1D,Unit-symbol case error
Schlumberger,"SOIPRESCOR	",bar,SOI Gauge Pressure Correction Applied,Mnemonic boundary whitespace
Halliburton Logging,aZIDIP36k17,cgr,"Borehole Dip Azimuth 36k 17""",Mnemonic case error
Baker Hughes Inteq,MPHEB3,ppm,MR effective porosity for 3rd BVI process,Clean
Schlumberger,ANT2,dega,Angle of Peak from P2DT_TA for TransmitterTadpole,Clean
Schlumberger,CCD,ni,Casing Collar Depth,Unit-symbol typographical error
Baker Hughes Inteq,SRA033M,ohm.m²/m,Electrical Image - Sector 33 - Memory,Unicode power notation in unit
Halliburton Logging,84kRH17,ohm.m,84k Rh 17 inch for the MCIV1D,Clean
Pason,N2P,kPa,Nitrogen Pressure In,Clean
Schlumberger,SPMX0_FSI,uV,Spinner 0 Maximum Voltage,Clean
Halliburton Logging,CNBR,%,Contamination Minimum by baseline Resistivity,Clean
Baker Hughes Inteq,DNEM,ms,"Density Time Since Drilled, Memory",Clean
Baker Hughes Inteq,RAZGPK,Gal,Raw Z-axis accelerometer shifted to WGI,Clean
Baker Hughes Inteq,WFK,ppm,Weight fraction of potassium in dry rock,Clean
Schlumberger,TRIVFIREFAVG27,S/m,3D Induction 27 Inch Array Vertical Fracture Indicator Reference Averaged,Clean
Schlumberger,HACDEQ,S/m,12 Equalized Azimuthal Deep Conductivities,Clean
Schlumberger,TTPO_2,ms,"Transit Time for Compressional, Pumps Off",Clean
Schlumberger,BFTL,degF,Borehole Fluid Temperature Lower,Clean
Schlumberger,A34H_COND_ECO_RT,kS/m,"Attenuation Conductivity 34 inch Spacing at 2 MHz, Environmentally Corrected, Real-Time",Clean
Halliburton Logging,MINK,Euc,Potassium Error Minimum,Clean
Baker Hughes Inteq,COPINXYR,rad,XY-Inclination - Average - Memory,Clean
Baker Hughes Intq,TAUN,ms,Channel A/D sampling period for near transmitter,Service-company spelling error
Schlumberger,P16L_RT,ohm.cm,"ARC Phase Shift Resistivity 16 inch Spacing at 400 KHz, Environmentally Corrected, Real-Time",Clean
Schlumberger,R2IM_RT,ohm.cm,"eXtra Medium Button Resistivity Image (Non-oriented), Real-Time",Clean
Schlumberger,VRPH_RX1_F1_B,dega,"Voltage Return Phase RX1, Frequency 1, Pad B",Clean
Halliburton Logging,HorizRes84k50,ohm.m,"Horizontal Resistivity 84k 50""",Clean
Baker Hughes Inteq,RESSSE,kohm.m,"Synthetic resistivity, short xmtrs, real time",Clean
Halliburton Logging,SIA3,hz,Far Silicon Actn Window,Unit-symbol case error
Baker Hughes Inteq,SRA51X,ohm.cm,Electrical Image - Sector 51 - Real-time,Clean
Baker Hughes Inteq,BPUD2,μV,User input band pass filter 2,Unicode micro prefix in unit
Halliburton Logging,DXP_PL_Freq,Hz,Pick Frequency 2,Mnemonic typographical error
Baker Hughes Inteq,ZCOR2,kg/m3,Density correction (2nd tool),Clean
Halliburton Logging,ST_ALT_UM_Time_Peaks,s,Time Peaks,Clean
Schlumberger,PWRX,rad,Packed Waveform Relative Bearing X,Clean
Halliburton Logging,ST_Delta-T,µs,ST Sonic Delta-T,Unicode micro prefix in unit
Halliburton Logging,BHCR36K17YY,mS/m,Bore Hole Correction R36K 17In Y Trans/ Y Recv,Clean
Schlumberger,SIGM,m2,Formation Sigma (Neutron Capture Cross Section),Clean
Baker Hughes Inteq,"FDDP	",kg/m3,Fluid density,Mnemonic boundary whitespace
Schlumberger,"DFBM_TL	",MHz,Bubble Count Average,Mnemonic boundary whitespace
Halliburton Logging,EP1P2TVD,Ft[BnA],EP1P2 TVD Depth Probe,Unit-symbol case error
Schlumberger,AHFCO30,KS/m,Array Induction Four Foot Conductivity A30,Unit-symbol case error
Baker Hughes Inteq,RCAP01,kHz,Capacitance sensor 1,Clean
Schlumberger,TOP_LCSV_PH,rad,Top Step Lower Casing Segment Voltage Complex Phase,Clean
Schlumberger,"P01TMP﻿",degF,Fluid Temperature [01],Mnemonic boundary invisible character
Halliburton Logging,LMP_ST_Time,s,Pick Time,Clean
Schlumberger,RSCF_07,Hz,"Far Effective Capture Count Rate, pass 07",Clean
Halliburton Logging,ATT3,dB/m,Attenuation in segment3,Clean
Schlumberger,KTIM_TAPER_HR,mD,High Resolution Timur/Coates Permeability using Tapered Cutoff,Clean
Halliburton Logging,QIR5,kohm.m,Reconstructed invaded solution apparent resistivities of mode5,Clean
Baker Hughes Inteq,"  TENW",N,Differential tension referenced to WGI pad 1,Mnemonic boundary whitespace
Halliburton Logging,HorizRes60k29,ohm.m,"Horizontal Resistivity 60k 29""",Clean
Halliburton Logging,RA2,ohm.m,Resistivity corrected Apparent Resistivity Mode 2,Clean
Pason,GA_GAS_CELL_ABS_PRESSURE,kPa,GA Gas Cell Abs Pressure,Clean
Baker Hughes Inteq,RADIUS15M,in,Acoustic Caliper - Radius - Sector 15 - Memory,Clean
Halliburton Logging,CS,ft/min,Line Speed,Clean
Schlumberger,TTMP_ARC,degC,ARC Tool Temperature,Clean
Halliburton Logging,DMY,mS/m,Medium Y Deconvolved,Clean
Halliburton Logging,FMP_ALT_Shear_DT,us,Sonic Delta-T Reflected Shear,Clean
Schlumberger,CSL3,kHz,Computed Short Spacing Loop Window 3 Count Rate,Clean
Schlumberger,RV_ZD6,kohm.m,3D Induction Group 6 Zero-D Inversion Vertical Resistivity,Clean
Baker Hughes Inteq,SRA1X,kohm.m,Electrical Image - Sector 1 - Real-time,Clean
Pason,FORMATIONDENSITY_DEPTH,ft,Formation Density Depth,Clean
Baker Hughes Inteq,TNST01K,ms,Monopole multiplexed waveform start time,Clean
Schlumberger,TRIFAD21_1DF,cgr,3D Induction 1D Inversion Filtered Dip Azimuth Standard Deviation from 21 inch Array,Clean
Baker Hughes Inteq,OFFZ,rad,"ZDL orientation, tool body mark offset",Clean
Halliburton Logging,GMSG,s,MSG Gate Center,Clean
Schlumberger,TH6,degC,Thickness 6,Mnemonic-unit semantic mismatch
Halliburton Logging,HorizRes36k17,ohm.m,"Horizontal Resistivity 36k 17""",Clean
Schlumberger,IBT2_ADN,uA,ADN Battery 2 Current,Clean
Baker Hughes Inteq,MLR1S,kohm.m,Synthetic MultiLaterolog resistivity 1,Clean
Halliburton Logging,PAD5,kS/m,EMI Pad 5 values,Clean
Schlumberger,POPV2_DL,bbl,MRPO 2 Pump Output Volume,Clean
BP,BP_PITVOL_CHEM2,m3,Tank Volume - Chemical 2,Clean
Schlumberger,RNDL,kHz,Raw Neutron Depth Log,Clean
Baker Hughes Inteq,PSMOR,cgr,"Phase shift, outer rcrvs, med xmtrs, all freq",Clean
Halliburton Logging,TSAM,µs,Sample Time,Unicode micro prefix in unit
Baker Hughes Inteq,APH2A,dega,Pad 2 frequency A average phase over pad buttons,Clean
Baker Hughes Inteq,PO7B2,0.1 Pt[US]/bbl,Second BVI accumulated partial porosity sum,Unit-symbol case error
Halliburton Logging,EDMF,g/cm3,Formation Density EVR - Minimum Filtering,Clean
Schlumberger,RN1B,Hz,"Raw Near Bank 1 Count Rate, Bottom",Clean
Halliburton Logging,VertRes72k29,ohm.m,"Vertical Resistivity 72k 29""",Clean
Baker Hughes Inteq,APH3A,cgr,Pad 3 frequency A average phase over pad buttons,Clean
Baker Hughes Inteq,TQSP03,s,Four-comp. dipole XX multiplexed sample period,Clean
Baker Hughes Inteq,S0MC,dega,"Calibrated cement map, Lamb S0",Clean
Halliburton Logging,XDT2,ms,X Dipole Peak Slowness filtered,Clean
Schlumberger,SPPW,Euc,Water Saturation from Sidewall Core,Clean
Baker Hughes Inteq,FLR86,mT,FLR_86,Clean
Schlumberger,WFVG_SL,ft/min,Water Flow Velocity Measured by ATT-B GR Detector - Time,Clean
Halliburton Logging,EBHK,ppm,Borehole K Concentration Error,Clean
Baker Hughes Inteq,CV1P,uV,"Module voltage 1 prime for R/C, 1986MA",Clean
Baker Atlas,SGM5,ohm.m,complex sigma array 5,Clean
Schlumberger,DRHU,lbm/ft3,"Bulk Density Correction, Up",Clean
Baker Hughes Inteq,WX,Gal,X-axis accelerometer,Clean
Halliburton Logging,FM_Time_Peaks,mS/m,Time Peaks,Mnemonic-unit semantic mismatch
Schlumberger,PGTO_TL,s,PGMC Temperature Offset,Clean
Baker Hughes Intq,ZI6AUS,Eohm,Freq 1 pad 6 capacitive part of complex formation impedance,Service-company spelling error
Baker Hughes Inteq,"MT_PERMX	",D,Permeability Index - Surface Derived - Real-time,Mnemonic boundary whitespace
Schlumberger,AS2X,S/m,AIT-S Quad Array #2 Conductivity,Clean
Halliburton Logging,WL4V,uV,Wire Line 4 Voltage,Clean
Halliburton Logging,BHCR60K50YZ,mS/m,Bore Hole Correction R60K 50In Y Trans/ Z Recv,Clean
Schlumberger,QGPR_PUCS1,psi,CQG Pressure,Clean
Schlumberger,SRTV,degC,MRSR Strain Gauge Temperature,Clean
Halliburton Logging,EP0P2Temp,degC,EP0P2 Probe Temperature,Clean
Baker Hughes Inteq,CV1PC,uV,"Module calibration voltage 1 prime for R/C, 1986MA",Clean
Halliburton Logging,VM54,mV,Differental Voltage Measurement 5 Magnitude - Pad 4,Clean
Baker Hughes Inteq,FL89,mT,FL CHANNEL 89,Clean
Halliburton Logging,tAP4,V,Transmitter A Pad 4 - Used for Calibration,Mnemonic case error
Schlumberger,RES_BS0,kohm.m,"Resistivity Shallow, Octant 0",Clean
Baker Hughes Inteq,"  RAZDGX",Gal,Differential Z-axis accelerometer shifted to GXPL,Mnemonic boundary whitespace
BP,BP_CHOKE3_POS_SETP_MPD,%,Choke 3 Position - Setpoint  (MPD),Clean
Baker Hughes Inteq,SFAF2,Hs,"Surface pick 1st arrival time, T1R2",Unit-symbol case error
Schlumberger,CO2_CGA2,kg/m3,CGA2 CO2 Partial Density,Clean
Baker Hughes Inteq,MBHC3,mS/m,"HDIL borehole corrected conductivity, subarray 3",Clean
Baker Hughes Inteq,RAZGOD,gn,Raw Z-axis accelerometer in mG from orientation tool,Clean
Schlumberger,PAXL3_DL,psi,MRPA 3 Maximum Interval Pressure,Clean
Halliburton Logging,FR1,ohm.m,RESISTIVITY 8 CM,Clean
Schlumberger,PGPO,s,PGMC Differential Pressure Offset,Clean
Schlumberger,DPAP_ZD6_DISPLAY,cgr,3D Induction Group 6 Zero-D Inversion Apparent Dip Magnitude (modified to display tadpoles less frequently),Clean
Halliburton Logging,BHCR84K80YZ,kS/m,Bore Hole Correction R84K 80In Y Trans/ Z Recv,Clean
Schlumberger,HYDTEMP_FLASK,degC,Hydrostatic Gauge Manometer Temperature (Flasked),Clean
Halliburton Logging,DPP1,m,Depth Probe 1,Clean
Schlumberger,IP02,mA,"Current, Azimuth 2, 0 degree",Clean
Schlumberger,EHD2_PPC2​,in,PPC2 Enhanced Hole Diameter 2 (ellipse-based algorithm),Mnemonic boundary invisible character
Halliburton Logging,MGRD,ohm.m,Resistivity MCGRD,Clean
Schlumberger,SRRQ_DL,kPa,MRSR Raw Quartz Gauge Pressure,Clean
Halliburton Logging,DP1P2HorizMob,D/(Pa.s),DP1P2 Horizontal Mobility,Clean
Schlumberger,RH72_UB_1DF,ohm.cm,3D Induction 1D Inversion Horizontal Filtered Resistivity Upper Bound from 72 inch Array,Clean
Pason,WT_ON_BIT,lbf,Weight on Bit,Clean
Schlumberger,T2L1_SH3,bar,T2 Logarithmic Mean of Bin 1 for Shell 3,Mnemonic-unit semantic mismatch
Schlumberger,DRHR,g/cm3,"Bulk Density Correction, Right",Clean
Schlumberger,DPTR_LB_ZD3,dega,3D Induction Group 3 Zero-D Inversion True Dip Magnitude Lower Bound,Clean
Halliburton Logging,PTTH,kPa,Presssure Ten Thousands,Clean
BP,BP_PITVOL_ACT7,m3,Tank Volume - Active 7,Clean
Schlumberger,SGPT_SL,DegF,Strain Gauge Temperature - Station Log,Unit-symbol case error
Halliburton Logging,MXCO,S/m,Medium X Correction,Clean
Schlumberger,ECXO,m,"X coordinate of center of eccentering ellipse, with respect to tool",Clean
Halliburton Logging,XDP_PL_Time,ms,Pick Time Reflected Shear,Clean
Schlumberger,KINT_09,D,Intrinsic Permeability Transient 09,Clean
Schlumberger,BRD2_DL,kPa,MRPS 2 Quartzdyne Raw Pressure,Clean
Halliburton Logging,RVHRes12k80,ohm.cm,"Vertical Restivity 80"" / Horizontal Restivity 80"" 80k",Clean
Schlumberger,AZC2,mV,Temp-corrected Acceleration Z Axis (Tool Motion),Mnemonic-unit semantic mismatch
Schlumberger,DFMN0_FSI_SL,uV,Electrical Probe 0 Minimum Voltage - Station Log,Clean
Baker Atlas,CEID,kS/m,Deep conductivity from EID processing,Clean
Schlumberger,SNBB_FILT,Hz,"Filtered Neutron Short Spacing Burst Count Rate, Bottom",Clean
Schlumberger,PSHF_R,cgr,Raw Phase Shift,Clean
Baker Hughes Inteq,RACVSL,ohm.m²/m,Resistivity Attenuation Compensated Borehole and Inversion Corrected Short 400kHz,Unicode power notation in unit
Halliburton Logging,VertRes84k17,kohm.m,"Vertical Resistivity 84k 17""",Clean
Baker Hughes Inteq,TNST01,ta[t],Monopole multiplexed waveform start time,Unit-symbol case error
Schlumberger,PRSA_LWR,kPa,Lower Sensor Annulus Pressure,Clean
Schlumberger,DFB2,Hz,Bubble Count Rate Electrical Probe 2,Clean
Baker Hughes Inteq,FLC80,mT,FLC_80,Clean
Schlumberger,PUMP_OU_TEMP_S,degC,Pump Outlet Temperature (Slow Channel),Clean
Schlumberger,CR09,min,Corrected Radius 9,Mnemonic-unit semantic mismatch
Schlumberger,P242,dega,Phase R2 from T4 at 2 MHz,Clean
Baker Hughes Inteq,RAXGPK,cm/s²,Raw X-axis accelerometer shifted to WGI,Unicode power notation in unit
Baker Hughes Inteq,"  SPIN5",rpm,Array spinner output sensor 5,Mnemonic boundary whitespace
Schlumberger,SYN3,s,Synchro CSAT Tool 3,Clean
Schlumberger,IR26,in,Internal Radius 26,Clean
Baker Hughes Inteq,SSCSPK2,MHz,"Cesium reference peak position, short space",Clean
Schlumberger,AS3X,S/x,AIT-S Quad Array #3 Conductivity,Unit-symbol typographical error
Schlumberger,RFSA_DH_ECO_RT,m2,"Raw Formation Sigma, Average, Real-Time, Computed Downhole",Clean
Halliburton Logging,EPSP1TEMP,degC,EPS P1 Quartz Gauge Temperature,Clean
Baker Hughes Inteq,MBHC5,mS/m,"HDIL borehole corrected conductivity, subarray 5",Clean
Halliburton Loggig,CBLTEMP,K,BoreHole Temperature,Service-company spelling error
Schlumberger,G,kPa,Shear Modulus,Clean
Baker Hughes Inteq,FLC65,uT,FLC_65,Clean
BP,BP_PITVOL_TT1,m3,Tank Volume - Trip Tank 1,Clean
Halliburton Logging,BHCR84K17XY,mS/m,Bore Hole Correction R84K 17In X Trans/ Y Recv,Clean
Schlumberger,RH27_LB_1DF,ohm.m,3D Induction 1D Inversion Horizontal Filtered Resistivity Lower Bound from 27 inch Array,Clean
Schlumberger,SLS_CINC,cgr,Inclination at Bit measured by MWD tool,Clean
Schlumberger,BEARING_BOX_FLOWRATE,m3/h,Computed PDM bearing box flowrate,Clean
Pason,PC3G,Euc,tgs C3 Gas Percentage,Clean
BP,BP_DEP_H_TVD,Ft[Ind],Depth Hole - Vertical,Unit-symbol case error
Baker Atlas,HTX,s,monopole multiplex first arrival time,Mnemonic typographical error
Schlumberger,DFMN3,mV,Electrical Probe 3 Minimum Voltage,Clean
Baker Hughes Inteq,C06M,in,Sectional caliper 6,Clean
Schlumberger,RSNLA,MHz,"Raw Neutron Short Spacing Late Count Rate, Average",Clean
Schlumberger,"  BOREHOLE_IMAGE_TRACE_LENGTH",m,Length of the trace of a geological event visible on the borehole surface,Mnemonic boundary whitespace
Schlumberger,POUDCCR2,m3/d,MRPOUD 2 Continuous Corrected Rate,Clean
Schlumberger,HIFPR,ohm.cm,HITA Four Foot Radial Resistivity Profile,Clean
Halliburton Logging,HMB2,D/(Pa.s),Horizontal Mobility 2,Clean
Schlumberger,TTIME_MEDIAN,us,Median value of the ultrasonic imager transit time distribution,Clean
Baker Hughes Inteq,RAD2S,in,"Radius, tool axis to pad 2 face",Clean
Baker Hughes Inteq,TDET,Hz,Top detector,Clean
Schlumberger,DPAZ39_UB_1DF,dega,3D Induction 1D Inversion Filtered True Dip Azimuth Upper Bound from 39 inch Array,Clean
Schlumberger,HX_RT,A/m,"Raw Magnetic Field Strength X-axis, Real-Time",Clean
Schlumberger,TH37,m,Thickness 37,Clean
Schlumberger,A40L_COND_RT,S/m,Attenuation Conductivity 40 inch Spacing at 400 KHz,Clean
Schlumberger,IBCA,mA,Current flowing out of Resistivity button of tool,Clean
Schlumberger,HRN10,Hz,HiRes Near Count Rate From Gate 10,Clean
Halliburton Logging,XX_ALT_Hole_Size,m,Measured Hole Diameter,Clean
Schlumberger,RCV2,m/s,Raw Auxiliary Cable 2 Velocity,Clean
Halliburton Logging,DXCO,S/m,Deep X Correction,Clean
Baker Hughes Inteq,"FL62	",T,FL CHANNEL 62,Mnemonic boundary whitespace
Baker Hughes Inteq,mLRM,kohm.m,Mud resistivity for ML borehole corrections,Mnemonic case error
Schlumberger,RBSL_DH_ECO_RT,tf2,"Raw Borehole Sigma, Left, Real-Time, Computed Downhole",Unit-symbol typographical error
Baker Hughes Inteq,D03,in,Diameter from DMAG tool,Clean
Halliburton Logging,SARA,lbm/ft3,Summation of Saturates Aromatics Resins and Asphaltenes,Clean
Schlumberger,RH_HL_UB_ZD2,ohm.m,3D Induction Group 2 Zero-D Inversion Horizontal Resistivity High Likelihood Upper Bound,Clean
Pason,TORQUE,mA,Rotary Torque,Clean
Schlumberger,FWFD,lbm/ft3,Filtered Well Fluid Density,Clean
Baker Hughes Inteq,M4CC6,kS/m,"HDIL 4-foot resolution compressed conductivity, 60-inch DOI",Clean
Schlumberger,M1TT,s,MAP 1 Transit Time,Clean
Baker Hughes Inteq,V314,m/s,"Velocity from 250 Hz, row 3, sensors 1 and 4",Clean
Schlumberger,RV15_HL_U_1DF,ohm.m,3D Induction 1D Inversion Vertical Filtered Resistivity High Likelihood Upper Bound from 15 inch Array,Clean
Baker Hughes Inteq,ID20​,m,Dia. 20,Mnemonic boundary invisible character
Schlumberger,SFV,mV,SFL Voltage,Clean
BP,BP_RHOBA_DEP_16,g/cm3,Dep - Bulk Density - Azimuthal - Sector16,Clean
Halliburton Logging,TVTG,uV,Approx transmitter voltage,Clean
Schlumberger,SGPA,bar,Strain Gauge Pressure in Absolute Pressure (For WTQL),Clean
Schlumberger,HRF5,Hz,HiRes Far Count Rate From Gate 05,Clean
Schlumberger,AVG_TOT_FAR_PRIN_STRESS,N/m²,Average Total Far-Field Principal Stress,Unicode power notation in unit
Schlumberger,P10TMP,degF,Fluid Temperature [10],Clean
Halliburton Logging,MRPS,rev/s,Max rotation per second for the data allocation,Clean
Schlumberger,PQRQ3,psi,MRPQ 3 Raw Quartz Gauge Pressure,Clean
Halliburton Logging,BHCR60K29ZX,mS/m,Bore Hole Correction R60K 29In Z Trans/ X Recv,Clean
Baker Hughes Inteq,TOOL,V,Tool DC (400 VDC),Clean
Schlumberger,SGP_SL,bar,Strain Gauge Pressure - Station Log,Clean
Baker Hughes Inteq,CP8A,uV,"500 Hz row 8 spacing a differential delta module, sine",Clean
Schlumberger,ASFCO,kS/m,Array Induction Four Foot Conductivity,Clean
Baker Hughes Inteq,RXODME,kohm.m,"Flushed zone resistivity from delectric real time, med xmtrs",Clean
Halliburton Logging,EP2PtRate,m3/h,EP2 Pretest Rate,Clean
Schlumberger,RDI9,mA,"Uncalibrated Deep Current, 35 Hz, 90 degree",Clean
Baker Hughes Inteq,AGNXX3,B,Acoustic averaged receiver gain,Clean
Baker Hughes Inteq,SRA040M,kohm.m,Electrical Image - Sector 40 - Memory,Clean
Baker Hughes Inteq,GRRTX,us,"Time Since Drilled from RNT Gamma Ray, Transmitted",Clean
Schlumberger,DPAP15_1D_CURVEDISPLAY,dega,3D Induction 1D Inversion Apparent Dip Magnitude from 15 inch Array (continuous curve display),Clean
Baker Hughes Inteq,RADIUS02M,m,Acoustic Caliper - Radius - Sector 2 - Memory,Clean
Baker Hughes Inteq,AMNV,uV,Amplitude (mV) T2R1 (near) for CBL,Clean
Halliburton Logging,RVHRes36k29,ohm.m²/m,"Vertical Restivity 29"" / Horizontal Restivity 29"" 36k",Unicode power notation in unit
Baker Hughes Inteq,DOXE,ft,Depth offset of XMAC from orientation tool,Clean
Halliburton Logging,MDC1,F,Maximum - Minimum Difference Capacitance 1,Clean
Schlumberger,BFR3_DL,mV,MRPS 3 Flowline Fluid Resistivity,Mnemonic-unit semantic mismatch
Schlumberger,B_PRESSURE_L,μbar,Absolute Phase B Pressure Measurement 1 psi Resolution (low resolution),Unicode micro prefix in unit
Pason,RESISTIVITY1_LAGCALC,in,Resistivity 1 Lag Calc,Clean
Halliburton Logging,CRFQ,Hz,Casing Resonance Frequency,Clean
Schlumberger,SRIFR⁠,m3/h,MRSR Interval Pumpout Flowrate,Mnemonic boundary invisible character
Baker Hughes Inteq,MMRPM,rev/s,MPC main motor RPM speed,Clean
Halliburton Logging,SPO,mV,Spontaneous Potential Offset,Clean
Baker Hughes Inteq,OFFG2,dega,"GXPL orientation, tool body mark offset",Clean
Halliburton Logging,YX_ALT_Hole_Size,m,Measured Hole Diameter,Clean
Halliburton Logging,DP0BubblePress,μpsi,DP0 Bubble Point Pressure,Unicode micro prefix in unit
Schlumberger,SANDTRAP_UPSTREAM_PRES,bar,Upstream pressure at sand trap,Clean
Halliburton Logging,YX_ALT_Slowness_Peaks,μs,Slowness Peaks,Unicode micro prefix in unit
Baker Hughes Inteq,GMLON,cgr,Geomag longitude entry,Clean
Baker Hughes Inteq,RPCDSL,Nohm.mm2/m,"Resistivity Phase Diff Compensated Borehole, Dielectric and Inversion Corrected Short 400kHz",Unit-symbol case error
Schlumberger,HD_BOR_QC,in,Borehole Diameter QC Log from Borehole Inversion Model,Clean
Baker Hughes Inteq,CP7C,mV,"500 Hz row 7 spacing c differential delta module, sine",Clean
Halliburton Logging,F1HA,uV,Dipole 1 HV After,Clean
Halliburton Logging,SRTM,ms,System Response Time,Clean
Halliburton Logging,EP3PtPress,bar,EP3 Pretest Pressure,Clean
Schlumberger,P5V_PVS2_SL,mV,PVS2 +5 Volt Supply Voltage,Clean
Halliburton Logging,MNBT,ms,Min Build Up Time,Clean
Schlumberger,TQA,EJ,Surface Torque,Clean
Baker Hughes Inteq,SRA092M,ohm.cm,Electrical Image - Sector 92 - Memory,Clean
Schlumberger,T2L1_SH4,us,T2 Logarithmic Mean of Bin 1 for Shell 4,Clean
Pason,P1_CALDISPL,m3,P1 Cal Displacement,Clean
Halliburton Logging,BDip12k29​,dega,"Borehole Dip 12k 29""",Mnemonic boundary invisible character
Halliburton Logging,tULL,ms,Travel velocity based on u/l rcvrs from lower xmtr.,Mnemonic case error
Baker Hughes Inteq,APH6BS,cgr,Pad 6 frequency B average phase over pad buttons (2nd),Clean
Baker Atlas,trmst04,s,monopole multiplex waveform start time,Clean
Baker Hughes Inteq,cCV,V,MPC cable clamp voltage,Mnemonic case error
Schlumberger,TT11,s,Transit Time 11,Clean
Halliburton Logging,AHV,m3,Annular Hole Volume Increment,Clean
Schlumberger,RES_BD_IMG_T1,L,T1 Deep Button Resistivity Image,Mnemonic-unit semantic mismatch
Schlumberger,DPAP_RT,cgr,"Apparent Dip - Tool, Real-Time",Clean
Schlumberger,IXMP,kS/m,Induction Quadrature Medium Plus Conductivity,Clean
Schlumberger,P40B,ohm.m,Blended Phase Shift Resistivity 40 inch,Clean
Halliburton Logging,MGRU,ohm.m²/m,Resistivity MCGRD Unfiltered,Unicode power notation in unit
Schlumberger,AHTCB20,S/m,Array Induction Two Foot Conductivity Background A20,Clean
Schlumberger,UPMN,bar,Minimum Upper Sensor Pressure,Clean
Baker Hughes Inteq,TNSP06,us,Monopole multiplexed sample period,Clean
Baker Hughes Inteq,pSSIC,rad,"Phase shift, calib, inner rcvrs, short xmtrs, all freq",Mnemonic case error
Baker Hughes Inteq,YXAI,S/m,"Apparent conductivity unique frequency, imaginary, YX",Clean
Baker Hughes Inteq,Repeat Form. Pressure 3,ft3,Formation Pressure 3 - Real-time,Mnemonic-unit semantic mismatch
Schlumberger,RES3,kohm.m,Resistivity of Pad 3,Clean
Baker Hughes Inteq,ABDC1X,lbm/ft3,Azimuthal Bulk Density - Compensated - Sector 1 - Real-time,Clean
Halliburton Logging,INFV,L,Inflation Volume,Clean
Baker Hughes Inteq,SRA017M,kohm.m,Electrical Image - Sector 17 - Memory,Clean
Schlumberger,MUXFRQ_IFA2,Hz,IFA 2 Temperature Multiplexer Frequency,Clean
Halliburton Logging,VM34,V,Differental Voltage Measurement 3 Magnitude - Pad 4,Clean
Schlumberger,CCRPB3_DL,in,MDCC 3 Raw Bit Position,Clean
Schlumberger,HD_INVER,m,Inverted Borehole Diameter,Clean
Baker Hughes Inteq,ACCLZ,mgn,MPC accelerometer Z,Clean
Baker Hughes Inteq,CAL3S,in,Diameter from pad 3 and its opposite,Clean
Baker Hughes Inteq,DEN2,g/cm3,Compensated bulk density (2nd tool),Clean
BP,BP_RPM_DH_AVG_DEP,rev/s,Dep - RPM - Downhole,Clean
Schlumberger,RHOS,kg/m3,Short Spacing Bulk Density,Clean
Schlumberger,TT3_MU​,us,Transit Time Monopole Upper Transmitter Firing #3,Mnemonic boundary invisible character
Schlumberger,DPAA_UB_ZD6,cgr,3D Induction Group 6 Zero-D Inversion Apparent Dip Azimuth Upper Bound,Clean
Pason,MTR_MAX_TORQUE,J,Motor Max Torque,Clean
Schlumberger,COMP_TEMP,K,Compensator Temperature,Clean
Schlumberger,RODRHO_PQ2DL,g/cm3,MRPQ 2 DV-Rod Fluid Density,Clean
Halliburton Logging,T2BS,D,Mril Ben Swanson Method Permability from T2Dist,Clean
Halliburton Logging,YDP_PL_Time,s,Pick Time Reflected Shear,Clean
Schlumberger,FCAX,gn,Fast Channel (High Resolution) Acceleration on X Axis,Clean
Schlumberger,RVSRU,nohm.mm²/m,Shallow Resistivity Uncalibrated,Unicode power notation in unit
BP,BP_ECD_TD,lbm/ft3,ECD - TD (computed),Clean
Baker Hughes Inteq,PTMI,s/m,"Prop. time, inner rcvrs, med xmtrs, all freq.",Clean
Baker Hughes Inteq,iNE3,Hz,Extra long space C/O inelastic PHA spectra,Mnemonic case error
Schlumberger,DTPO,s/m,"Delta-T Compressional, Pumps Off",Clean
Halliburton Logging,AZIDIP36k50,rad,"Borehole Dip Azimuth 36k 50""",Clean
Schlumberger,hITCB10,mS/m,HITA Two Foot Conductivity Bkg A10,Mnemonic case error
Baker Hughes Inteq,IS,A,Shallow current,Clean
Schlumberger,COND_DLG3_F0_VDC,kS/m,Vertical Deconvolved Frequency 0 Differential Longitudinal Spacing 3 Conductivity,Clean
Baker Hughes Inteq,AMD5F3,mV,Raw data amplitude T5 frequency 3 (in dB/V),Clean
Schlumberger,LOCALTIME_VECTOR,ms,Local Time in seconds since 1-jan-1970,Clean
Baker Hughes Inteq,"R43	",in,Multi-arm_data - Feeler 43 radius,Mnemonic boundary whitespace
Schlumberger,KSDR_LHR,D,SDR Permeability for Lower High-Resolution Antenna,Clean
Halliburton Loggig,BHCR60K17XY,mS/m,Bore Hole Correction R60K 17In X Trans/ Y Recv,Service-company spelling error
Baker Hughes Inteq,FL57,mT,FL CHANNEL 57,Clean
Schlumberger,SFTRQ2_DL,psi,MRSF 2 Raw Quartz Gauge Pressure (Depth Logging),Clean
Schlumberger,TBIO60,kohm.m,Thrubit Induction Array One Foot Resistivity at 60 inch depth of investigation,Clean
Halliburton Logging,BHCR72K80ZZ,kS/m,Bore Hole Correction R72K 80In Z Trans/ Z Recv,Clean
Baker Hughes Inteq,SC46,ppm,Scandium 46 concentration,Clean
Pason,MTOU,degF,tgs Mud Temperature Out,Clean
Schlumberger,P16LPR,kPa,Well Pressure [16],Clean
Halliburton Logging,ESTRHON,kg/m3,Estimated Density of N2,Clean
Schlumberger,TT13,ms,Transit Time 13,Clean
Baker Hughes Inteq,ZDBH,in,Borehole size used in borehole correction,Clean
Baker Hughes Inteq,ET642,s,Elapsed time,Clean
Pason,H2ON,m3/h,Water Nozzle,Clean
Pason,ANALOG_RPM,rad/s,Analog RPM,Clean
Halliburton Logging,CM1,V,Common Mode Pad 1,Clean
BP,BP_MUD_MDI_AVG,kg/m3,Density In - Mud,Clean
Schlumberger,OBREC,ohm.m²/m,Buttons Resistivities Equalized Pad C,Unicode power notation in unit
Baker Atlas,RRGD,ohm.cm,enhanced processing deep resistivity,Clean
Baker Hughes Inteq,ADSA9M,lbm/ft3,Azimuthal Density - Short Space - Apparent - Sector 9 - Memory,Clean
Schlumberger,VRAM_F1_C1,V,"Voltage Return, Amplitude, Frequency 1, Pad C and Button 1",Clean
Baker Hughes Inteq,TSST,ms,Dipole multiplexed waveform Start time,Clean
Pason,SAMPLE_LAGCALC,in,Sample Lag Calc,Clean
Baker Hughes Inteq,1PWTN,ohm.m,Packed pad 1 block (buttons 1-24),Mnemonic typographical error
Schlumbergr,PT_BSG3_FORM_PRESS,psi,Pretest Formation Pressure from MDT Single Probe 3 Strain Gauge (BSG3),Service-company spelling error
Baker Hughes Inteq,ABDC8X,kg/m3,Azimuthal Bulk Density - Compensated - Sector 8 - Real-time,Clean
Halliburton Logging,CT02,S/m,20 in Radial Conductivity 2ft,Clean
Schlumberger,PKTI_MLX,s,Peak Time for Slowness-Time Coherence for Monopole Lower Transmitter Custom Frequency Firing Monopole Component,Clean
Schlumberger,DC_H2O,m2/s,Computed Water Diffusion Coefficient,Clean
Halliburton Logging,LOG2,mx,Logarithmic Mean 2,Unit-symbol typographical error
Schlumberger,PS_DTR4_F1,dega,Frequency 1 Transverse Spacing 4 Phase Shift,Clean
Baker Hughes Inteq,PZDL2,0.001 Gal[US]/bbl,Porosity for dolomite matrix (2nd tool),Unit-symbol case error
Schlumberger,TNEAU,kHz,"Thermal Neutron Near Count Rates, Up",Clean
Schlumberger,HEX_APD,kg/m3,C6+ Average Partial Density,Clean
Halliburton Logging,BHCR84K80ZZ,mS/m,Bore Hole Correction R84K 80In Z Trans/ Z Recv,Clean
Schlumberger,MNSL,s/m,"Minimum Labeling Slowness, Compressional",Clean
Baker Hughes Inteq,PO1A3,%,Third T2 accumulated partial porosity sum,Clean
Pason,MMTOR,GJ,Motor Max Torque,Clean
Schlumberger,SHSP,V,Short Spacing High Voltage Set Point,Clean
Schlumberger,TCEM_MODEL1,ft,RST Predicted Cement Thickness Model 1,Clean
Baker Hughes Inteq,RMYGGX,mT,Raw X-Axis magnetometer shifted to GXPL,Clean
Baker Hughes Inteq,DRATA20X,kohm.m,Resistivity - Attenuation - Apparent - 20 kHz - Real-time,Clean
Schlumberger,ZAIT_RCNSTR_72,kS/m,3D Induction 1D Inversion Reconstructed Data for 72-inch array,Clean
Baker Hughes Inteq,EPSSOE,uF/m,"Rel permittivity estimate short xmtrs outer rcvrs, all freq.",Clean
Baker Hughes Inteq,BP01,mV,Band pass filter 200-600 Hz passband,Clean
Baker Hughes Inteq,PBMAP,rad,Percent bond cement map,Clean
Halliburton Logging,UFMP_ALT_Comp_Freq,µHz,Pick Frequency,Unicode micro prefix in unit
Baker Hughes Inteq,BTN6⁠,V,Resistivity trace from button 6,Mnemonic boundary invisible character
Schlumberger,DCLM_PF_T1_SH2,m2/d,Diffusion Coefficient Logarithmic Mean Profile indexed by T1 for Shell 2,Clean
Baker Hughes Inteq,AMXTH,in,Azimuthal maximum thickness,Clean
Baker Hughes Inteq,CDESO,mS/m,Conductivity short xmtrs outer rcvrs all frequencies,Clean
Baker Hughes Inteq,SRA041M,ohm.m²/m,Electrical Image - Sector 41 - Memory,Unicode power notation in unit
Schlumberger,CPPV2_DL,m3,MDCP 2 Pretest Volume,Clean
Baker Hughes Inteq,NBGRSSRPMINM,rpm,Near Bit Stick Slip RPM Minimum - Memory,Clean
Baker Hughes Inteq,MNR5B,ohm.m,Pad 5 frequency B minimum button resistivity,Clean
Baker Hughes Inteq,PO10A3,Euc,Third T2 accumulated partial porosity sum,Clean
Baker Hughes Inteq,SRA41X,ohm.m,Electrical Image - Sector 41 - Real-time,Clean
Schlumberger,BATT_CURR_S,mA,Battery Current (Slow Channel),Clean
Baker Hughes Inteq,TXYSP01K,ms,XY-axis multiplexed sample period,Clean
Halliburton Logging,bHCR60K17ZY,mS/m,Bore Hole Correction R60K 17In Z Trans/ Y Recv,Mnemonic case error
Baker Hughes Inteq,HCAC2,uA,AC power supply 2 current,Clean
Halliburton Logging,YY_ALT_Hole_Size,ft,Measured Hole Diameter,Clean
Schlumberger,BRS1,InHg[32degF],MRPS 1 Raw Strain Gauge Pressure,Unit-symbol case error
Schlumberger,P16H_COND,S/m,"Phase Shift Conductivity 16 inch Spacing at 2 MHz, Environmentally Corrected",Clean
Schlumbergr,BFAD_MAX_SH,rad,Borehole failure dip for the maximum shear failure,Service-company spelling error
Schlumberger,GFBM2,kHz,GHOST-2 Filtered Bubble Count Rate Average,Clean
Schlumberger,PFC2_TL,ft,PFCS Calibrated Y Caliper,Clean
Halliburton Logging,BHCR84K29ZZ,mS/m,Bore Hole Correction R84K 29In Z Trans/ Z Recv,Clean
Baker Hughes Inteq,TENGT,N,Differential tension referenced to GTI,Clean
Halliburton Logging,EPS3P2TEMP,edgC,EPS3 P2 Quartz Gauge Temperature,Unit-symbol typographical error
Schlumberger,T2LM_A2P1_DH,s,"Antenna 2 T2 Logarithmic Mean with Processing Parameter Set 1(FECHO_1, NECH_USED_1 and REG_PARF_1), Downhole",Clean
Baker Hughes Inteq,OFFPK,rad,"Orientation, packer offset",Clean
Schlumberger,MXTT,us,Maximum MAP Transit Time,Clean
BP,BP_MUD_MFO_AVG_DEP,L/min,Dep - Flow Out - Mud,Clean
Schlumberger,CRVP_7_5,ms/m,Compressional Radial Variation Profile at 7.5 Inch Radial Depth from Borehole Surface,Clean
Baker Hughes Inteq,TAUXY,ms,"Sampling period for X transmitter, Y receiver",Clean
Baker Hughes Inteq,CV1C,mV,"Module calibration voltage 1 for R/C, 1986MA",Clean
Schlumberger,DTIME_06,ms,Delta Time From Transient 06 Start,Clean
Schlumberger,RDT,h/km,Reconstructed Delta-T (SXO=SW),Clean
Baker Hughes Inteq,PO6A3,Euc,Third T2 accumulated partial porosity sum,Clean
Schlumberger,COND_DTE1_F2_VDC,kS/m,Vertical Deconvolved Frequency 2 Differential Transverse Electric Conductivity,Clean
Baker Hughes Inteq,R41,m,Multi-arm_data - Feeler 41 radius,Clean
Schlumberger,P22B_COND_UNC,mS/m,Uncorrected Blended Phase-Shift Conductivity 22 inch,Clean
Schlumberger,HEX_CGA2_DL,g/cm3,CGA2 C6+ Partial Density (Depth Logging),Clean
Schlumberger,QWCH,m3/h,Water Channel Flowrate,Clean
Halliburton Logging,DVM1,V,Diff Voltage Min Pad 1,Clean
Baker Atlas,DFRM,nohm.mm²/m,mud resistivity from rmudtmp2_0 pfn,Unicode power notation in unit
Schlumberger,DPAP_ZD4_DISPLAY,rad,3D Induction Group 4 Zero-D Inversion Apparent Dip Magnitude (modified to display tadpoles less frequently),Clean
Schlumberger,RFFD,kHz,Raw Far FDC Count Rate,Clean
Schlumberger,IR27,m,Internal Radius 27,Clean
Schlumberger,RES_BD_LF,ohm.m,"Deep Button Resistivity, Left",Clean
Baker Hughes Inteq,PO1A5,ppm,Fifth T2 accumulated partial porosity sum,Clean
Baker Hughes Inteq,FLR44,mT,FLR_44,Clean
Halliburton Logging,60kRH80,kohm.m,60k Rh 80 inch for the MCIV1D,Clean
Schlumberger,DF,lbf,Uncalibrated Downhole Force,Clean
Baker Hughes Inteq,DIS50,T,DIS CHANNEL 50,Clean
Schlumberger,AHFCB,S/m,Array Induction Four Foot Conductivity Background,Clean
Baker Hughes Inteq,PDCSS,ppm,Corrected porosity for sandstone matrix,Clean
Schlumberger,RB_FSI,bar,Relative Bearing Memorized,Mnemonic-unit semantic mismatch
Schlumberger,ACC,mgn,Acceleration,Clean
BP,BP_GAS_ADV_C4_ISO,%,Iso-Butane (iC4) - Advanced service,Clean
Baker Hughes Inteq,CHR1NC5_AVG,ppm,Normal Pentane- Average,Clean
Baker Hughes Inteq,SGCPF,bar,Strain gauge pressure (filtered),Clean
Baker Hughes Inteq,ADRHUX,g/cm3,Azimuthal Delta Rho - Up Quadrant - Real-time,Clean
Schlumberger,SOBS,m,Label Borehole Size for Bias Correction,Clean
Baker Hughes Inteq,PO7A3,%,Third T2 accumulated partial porosity sum,Clean
Halliburton Logging,BHCR60K80YZ​,kS/m,Bore Hole Correction R60K 80In Y Trans/ Z Recv,Mnemonic boundary invisible character
Baker Hughes Inteq,PORDSS2,Euc,Porosity for sandstone matrix (2nd tool),Clean
Halliburton Logging,Attenuation,B/m,Attenuation,Clean
Baker Hughes Inteq,TFSP01,us,Monopole multiplexed sample period,Clean
Baker Hughes Inteq,AMD5F1,mV,Raw data amplitude T5 frequency 1 (in dB/V),Clean
Halliburton Logging,UMP_ALT_Comp_Time,µs,Pick Time,Unicode micro prefix in unit
Schlumberger,RHSA,g/cm3,Short Spacing Apparent Density,Clean
Baker Hughes Inteq,SPNRM,Hz,Mean deviation of spinner,Clean
Schlumberger,B3TV,degF,MRPS 3 Strain Gauge Temperature,Clean
Schlumberger,PAQP_DL,bar,MRPA Quartz Gauge Pressure,Clean
Halliburton Logging,EP2P1HorizMob,D/(Pa.s),EP2P1 Horizontal Mobility,Clean
Pason,AD_DIFFPRESS_SP,bar,AutoDriller Diff Press SP,Clean
Schlumberger,DPAP21_1D,dega,3D Induction 1D Inversion Apparent Dip Magnitude from 21 inch Array,Clean
Schlumberger,AT_DLG2_F1,dB,Frequency 1 Longitudinal Spacing 2 Attenuation,Clean
Schlumberger,AT_DTR4_F2_HR,dB,High Resolution Frequency 2 Transverse Spacing 4 Attenuation,Clean
Halliburton Logging,AZIDIP60k80,cgr,"Borehole Dip Azimuth 60k 80""",Clean
Baker Hughes Inteq,MSDEPTH,in,Depth of 1970MB/1979MA 2nd packer,Clean
Halliburton Logging,NOIS_Az6,uV,Az6 Noise Amplitude Baseline,Clean
Halliburton Logging,YDP_ALT_PL_DT,us,Sonic Delta-T Reflected Shear,Clean
Schlumberger,T1L1_SH3,s,T1 Logarithmic Mean of Bin 1 for Shell 3,Clean
Baker Hughes Inteq,SRA39X,ohm.cm,Electrical Image - Sector 39 - Real-time,Clean
Schlumberger,SRVP_5_0_FAST_T,h/km,Shear Radial Variation Profile at 5.0 Inch Radial Depth from Borehole Surface for FAST Waveform Transmitter Array,Clean
Halliburton Logging,RA5,ohm.m,Resistivity corrected Apparent Resistivity Mode 5,Clean
Baker Hughes Inteq,FLR11,T,FLR_11,Clean
Schlumberger,PATV,degF,MRPA Strain Gauge Temperature,Clean
Schlumberger,FPV1,bbl,MRFC 1 Piston Volume,Clean
Halliburton Logging,BHCR84K06ZZ,KS/m,Bore Hole Correction R84K 06In Z Trans/ Z Recv,Unit-symbol case error
Schlumberger,REL_DIP,gcr,Relative Dip Angle,Unit-symbol typographical error
Baker Hughes Inteq,RIGHEAVE,ft,Rig Heave,Clean
Pason,N2VO,m3/d,Nitrogen Volume Out,Clean
Pason,OVER_PULL,lbf,Over Pull,Clean
Halliburton Logging,UMP_ALT_Comp_Freq,kHz,Pick Frequency,Clean
Baker Hughes Inteq,FL90,T,FL CHANNEL 90,Clean
Baker Hughes Inteq,ZDLSSP,MHz,"SOFT,SFT2,HRD1,HRD2 in channels 0-255",Clean
Pason,PASON_LAG,ft,Pason Lag Depth,Clean
Schlumberger,RZR3,ohm.m,Third radial zone resistivity,Clean
Schlumberger,ZDPS_RT,dega,MXW Z-measurement with tilted receiverd Phase Shift.,Clean
Schlumberger,T1LM_W_SH1,s,Logarithmic Mean of Water T1 Distribution for Shell 1,Clean
Baker Hughes Inteq,ARAD16,ft,Reflectance traveltime radius 16 points (22.5 deg),Clean
BP,BP_TEMP_DH,K,Temperature - Mud - Annulus,Clean
Schlumberger,ZVBQ,μV,"upper bridle Voltage in Mode 1, quadrature",Unicode micro prefix in unit
Schlumberger,LIER,m,DIT-E Length of Invasion (from ER Phasor),Clean
Halliburton Logging,BHCR84K29YY,S/m,Bore Hole Correction R84K 29In Y Trans/ Y Recv,Clean
Schlumberger,UCHO,m,"Ultrasonic Caliper, Horizontal Diameter",Clean
Schlumberger,FTT6,s,Transit Time - SAM6,Clean
Halliburton Logging,XDP_ST_Time,s,Pick Time,Clean
Schlumberger,SWPC,Euc,Water Saturation from Capillary Pressure Computation,Clean
BP,BP_PITVOL_BRN3,bbl,Tank Volume - Brine 3,Clean
Schlumberger,CCOD,lbm/ft3,Current Concentrator Out Density,Clean
Halliburton Logging,TMLL,us,Travel velocity based on m/l rcvrs from lower xmtr.,Clean
Baker Hughes Inteq,BDC2,mV,"Background DC level, LS detector",Clean
Baker Hughes Inteq,MPHEA5,Euc,MR effective porosity for 5th T2 process,Clean
Baker Hughes Inteq,Time to Fill,us,Time to Fill,Clean
Schlumberger,H2EP,MHz,APS High Resolution Array-2 Detector Count Rate,Clean
Schlumberger,SRVP_5_0_YD_T,h/km,Shear Radial Variation Profile at 5.0 Inch Radial Depth from Borehole Surface for YD Waveform Transmitter Array,Clean
Halliburton Logging,ADEPT,m,Actual Depth,Clean
Baker Hughes Inteq,RWAZC,h,Apparent formation water resistivity (corrected),Mnemonic-unit semantic mismatch
Schlumberger,DPAP_ZD6_CURVEDISPLAY,degF,3D Induction Group 6 Zero-D Inversion Apparent Dip Magnitude (continuous curve display),Mnemonic-unit semantic mismatch
Baker Hughes Inteq,BKL,MHz,Long space background count rate,Clean
Schlumberger,RES_BD2,kohm.m,"Resistivity Deep, Octant 2",Clean
Pason,CEMENT_WATER_RATE,m3/h,Cement Water Rate,Clean
Schlumberger,PRSA_UPR,kPa,Upper Sensor Annulus Pressure,Clean
Baker Hughes Intq,SFLDM,h/km,Fluid Wave Slowness (measured),Service-company spelling error
Schlumberger,M02X,uA,"Raw Monitor 0 Current from Transmitter 2, Out Of Phase",Clean
Halliburton Logging,MM_DIFF_RHO,g/cm3,Maximum - Minimum,Clean
Halliburton Logging,RXOL,kohm.m,ALAT Invaded Resistivity,Clean
Schlumberger,NER1U,kHz,"Neutron Near Tube 1 Count Rate, Up",Clean
Halliburton Logging,CO6,mS/m,6 in Radial Conductivity 1ft,Clean
Schlumberger,SRSF_DL,MHz,MRSR Strain Gauge Frequency,Clean
Schlumberger,P_EXT_06,FPa,Extrapolated Pressure Transient 06,Unit-symbol case error
Baker Hughes Inteq,SPDA,ft/min,Average speed,Clean
Schlumberger,OBRED,ohm.m,Buttons Resistivities Equalized Pad D,Clean
Schlumberger,ESPTIM,ms,End of the Spherical Flow Regime Interval Time,Clean
Baker Hughes Inteq,"RDELO	",ohm.m,Resistivity long xmtrs outer rcvrs all frequencies,Mnemonic boundary whitespace
Schlumberger,NFD9_SL,kg/m3,Fluid Density Pass 9 - Station Log,Clean
Halliburton Logging,PRVTX,uV,Pre-regulated voltage Xmter,Clean
Baker Hughes Inteq,RPADS,bar,Packer retract pressure (2nd tool),Clean
Schlumberger,AVMA,cv,Normalized Average MAP Amplitude,Unit-symbol case error
Halliburton Logging,AZIDIP72k17,cgr,"Borehole Dip Azimuth 72k 17""",Clean
Baker Hughes Inteq,DIS56,T,DIS CHANNEL 56,Clean
Baker Atlas,txyst10,us,x-y axis dipole multiplexed waveform start time,Clean
Numar MRI Logging,BVIMD,ppm,MRIL bulk volume irreducible (decimal) from Numar MRIAN processing. May differ from MBVI slightly in that a noise filter may be applied.,Clean
Halliburton Logging,MXFR,m3/d,Maximum Flow Rate,Clean
Schlumberger,RN9,Hz,Raw Near Gate 9,Clean
Halliburton Logging,RF30,ohm.cm,30 in Radial Resistivity 4ft,Clean
Schlumberger,CCS_RM,psi,Confined Compressive Strength: Rock Mechanics,Clean
Schlumberger,DPAP_LB_ZD4,dega,3D Induction Group 4 Zero-D Inversion Apparent Dip Magnitude Lower Bound,Clean
Baker Hughes Inteq,SPRD,ft,Final spline radii,Clean
Schlumberger,CUREDT,ms,Current Equivalent Drilling Time in 10 Hours,Clean
Schlumberger,RWSP,ohm.m,RW Computed from SP,Clean
Baker Hughes Inteq,ATK_INNM2,rad,Near Bit Inclination - Memory,Clean
Schlumberger,ITP,kPa,Tool Internal Pressure,Mnemonic typographical error
Schlumberger,TICO5_MH,ft3/d,Compressional Integrated Transit Time for Receiver 5 - Monopole High,Mnemonic-unit semantic mismatch
Schlumberger,A22H_UNC_DH_ECO_RT,MHz,"ARC Uncorrected Attenuation Resistivity 22 inch Spacing at 2 MHz, Real-Time, Computed Downhole",Mnemonic-unit semantic mismatch
Halliburton Logging,sT_Slowness_Peaks,ms,Slowness Peaks,Mnemonic case error
Baker Hughes Inteq,CORR2,lbm/ft3,Density correction (2nd tool),Clean
Schlumberger,POUDRCV2,L,MRPOUD 2 Raw Continuous Volume,Clean
Baker Hughes Inteq,RBXE,dega,Relative bearing of acoustic Y-receiver to borehole highside,Clean
Schlumberger,PKRES,ohm.m,Resistivity at histogram peak,Clean
Halliburton Logging,LOCG,mgn,Local Gravity Field,Clean
Halliburton Logging,PRIN,bar,FPS Inlet Pressure,Clean
Baker Hughes Inteq,"  FIN60A",in,Finger radius amplitude for 60 finger tool array,Mnemonic boundary whitespace
Schlumberger,RCOY,ohm,Contact Resistance Y,Clean
Baker Hughes Inteq,PO12A2,Euc,Second T2 accumulated partial porosity sum,Clean
Schlumberger,cCRSLP2,psi,MDCC 2 Raw Set Line Pressure,Mnemonic case error
Pason,GA_TRAP_MOTOR_TEMP,degC,GA Trap Motor Temp,Clean
Schlumberger,A6HX,S/m,"AIT-B High Frequency, Quad Array #6 Conductivity",Clean
Schlumberger,SXO_DLG1_XP,ppm,Longitudinal Differential Spacing 1 SXO Express,Clean
Baker Hughes Inteq,DTVDT,m,"Change in true vertical depth, tilt sensor",Clean
Schlumberger,CMCU,μA,Coring Motor Current,Unicode micro prefix in unit
Baker Hughes Inteq,SPNRA,Hz,Averaged spinner,Clean
Schlumberger,RSCN_04,µHz,"Near Effective Capture Count Rate, pass 04",Unicode micro prefix in unit
Halliburton Logging,RA3,kohm.m,Resistivity corrected Apparent Resistivity Mode 3,Clean
Halliburton Logging,CMC1,Euc,Contamination Maximum by baseline Capacitance 1,Clean
Baker Hughes Inteq,LFR23,mT,FLR_23,Mnemonic typographical error
Schlumberger,"  SFTQDP2",psi,MRSF 2 Quartzdyne Gauge Sensor Raw Pressure,Mnemonic boundary whitespace
Baker Hughes Inteq,PO4A4,ppm,Fourth T2 accumulated partial porosity sum,Clean
Halliburton Logging,FLUIDFLWTMP,degC,Fluid Flowing Temperature,Clean
Schlumberger,SIFU,ni2,"Sigma Formation, Up",Unit-symbol typographical error
Schlumberger,BHR,m,Borehole Radius,Clean
Schlumberger,DPAZ_UB_ZD1,cgr,3D Induction Group 1 Zero-D Inversion True Dip Azimuth Upper Bound,Clean
Halliburton Logging,RT10,ohm.m,10 in Radial Resistivity 2ft,Clean
Baker Hughes Inteq,NPCLFM,%,Neutron Porosity - Caliper Corrected - Limestone - Filtered - Memory,Clean
Baker Hughes Inteq,SRA56X,dega,Electrical Image - Sector 56 - Real-time,Mnemonic-unit semantic mismatch
Schlumberger,BATT_LONG_DIS,B,BHC Attenuation Long Distance for Cement Evaluation,Clean
Baker Hughes Inteq,Z1RMSR,mgn,Axial Acceleration & Max 1 Sec RMS - Memory,Clean
Baker Hughes Inteq,FLMAP,Euc,Pipe map curve,Clean
Schlumberger,PHSF,dega,Phase Resistivity Angle,Clean
Schlumberger,CHOKE_PRESSURE_DROP,bar,Computed choke pressure drop,Clean
Baker Hughes Inteq,ONESB,bar,Pressure less than 10,Clean
Baker Hughes Inteq,AZST,Rad,Azimuth of reference pad for STAR,Unit-symbol case error
Baker Hughes Inteq,SPUPD,μHz,Spinner up revolutions per second,Unicode micro prefix in unit
Baker Hughes Inteq,B08L,dega,"Phase, 8 Hz, long spacing offset 360 degrees",Clean
Schlumberger,FEDC,MHz,Far Epithermal Detector Counts,Clean
Schlumberger,DTPO_4_RT,s/m,"Delta-T Compressional, Pumps Off",Clean
Halliburton Logging,RESBASE,ohm.m,Resistivity Base Line,Clean
Baker Hughes Inteq,R26,in,Multi-arm_data - Feeler 26 radius,Clean
Baker Hughes Inteq,APH6A,rad,Pad 6 frequency A average phase over pad buttons,Clean
Halliburton Logging,BHCR36K17YX,mS/m,Bore Hole Correction R36K 17In Y Trans/ X Recv,Clean
Schlumberger,A36P,V,Analog 36 for PIM,Clean
Halliburton Logging,72kDip50,S/m,72k Dip 50 inch for the MCIV1D,Mnemonic-unit semantic mismatch
Halliburton Logging,CPCT,ppm,Carbon dioxide (CO2) density Percent,Clean
Halliburton Logging,NOIS_Az3,V,Az3 Noise Amplitude Baseline,Clean
Baker Hughes Inteq,RCPERMC,%,Sentinel Dielectric constant of fluid in R/C sensor,Clean
Halliburton Logging,HMCN,S/m,Medium Conductivity,Clean
Pason,CIC,Euc,Carbonate ion concentr.,Clean
Halliburton Logging,48kSK29,cgr,84k Strike 29 inch for the MCIV1D,Mnemonic typographical error
Halliburton Logging,UMP_ALT_ST_Time,s,Pick Time,Clean
Pason,HC_FLOW,L/min,Hydrocarbon Flow,Clean
Baker Hughes Inteq,TEMPS,K,Temperature (2nd tool),Clean
Schlumberger,DRH2,bar,MRDP 2 Raw Horizontal Strain Gauge Pressure,Clean
Halliburton Logging,QUU5,L/min,Quality U5,Mnemonic-unit semantic mismatch
Baker Hughes Inteq,SRA40X⁠,ohm.m,Electrical Image - Sector 40 - Real-time,Mnemonic boundary invisible character
Baker Hughes Inteq,TFCAP,F,Tuning fork computed static capacitance,Clean
Schlumberger,RBSU,m2,"Raw Borehole Sigma, Up",Clean
Schlumberger,DENS,kg/m3,Densities Channel,Clean
Schlumberger,sPDC_LFA2_DL,mV,LFA2 Spectrometer Dark Calibration Data (Depth Logging),Mnemonic case error
Schlumberger,DSF_CUTTINGS_DENSITY,g/cm3,Density of the Cuttings,Clean
Baker Hughes Inteq,BT4C,uV,Gain corrected value from button 4,Clean
Schlumbergr,RV_LL_UB_ZD4,ohm.m,3D Induction Group 4 Zero-D Inversion Vertical Resistivity Low Likelihood Upper Bound,Service-company spelling error
Schlumbergr,TAUX2,V,"TMT AUX2, auxiliary channel for future measurement",Service-company spelling error
Schlumberger,"TODEPTH	",m,Tool Depth,Mnemonic boundary whitespace
Schlumberger,AQABN,mS/m,Array Induction Quality Control Borehole Corrected Non-Filtered Array Signal,Clean
Baker Hughes Inteq,FLC38,uT,FLC_38,Clean
Baker Hughes Inteq,FLC36,mT,FLC_36,Clean
Schlumberger,PARH_DL​,psi,MRPA Raw Inflate Pressure,Mnemonic boundary invisible character
Baker Hughes Inteq,SLEN,ms,Signature length,Clean
Schlumberger,SPI2_TL,rpm,Spinner 2 Rotational Velocity,Clean
Baker Hughes Inteq,SRA026M,ohm.m,Electrical Image - Sector 26 - Memory,Clean
Halliburton Logging,LVDV,mV,LVDS Volts,Clean
Halliburton Logging,RTN3,ohm.m,Formation resistivity mode3 obtained for non invaded solution,Clean
Halliburton Loggig,CTEF,%,Contamination Fit Based On Est. Resistivity,Service-company spelling error
Halliburton Logging,TrueAzimuth84k17,A,"True Dip Azimuth 84k 17""",Mnemonic-unit semantic mismatch
Schlumberger,WDE3,ms,Waveform Delay 3,Clean
Baker Hughes Inteq,FL45,T,FL CHANNEL 45,Clean
Baker Hughes Inteq,sRCY,us,"Source service date, year",Mnemonic case error
Schlumberger,HEX_PD_OP1,lbm/ft3,TNOP 1 C6+ Partial Density,Clean
Schlumberger,DFMN1_FSI_SL⁠,V,Electrical Probe 1 Minimum Voltage - Station Log,Mnemonic boundary invisible character
Baker Atlas,CHT.T,kgf,Cable Head Tension (Time-based),Clean
Schlumberger,p16L_UNC_DH_ECO_RT,ohm.cm,"ARC Uncorrected Phase Shift Resistivity 16 inch at 400 KHz, Real-Time, Computed Downhole",Mnemonic case error
Schlumberger,DHF3_DL,MHz,MRDP 3 Horizontal Strain Gauge Frequency,Clean
Halliburton Logging,MXHB,%,Max Borehole Potassium Running Average Error,Clean
Baker Hughes Inteq,ZI2BUS,Dohm,Freq 2 pad 2 capacitive part of complex formation impedance,Unit-symbol case error
BP,BP_PRESS_CASING​,bar,Pressure - Casing Annulus,Mnemonic boundary invisible character
Baker Hughes Inteq,AZGFWS,mgn,Filtered Z-axis accelerometer shifted to WGI (2nd tool),Clean
Baker Hughes Inteq,FLC84,mT,FLC_84,Clean
Schlumberger,QLD_FSI,m3/h,Downhole Computed Liquid Flowrate,Clean
Schlumberger,RNGP,MHz,Raw GPPT Near Counts,Clean
Schlumberger,TBSC_SL,Hz,Bottom Sand Detection Tool Total Count Rate - Station Log,Clean
Schlumberger,C66_ORTHO,psi,C66 for Orthorhombic Formation in a Vertical Well,Clean
Halliburton Logging,CO12,kS/m,120 in Radial Conductivity 1ft,Clean
Schlumberger,UR14,µm,Uncalibrated Radius 14,Unicode micro prefix in unit
Schlumberger,CPPVSQ1_DL,L,MDCP 1 Current Sequence Pretest Volume,Clean
Schlumberger,RES_BM2,nohm.mm²/m,"Resistivity Medium, Octant 2",Unicode power notation in unit
Schlumberger,SPHASE_SH2,cgr,Signal Phase for Shell 2,Clean
Halliburton Logging,ESTRHOM,kg/m3,Estimated Density of Mud,Clean
Halliburton Logging,OUT_PRESSURE,kPa,Outlet Pressure,Clean
Baker Hughes Inteq,ZR1BU,Gohm,Frequency 2 pad 1 resistance,Clean
Baker Hughes Inteq,TCORR,s,Vertical time from seismic datum to receiver - Real-time,Clean
Baker Hughes Inteq,FLC56,μgauss,FLC_56,Unicode micro prefix in unit
Schlumberger,TW7,kHz,Tracer Window 7,Clean
Schlumberger,BIT_DEPTH,m,Bit Depth,Clean
Schlumberger,FPN2,spi,Fracture Pressure for Non-invaded Formations Type 2 (with Tensile Strength),Unit-symbol typographical error
Schlumberger,DPAZ54_1DF,rad,3D Induction 1D Inversion Filtered True Dip Azimuth from 54 inch Array,Clean
Schlumberger,BDT2_DL,K,MRPS 2 Quartzdyne Temperature,Clean
Schlumberger,TICO_MFM,s,Compressional Integrated Transit Time for Monopole Far Transmitter Mid Frequency Firing,Clean
Schlumberger,P07DIA,ft,Hole Diameter [07],Clean
Halliburton Logging,NOIS_Az4⁠,V,Az4 Noise Amplitude Baseline,Mnemonic boundary invisible character
Baker Hughes Inteq,CRPERM,Euc,Dielectric constant of fluid in R/C sensor,Mnemonic typographical error
Schlumberger,AE10,ohm.cm,Array Induction Resistivity Environmentally Compensated Log Processing AE10,Clean
Baker Hughes Inteq,ST2810LAW,in,2810LA WHI depth reference,Clean
Schlumbergr,AFCO10,kS/m,Array Induction Four Foot Conductivity A10,Service-company spelling error
Schlumberger,"ZBPH_F2_C_E﻿",rad,"Impedance of Buttons, Phase, Frequency 2, Pad C and Equalized",Mnemonic boundary invisible character
Schlumberger,P07TGR,deltaC/m,PLQL Temperature Gradient [07],Clean
Halliburton Logging,LSO,m,Left Standoff,Clean
Schlumberger,PS_DTR3_F0_HR_SIG,cgr,Uncertainty of High Resolution Frequency 0Transverse Spacing 3 Phase Shift,Clean
Schlumberger,DPTR39_LB_1DF,cgr,3D Induction 1D Inversion Filtered True Dip Magnitude Lower Bound from 39 inch Array,Clean
Baker Atlas,PERM(1),DT[API],NMR Permeability,Unit-symbol typographical error
Schlumberger,QDPRESS_PA3_DL,Hz,MRPA 3 Quartzdyne Gauge Sensor Pressure (Depth Logging),Mnemonic-unit semantic mismatch
Halliburton Logging,LPMHV,uV,Long Photo Multiplier HV,Clean
Halliburton Logging,BHCR84K17XZ,kS/m,Bore Hole Correction R84K 17In X Trans/ Z Recv,Clean
Halliburton Logging,Temp Stab P2,deltaF/h,Quartz Temperature Stability Probe 2,Clean
Schlumberger,RN9_SL,km,Near Count Rate From Gate 09,Mnemonic-unit semantic mismatch
Baker Hughes Inteq,FL34,T,FL CHANNEL 34,Clean
Schlumberger,PQPRCORR1,psi,Correction Applied to the MRPQ 1 Quartz Gauge Sensor Pressure,Clean
BP,BP_GAS_ADV_C5_NORM,ppm,Normal-Pentane (nC5) - Advanced service,Clean
Halliburton Logging,HorizRes36k80,ohm.m,"Horizontal Resistivity 36k 80""",Clean
Halliburton Logging,RT30,ohm.m,30 in Radial Resistivity 2ft,Clean
Baker Hughes Inteq,R37,ft,Multi-arm_data - Feeler 37 radius,Clean
Baker Hughes Inteq,ABDCX,lbm/ft3,Bulk Density - Compensated - Image - Real-time,Clean
Schlumberger,DC_WAT_T1_UHR,m2/d,Computed Water Diffusion Coefficient indexed by T1 for Upper High-Resolution Antenna,Clean
Halliburton Logging,BDip12k17,cgr,"Borehole Dip 12k 17""",Clean
Schlumberger,FAZ3,μHz,"Calibrated Neutron Far Tube 3 Count Rates, 8-Sector Waveformm",Unicode micro prefix in unit
Baker Hughes Inteq,SPUPC,Hz,Spinner up revolutions per second,Clean
Baker Hughes Inteq,MLR4C,nohm.mm²/m,"RTeX deep resistivity 4, adaptive borehole correction",Unicode power notation in unit
Halliburton Logging,BHCR36K50XX,kS/m,Bore Hole Correction R36K 50In X Trans/ X Recv,Clean
Baker Hughes Inteq,HVDC2,mV,DC power supply 2 voltage,Clean
Baker Hughes Inteq,TTF1,ms,"Traveltime subcycle 0, T1R1",Clean
Baker Hughes Inteq,LSPORS,ppm,Long space porosity (2nd tool),Clean
Schlumberger,HAZ,gn,Z-Axis Acceleration,Clean
Schlumberger,MOD_SR_PRES,0.01 Lbf/ft2,Interval Pressure Transient Test Modeled Source Pressure from Final Regression or Forward Modeling,Unit-symbol case error
Schlumberger,OPRS,N/mm²,Overburden Pressure,Unicode power notation in unit
Schlumberger,TFAR_DH_ECO_RT,MHz,"Thermal Neutron Far Count Rates, Average, Real-Time, Computed Downhole",Clean
Baker Hughes Inteq,MPRMA5,D,MR permeability from 5th T2 MPHE,Clean
Schlumberger,SDDTIM1,ms,Start of Drawdown Time First Approximation,Clean
Schlumberger,RZVA1Q,uV,"Uncalibrated Auxiliary Monitoring Voltage 1, quadrature",Clean
Schlumberger,RESN,ohm/m,Casing Resistance N,Clean
Schlumberger,AZIM_CONT_RT,rad,"Continuous Azimuth, Real-Time",Clean
Schlumberger,ROPI,s/m,Inverse ROP for last 1 ft (.3 m),Clean
Schlumberger,FX_SL,Oe,Magnetometer X-Axis,Clean
Baker Hughes Inteq,RBCB,dega,Relative bearing (relative to borehole high side) for CBIL,Clean
Baker Hughes Inteq,ABDC12X,kg/m3,Azimuthal Bulk Density - Compensated - Sector 12 - Real-time,Clean
Schlumberger,DPAP15_UB_1D,µrad,3D Induction 1D Inversion Apparent Dip Magnitude Upper Bound from 15 inch Array,Unicode micro prefix in unit
Baker Hughes Inteq,RPCEL,ohm.m,Resistivity Phase Diff Compensated Borehole and Dielectric Corrected Long 400kHz,Clean
Baker Hughes Inteq,DIS91,mT,DIS CHANNEL 91,Clean
Schlumberger,DHF1,kHz,MRDP 1 Horizontal Strain Gauge Frequency,Clean
Baker Hughes Inteq,PORZDL2,Euc,Porosity for dolomite matrix (2nd tool),Clean
Baker Hughes Inteq,QS1P,kPa,"Tic mark for drawdown pres. every 0.1 psi, perimetral sensor",Clean
Schlumberger,HIT30,kohm.m,HITA Two Foot Resistivity A30,Clean
Schlumberger,CWL,kg/m3,Current Wellhead Slurry Density,Clean
Baker Hughes Inteq,BCVOW,m3,Borehole cumulative volume,Clean
Schlumberger,BDUA,ohm.cm,RAB Deep Button Resistivity at User Azimuth,Clean
Baker Hughes Inteq,FL29,T,FL CHANNEL 29,Clean
Baker Hughes Inteq,TEMP5,ft3,Temperature 5,Mnemonic-unit semantic mismatch
Schlumberger,RLAT,B/m,Raw Lower Attenuation from Downhole Tool,Clean
Baker Hughes Inteq,XINSAT,rad,X axis inclination,Clean
Halliburton Logging,XDP_XX_DT,us,Sonic Delta-T,Clean
Schlumberger,QHBD_AVG,m3/h,Averaged Downhole Hydrocarbon Flowrate from Bubble Count,Clean
Schlumberger,DFMN1_FSI,uV,Electrical Probe 1 Minimum Voltage,Clean
Schlumberger,SHKPK_LAT,Gal,Lateral shocks peak amplitude,Clean
Halliburton Logging,PDD5,ohm.m²/m,SED Pad 5 Resistivity,Unicode power notation in unit
Halliburton Logging,RBL,dega,Rel Bearing Lower Pads,Clean
Baker Hughes Inteq,SPEP,bar,Packer element pressure,Clean
Schlumberger,AHOCB20,S/m,Array Induction One Foot Conductivity Background A20,Clean
Halliburton Logging,BHCR12K17YZ,kS/m,Bore Hole Correction R12K 17In Y Trans/ Z Recv,Clean
Baker Hughes Inteq,ENUMN,kHz,Neutron minimum,Mnemonic typographical error
Baker Hughes Inteq,ABDCM,kg/m3,LithoTrak - Bulk Density - Compensated - Image - Memory,Clean
Halliburton Logging,RA2R,ohm.m,Apparent Resistivity Mode 2,Clean
Schlumberger,RESK,uohm/ft,Casing Resistance J,Clean
Baker Hughes Inteq,SPDN4,Hz,Spinner down revolutions per second,Clean
Schlumberger,ASTRWAI,kohm.m,Array Induction Two Foot Radial RWA Image,Clean
Halliburton Logging,MNID,m/s,Minimum Inside Diameter,Mnemonic-unit semantic mismatch
Pason,ROTHR,s,Rotating Hours,Clean
Schlumberger,VRAM_RX1_F1_G,PV,"Voltage Return Amplitude RX1, Frequency 1, Pad G",Unit-symbol case error
Halliburton Logging,EP3MeasVolume,m3,EP3 Pretest Measured Volume,Clean
Schlumberger,DSTU_RT,μs/ft,"Delta-T Stonely, Receiver Array",Unicode micro prefix in unit
Baker Hughes Inteq,QBWS,T,Magnitude of magnetometer vector for WGI (2nd tool),Clean
Schlumberger,PDAZ_ZD5,dega,3D Induction Group 5 Zero-D Inversion True Dip Azimuth,Mnemonic typographical error
Schlumberger,MTEP_SL,degF,Manometer Temperature,Clean
Halliburton Logging,PUXU,cgr,HFDT Insite Phase of Upper Receiver - TXUon TXLoff,Clean
Baker Hughes Inteq,sRA100M,ohm.m,Electrical Image - Sector 100 - Memory,Mnemonic case error
Schlumberger,TT5F_AVE_MLH,MPa,Transit Time 5 ft Average from Monopole Lower High Frequency Waveform,Mnemonic-unit semantic mismatch
Baker Hughes Inteq,QFR1F,m3/d,Pump 1 flow rate,Clean
Baker Hughes Inteq,BDTM,s,Bulk Density - Time Since Drilled - Memory,Clean
Halliburton Logging,StabilityProbe1,Pa/h,Pressure Stability Probe 1,Clean
Baker Hughes Inteq,FLC5,T,FLC_5,Clean
Schlumberger,SPDC_AFA2,uV,AFA2 Spectrometer Dark Calibration Data,Clean
Halliburton Logging,BDip72k50,cgr,"Borehole Dip 72k 50""",Clean
BP,PB_MUD_MDI3_MPD,g/cm3,Density In 3  (MPD),Mnemonic typographical error
Baker Hughes Inteq,BHDCB,m,Borehole diameter from CBIL measurement,Clean
Halliburton Logging,BHCR72K80ZX,kS/m,Bore Hole Correction R72K 80In Z Trans/ X Recv,Clean
Schlumberger,MDSB,kS/m,Maximum Difference Between Side-by-Side Readings of SHDT,Clean
Pason,PDRY,K,tgs Dryer Temperature,Clean
Baker Atlas,LLRM,ohm.cm,computed mud resistivity,Clean
Schlumberger,SOIRPRES_PA3DL,psi,MRPA 3 SOI Raw Pressure,Clean
Schlumberger,LSRH,g/cm3,Long Spacing Density (Uncorrected),Clean
Halliburton Logging,RA1R,ohm.cm,Apparent Resistivity Mode 1,Clean
Schlumberger,DR02,m,Delta Radius 2,Clean
Schlumberger,P1TT_RA,s,Peak 1 Transit Time for Receiver Array,Clean
Baker Hughes Inteq,AGNYX2,B,Acoustic averaged receiver gain,Clean
Schlumberger,CCBPO2,in,MDCC 2 Bit Position Offset,Clean
Halliburton Logging,NULC,rad,Dphase from diff. phase&ampl from RXU & RXL rcvrs,Clean
Schlumberger,POUDET_DL,us,MRPOUD Elapsed Pumping Time,Clean
Schlumberger,TIME_TO_FAILURE,ms,"Time to Failure, as for Pore Pressure Estimation",Clean
Schlumberger,D2TH_DL,K,MRDP 2 Horizontal Strain Gauge Temperature,Clean
Baker Hughes Inteq,EPSSLE,F/m,"Synthetic permittivity, long xmtrs, real time",Clean
Schlumberger,PND_HYD,bar,Hydrostatic Sapphire Pressure without Dynamic Compensation,Clean
Schlumberger,DSOL,m,"Density Standoff, Left Quadrant",Clean
Baker Hughes Inteq,FPI,lbf,Free point indicator points,Clean
Schlumberger,A28B_COND_UNC,S/m,Uncorrected Blended Attenuation Conductivity 28 inch,Clean
Pason,FDENS_AT_BIT,kg/m3,Fdens At Bit,Clean
Schlumberger,A28H_ECO_RT,kohm.m,"ARC Attenuation Resistivity 28 inch Spacing at 2 MHz, Environmentally Corrected, Real-Time",Clean
Baker Hughes Inteq,WFGD,ppm,Weight fraction of gadolinium in dry rock,Clean
Halliburton Loggig,EPS2QPresStabP2,Pa/h,EPS2 Quartz Pressure Stability Probe 2,Service-company spelling error
Baker Hughes Inteq,aTMSO,B/m,"Comp. dipole attn., outer rcrvs, short xmtrs, all freq.",Mnemonic case error
Baker Hughes Inteq,DIS86,mT,DIS CHANNEL 86,Clean
Schlumberger,PQPTV2,L,MRPQ 2 Pretest Volume,Clean
Schlumberger,BSAZ,cgr,User Defined Azimuth for Button Shallow Measurement,Clean
Schlumberger,A16L_UNC,kohm.m,Uncorrected Attenuation Resistivity 16 inch at 400 KHz,Clean
Halliburton Logging,EDD1,ohm.m,Pad #1 Resistivity Fast,Clean
Baker Hughes Inteq,MBVMA4,L,Fourth T2 bulk volume moveable,Clean
Baker Hughes Inteq,R28,mx,Multi-arm_data - Feeler 28 radius,Unit-symbol typographical error
Halliburton Logging,"EPS3P2CP	",bar,EPS3 P2 Quartz Gauge Correction Pressure,Mnemonic boundary whitespace
Schlumberger,PAEM4_DL,kPa,MRPA 4 Element Minimum Pressure,Clean
Baker Hughes Inteq,SRA62X,kohm.m,Electrical Image - Sector 62 - Real-time,Clean
Schlumberger,RF14,kHz,Raw Far Gate 14,Clean
Halliburton Logging,VertResist80,nohm.mm²/m,"Vertical Resistivity 80""",Unicode power notation in unit
Halliburton Logging,SFRQ,Hkz,Peak frequency of the source pulse,Unit-symbol typographical error
Halliburton Logging,EP3P1SpherMob,D/cP,EP3P1 Spherical Mobility,Clean
Baker Hughes Inteq,RAZGGX,Gal,Raw Z-axis accelerometer shifted to GXPL,Clean
Schlumberger,IRNO,ft,Nominal Casing Internal Radius,Clean
Baker Hughes Inteq,RACSL,kohm.m,Resistivity Attenuation Compensated Borehole Corrected Short 400kHz,Clean
Halliburton Logging,FMP_Shear_Freq,MHz,Pick Frequency 2,Clean
Schlumbergr,P40H,ohm.cm,"Phase Shift Resistivity 40 inch Spacing at 2 MHz, Environmentally Corrected.",Service-company spelling error
Schlumberger,XNV,uV/m,Normalized Potential Difference X,Clean
Baker Hughes Inteq,OFFST,edga,"STAR orientation, tool body mark offset",Unit-symbol typographical error
Baker Hughes Inteq,RADIUS09M,in,Acoustic Caliper - Radius - Sector 9 - Memory,Clean
Schlumberger,BT_DELTA,s,Phase B Delta Pressure Time Stamp,Clean
Pason,HDIAM,m,Hole Diameter,Clean
Halliburton Logging,BHCR72K29YX,S/m,Bore Hole Correction R72K 29In Y Trans/ X Recv,Clean
Baker Hughes Inteq,RBPK,us,Relative bearing (relative to borehole high side) for WGI,Mnemonic-unit semantic mismatch
Schlumbergr,BPRCORR3_DL,bar,Correction Applied to the MRPS 3 Quartz Gauge Sensor Pressure,Service-company spelling error
Baker Hughes Inteq,FLC87,mT,FLC_87,Clean
Schlumberger,KH_MU_09,kW,Mobility - Thickness Product Transient 09,Clean
Baker Hughes Inteq,FL43,uT,FL CHANNEL 43,Clean
Halliburton Logging,F1HB,V,Dipole 1 HV Before,Clean
Schlumberger,TISH12_MH,ms,Shear Integrated Transit Time for Receiver 12 - Monopole High,Clean
Halliburton Logging,PROU,psi,FPS Outet Pressure,Clean
Baker Hughes Inteq,POD,m,Pipe outer diameter including overcut,Clean
Baker Hughes Inteq,SRA072M,ohm.m,Electrical Image - Sector 72 - Memory,Clean
Schlumberger,PAXL3,psi,MRPA 3 Maximum Interval Pressure,Clean
Halliburton Logging,12kDip80,rad,12k Dip 80 inch for the MCIV1D,Clean
Halliburton Logging,HO60,ohm.cm,HRI Deep Resistivity 60 Inch 1 Ft,Clean
Baker Hughes Inteq,YINSAT,cgr,Y axis inclination,Clean
Halliburton Logging,RSO,m,Right Standoff,Clean
Schlumberger,COND_XO_F2_SIG,mS/m,Uncertainty on Frequency 2 Invaded Zone Conductivity,Clean
Halliburton Logging,EP1P1HorizMob,D/(Pa.s),EP1P1 Horizontal Mobility,Clean
Schlumberger,UR09,m,Uncalibrated Radius 9,Clean
Halliburton Logging,UMP_ST_DT,mx,Sonic Delta-T,Unit-symbol typographical error
Halliburton Logging,MCAP,B/m,Cement Map,Mnemonic typographical error
Baker Hughes Inteq,AMD6F1,uV,Raw data amplitude T6 frequency 1 (in dB/V),Clean
Baker Hughes Inteq,ZR3ACR,ohm,"Pad 3, frequency A button equalization",Clean
Schlumberger,SRRH_DL,kPa,MRSR Raw Inflate Pressure,Clean
Halliburton Logging,12kSK17,cgr,12k Strike 17 inch for the MCIV1D,Clean
Halliburton Logging,RAMN,in,Minimum Inside Radius,Clean
Schlumberger,SGDPRES,psi,Strain Gauge Delta Pressure,Clean
Schlumberger,RADIUS_B,ft,"Tool-centered Borehole Radius, Pad B",Clean
Schlumberger,AT_DTR2_F3,B,Frequency 3 Transverse Spacing 2 Attenuation,Clean
Halliburton Logging,cAPC,kHz,Capture Counts,Mnemonic case error
Schlumberger,RSCN_15,Hz,"Near Effective Capture Count Rate, pass 15",Clean
Baker Atlas,trmtt05,us,monopole multiplex first arrival time,Clean
Halliburton Logging,C4C5DENSITY,g/cm3,Butane-Pentane ( C4H10 - C5H12 ) density,Clean
Baker Hughes Inteq,SSR,Hz,Short space reduced by ISSD quadratic fit,Clean
Schlumberger,PC02,kN/m²,Pressure Channel 02,Unicode power notation in unit
Schlumberger,GYRO_CINC,dega,GyroPulse Continuous Inclination (Hole Deviation),Clean
Baker Hughes Inteq,SRA27X,ohm.m,Electrical Image - Sector 27 - Real-time,Clean
Baker Hughes Inteq,HCAC1,uA,AC power supply 1 current,Clean
Baker Hughes Inteq,R20,ft,Multi-arm_data - Feeler 20 radius,Clean
Schlumberger,ADICO22,kS/m,AIT Dip Invariant 22 inch Conductivity,Clean
Schlumberger,BIT_PRESSURE_DROP,psi,Computed bit pressure drop (WITS channel PLB),Clean
Baker Hughes Intq,AGNXXA,B,Combined acoustic averaged receiver gain,Service-company spelling error
Schlumberger,TEMP_PVS2,degF,PVS2 Temperature,Clean
Schlumberger,RZVD2,uV,"Uncalibrated A0*-A0*' Difference Voltage 2, in phase",Clean
Baker Hughes Inteq,AZCB,dega,Azimuth of reference pad for CBIL,Clean
Schlumberger,PVL_EJECTOR_DEPTH,ft,Phase Velocity Log (PVL) Ejector Depth,Clean
Baker Hughes Inteq,ITM50,ms,Time curve from TD for accelerometer correction to TTMA,Mnemonic typographical error
Schlumberger,TDIF_L8,us,Arrival Time Difference between Fast and Slow Shear Waves for Level 8,Clean
Baker Hughes Inteq,ZI2BU,Gohm,Freq 2 pad 2 capacitive part of complex formation impedance,Clean
Baker Atlas,nttt05,s,monopole multiplex first arrival time,Mnemonic typographical error
Schlumberger,sRIFR2_DL,m3/h,MRSR 2 Interval Pumpout Flowrate,Mnemonic case error
Halliburton Logging,VM24,mV,Differental Voltage Measurement 2 Magnitude - Pad 4,Clean
Schlumberger,A40H_COND_ECO_RT,Sm/m,"Attenuation Conductivity 40 inch Spacing at 2 MHz, Environmentally Corrected, Real-Time",Unit-symbol typographical error
Baker Hughes Inteq,DQP,MPa/m,Quarrtzdyne pressure depth gradient,Clean
Schlumberger,LFOF,V,Low Frequency Spectrum Offset,Clean
Baker Hughes Inteq,R46,m,Multi-arm_data - Feeler 46 radius,Clean
Baker Hughes Inteq,DD_PRESS,kPa,Drawdown Pressure - Memory,Clean
Halliburton Logging,BHCR60K10ZZ,kS/m,Bore Hole Correction R60K 10In Z Trans/ Z Recv,Clean
Schlumberger,AIMR,ohm.m,Array Induction Input Borehole Mud Resistivity To AIT Processing,Clean
Baker Hughes Inteq,FRQEB,kHz,Computed pad transmitter alternate frequency,Clean
Baker Hughes Inteq,FLC3,mT,FLC_3,Clean
Halliburton Loggig,UFMP_PL_Time,ms,Pick Time Reflected Shear,Service-company spelling error
Schlumberger,HPRES,psi,Hydraulic Pressure,Clean
Baker Hughes Inteq,DRTSMX,s,Time Since Drilled - Real-time,Clean
Schlumberger,COND_XO_F3_SIG,mS/m,Uncertainty on Frequency 3 Invaded Zone Conductivity,Clean
Baker Hughes Inteq,FLR95,mT,FLR_95,Clean
Halliburton Logging,Lower Outlet Pressure,N/mm²,Lower Outlet Pressure,Unicode power notation in unit
Pason,NORPENTANE_NC5,%,chr Nor-Pentane NC5,Clean
Baker Hughes Inteq,ARZDPK,mgn,Differential Z-axis accelerometer shifted to RCI,Mnemonic typographical error
Halliburton Logging,ST_YDP_Slowness_Peaks,s,Slowness Peaks,Clean
Baker Hughes Inteq,RESSME,ohm.cm,"Synthetic resistivity, med xmtrs, real time",Clean
Baker Hughes Inteq,ARMD,in,Median reflectance traveltime radius,Clean
Baker Hughes Inteq,SRA036M,kohm.m,Electrical Image - Sector 36 - Memory,Clean
Baker Hughes Inteq,RSW6,in,Radius with swing arm correction for caliper pad 6,Clean
Baker Hughes Inteq,ABDCRM,g/cm3,Azimuthal Bulk Density - Compensated - Right Quadrant - Memory,Clean
Baker Hughes Inteq,DIS89,μT,DIS CHANNEL 89,Unicode micro prefix in unit
Schlumberger,SOIPRES_SR2,psi,MRSR 2 SOI Pressure,Clean
Baker Hughes Inteq,CPPZC2,%,Crossplot porosity from ZDEN (2nd tool),Clean
Baker Hughes Inteq,SRA004M,kohm.m,Electrical Image - Sector 4 - Memory,Clean
Halliburton Logging,C6PT,%,C6DensityPct,Clean
Halliburton Logging,TrueDip84k17,rad,"True Formation Dip 84k 17""",Clean
Baker Hughes Inteq,DP1B,ohm.cm,Pad 1 frequency B average of two center button resistivities,Clean
Schlumberger,GAOD,Gal,DGT Differential Gravity from Optimal Linear Estimator (Analog),Clean
Schlumberger,IO_C,mA,"Injected Current Average Amplitude, Pad C",Clean
Schlumberger,DU_COARS_VOL,L,Displacement Unit Volume Pumped (4L Increments),Clean
Baker Hughes Inteq,DZR3AS,ohm.m,Freq A pad 3 dynamic real resistivity of formation impedance,Clean
Baker Hughes Inteq,AZWSTO,dega,Relative azimuth of tool 1 to second instace tool 2,Clean
Halliburton Logging,F1BS,kS/m,Profile Pad 1 Button 2,Clean
Schlumberger,ANR3PO,rad,Angle of Pumps Off Peak from DTPO_3 for Receiver Tadpole,Clean
Schlumberger,QL10,l/h,Liquid Flowrate Channel 10,Unit-symbol case error
Schlumberger,LPWS,MHz,Long Spacing PEF Windows,Clean
Baker Hughes Inteq,ID03,ft,Dia. 03,Clean
Halliburton Logging,HF12,ohm.cm,120 in Radial Resistivity 4ft,Clean
Baker Hughes Inteq,V3AC,m/s,"Velocity from 500 Hz, row 3, sensors a and c",Clean
Schlumberger,NDPRE_10,bar,Normalized Differential Pressure Transient 10,Clean
Pason,N2_VOL_IN,m3/h,Nitrogen Volume In,Clean
Schlumberger,TAB_IMP_GR,us,IMPulse Gamma Ray Time after Bit,Clean
Halliburton Logging,AZD1,rad,Azimuth difference for arms 1 3 and 5 Quality Curve,Clean
Schlumberger,DWOB_RAW_RT,kgf,Downhole Weight on Bit (raw),Clean
Schlumberger,AIFC_SL,mS/m,Array Induction Fully Calibrated Station Log,Clean
Schlumberger,RV_ARC,kohm.m,ARC Vertical Resistivity,Clean
Schlumberger,NR0,ohm.cm,Neutron R0,Clean
Baker Hughes Inteq,ABDCUFM,g/cm3,Azimuthal Bulk Density - Compensated - Up Quadrant - Filtered - Memory,Clean
Baker Hughes Inteq,RMYGW,T,Raw Y-axis magnetometer shifted to WGI,Clean
Schlumberger,THT5,m,Thickness Transducer 5,Clean
Baker Hughes Inteq,DAZCB,rad,Deviation (hole) azimuth for UXPL,Clean
Pason,PGD_BLOCK_TEMP,degC,tgs Block Temperature,Clean
Baker Hughes Inteq,RMXGEI,T,Raw Y-Axis magnetometer shifted to EI,Clean
Halliburton Logging,BHCR36K17XZ,mS/m,Bore Hole Correction R36K 17In X Trans/ Z Recv,Clean
Halliburton Logging,"BDip72k29﻿",dega,"Borehole Dip 72k 29""",Mnemonic boundary invisible character
Pason,P4_CALDISPL,m3,P4 Cal Displacement,Clean
Halliburton Logging,DVM2,V,Diff Voltage Min Pad 2,Clean
Baker Hughes Inteq,RPADC,psi,Sentinel Packer retract pressure,Clean
BP,BP_PITVOL_RES2,m3,Tank Volume - Reserve 2,Clean
Baker Hughes Inteq,ZR5ACR,Eohm,"Pad 5, frequency A button equalization",Clean
Schlumberger,PAQT2_DL,ohm.m,MRPA 2 Quartz Gauge Temperature,Mnemonic-unit semantic mismatch
Schlumberger,SSRH,lbm/ft3,Short Spacing Bulk Density,Clean
Schlumberger,SYN2,us,Synchro CSAT Tool 2,Clean
Schlumberger,A8HB,mS/m,"AIT-B High Frequency, Real Array #8 Boosted Conductivity",Clean
Schlumberger,CPPV3,bbl,MDCP 3 Pretest Volume,Clean
Schlumberger,RH39_HL_L_1DF,ohm.m,3D Induction 1D Inversion Horizontal Filtered Resistivity High Likelihood Lower Bound from 39 inch Array,Clean
Baker Hughes Inteq,DBMTFR,dega,Bending Tool Face - Average - Memory,Clean
Baker Hughes Inteq,"  CMAX",m,Maximum caliper radius,Mnemonic boundary whitespace
Halliburton Logging,BHCR84K50XY,kS/m,Bore Hole Correction R84K 50In X Trans/ Y Recv,Clean
Halliburton Logging,BDip84k50,cgr,"Borehole Dip 84k 50""",Clean
Schlumberger,T2LM_DF2_SH1,s,Logarithmic Mean of Special Fluid 2 T2 Distribution (Diffusion Free) for Shell 1,Clean
Baker Hughes Inteq,ABSP,bar,Absolute pressure in housing,Clean
Baker Hughes Inteq,RBHD,dega,Relative bearing (relative to borehole high side) for HTD,Clean
Baker Hughes Inteq,G2,dega,Short space gate 2 count rate,Mnemonic-unit semantic mismatch
Schlumberger,W12D,ft,Waveform 12 Depth,Clean
Schlumberger,EFF_VERT_STRESS,bar,Effective Vertical Stress,Clean
Baker Hughes Inteq,PORZDL,ppm,Porosity for dolomite matrix,Clean
Halliburton Logging,DXT2,ms,Z Accelerometer Time Fast,Clean
Schlumbergr,PAPRCORR2_DL,psi,Correction Applied to the MRPA 2 Quartz Gauge Sensor Pressure,Service-company spelling error
Baker Hughes Inteq,DIS59,µgauss,DIS CHANNEL 59,Unicode micro prefix in unit
Schlumberger,ATTN_SDIS_MUX,B/m,Attenuation Short Distance Sonic Waveform from Monopole Upper Transmitter Custom Frequency Firing,Clean
BP,PB_PRESS_KILL_RIG,bar,Pressure - Kill line (Rig),Mnemonic typographical error
Baker Hughes Inteq,AMAV5,uV,Average amplitude times 5 (for plotting scale),Clean
Baker Hughes Inteq,l11DI,m,"Inner invasion length, invasion model",Mnemonic case error
Schlumberger,T1T3,us,"STC Peak Time, Transmitter Array - Monopole Stoneley",Clean
Schlumberger,T2LM_DI_UHR,s,Logarithmic Mean of T2 Distribution (Diffusion Included) for Upper High-Resolution Antenna,Clean
Halliburton Logging,VMA1,Vu,Differental Voltage Average Magnitude - Pad 1,Unit-symbol typographical error
Baker Hughes Inteq,RADIUS03M,m,Acoustic Caliper - Radius - Sector 3 - Memory,Clean
Schlumberger,RES_BM0_RAW,ohm.cm,"Raw Resistivity Medium, Octant 0",Clean
Baker Hughes Inteq,SRA45X,ohm.m,Electrical Image - Sector 45 - Real-time,Clean
Halliburton Logging,HO24,kohm.m,HRI Deep Resistivity 24 Inch 1 Ft.,Clean
Halliburton Logging,CALPUMPRATERES,L/min,Resistivity Calculated Pump Rate,Clean
Pason,GAS_RETURN,m3/h,Total Gas Return,Clean
Schlumberger,RDFC2,in,2nd DEFT Uncalibrated Caliper,Clean
Schlumberger,P4TT_RA,ms,Peak 4 Transit Time for Receiver Array,Clean
Halliburton Logging,TLL4,us,Low Reso. Travel velocity based on u/l rcvrs from lower xmtr.,Clean
BP,BP_GAS_C3,%,Propane (C3),Clean
Schlumberger,FREQ_OFFSET,MHz,Frequency Offset from Ringdown - Average over All Measurements per Shell in Full Acquisition Cycle,Clean
Baker Hughes Inteq,RESSLE,ohm.m,"Synthetic resistivity, long xmtrs, real time",Clean
Schlumberger,GD_RAWGTF,dega,Gyro Data Raw Gyro Tool Face,Clean
Baker Hughes Inteq,TOOLFACE,cgr,Tool Face - Memory,Clean
Schlumberger,"IV﻿",mA,Vertical Current,Mnemonic boundary invisible character
BP,BP_GAS_C5_NEO,ppm,Neo-Pentane (nC5),Clean
Schlumberger,RHOSS45,lbm/ft3,Short Spacing Window 45 Density,Clean
BP,BP_PITVOL_RET2,m3,Tank Volume - Return 2,Clean
Baker Hughes Inteq,TPORA4,m³/m³,Fourth total porosity (CBW + T2 bin array),Unicode power notation in unit
Baker Hughes Inteq,TTR5,ms,Traveltime from T-R5,Clean
Baker Hughes Inteq,CALCX,m,Acoustic Caliper - Corrected - Real-time,Clean
Baker Hughes Inteq,R13,ft,Multi-arm_data - Feeler 13 radius,Clean
Baker Hughes Inteq,IPL3,kHz,Inelastic spectrum using large windows (extra long detector),Clean
Schlumberger,RODTEMP_OP1DL,degF,TNOP 1 DV-Rod Temperature,Clean
Schlumberger,VHBV_FSI,m/h,Average Hydrocarbon Bubble Velocity computed with FSI crossplot,Clean
Baker Hughes Inteq,TS03MA,m/h,Time since reaching max temperature for outside flask sensor,Mnemonic-unit semantic mismatch
Halliburton Logging,TNGC,kHz,Near Gross Decay Curve,Clean
Baker Hughes Inteq,WSALT,Euc,Normalized weight fraction sum of salts in dry rock,Clean
Halliburton Logging,AZIDIP84k80,cgr,"Borehole Dip Azimuth 84k 80""",Clean
Baker Hughes Inteq,DAZPK,rad,Deviation azimuth for WGI,Clean
Schlumberger,AP5P,rad,Active Pad 5 Low Frequency Phase,Clean
Baker Hughes Inteq,SPRMA5,mD,Fifth T2 permeability from SBVI calculation,Clean
Baker Hughes Inteq,AZHD,cgr,Azimuth of reference pad for HTD,Clean
BP,BP_GAS_C3_DEP,%,Dep - Propane (C3),Clean
Schlumberger,AT2F,kohm.m,CDR Attenuation Resistivity 2 ft Resolution (QRO),Clean
Schlumberger,RHOL2,lbm/ft3,Long Spacing Density from second tool,Clean
Schlumberger,LA2D,lbm/ft3,Low Pressure Additive #2 Density,Clean
Baker Hughes Inteq,aBDCLFM,g/cm3,Azimuthal Bulk Density - Compensated - Left Quadrant - Filtered - Memory,Mnemonic case error
Schlumberger,AVCA,in,Average Caliper Diameter,Clean
Schlumberger,ABFD_SL,kHz,Amplitude of Borehole Signal - Far Detector,Clean
Baker Hughes Inteq,BKX,Hz,Extra long space background count rate,Clean
Halliburton Logging,BNMF,Hz,Near borehole Near Formatin Middle Far Vector,Clean
Schlumberger,D_MIN_SET,psi,Phase D Minimum Set Pressure during Pretest,Clean
Halliburton Logging,EPS1 QTempStabP2,deltaF/h,EPS1 Quartz Temperature Stability Probe 2,Clean
Baker Hughes Inteq,PO5B3,%,Third BVI accumulated partial porosity sum,Clean
Baker Atlas,SFR5,m3/h,synthetic focused deep resistivity,Mnemonic-unit semantic mismatch
Halliburton Logging,AMP3FT,mV,3 Ft Pipe Amplitude,Clean
Halliburton Logging,XR_TEMP,K,Temperature,Clean
Baker Hughes Inteq,DPFQ,kHz,Raw pressure frequency,Clean
Schlumberger,SAS4_RT,dB,MXW Symmetrized Directional Shallow Attenuation at 400 KHz.,Clean
Halliburton Logging,LM_ALT_FHB,mV,Post Firing Voltage,Clean
Schlumberger,SRED,kPa,MRSR Element Differential Pressure,Clean
Schlumberger,AM10,kohm.m,AIT Merlin Maximum Entropy 10 inch Resistivity,Clean
Halliburton Logging,AMPAVG,uV,Avg Pipe Amplitude,Clean
Schlumberger,ARB,cgr,Array Induction Corrected RB,Clean
Schlumberger,DDSP,uV,Downhole Digitized SP,Clean
Schlumberger,CR47,ft,Corrected Radius 47,Clean
Baker Hughes Inteq,DPN,Hz,FDDP differential pressure count rate,Clean
Schlumberger,TH42,ft,Thickness 42,Clean
Schlumberger,SEPARATOR_PRES,kPa,Pressure inside separator,Clean
Schlumberger,CP_IV_BU,kPa,Phase C Investigation Buildup Pressure,Clean
Schlumberger,HULS,µEuc,High Resolution Volumetric Photoelectric Factor,Unicode micro prefix in unit
Halliburton Logging,LMP_Comp_DT,s,Sonic Delta-T,Clean
Schlumberger,HFEC,MHz,APS High Resolution Far Detector Count Rate,Clean
Schlumberger,A28L_UNC,Nohm.mil2/ft,Uncorrected Attenuation Resistivity 28 inch at 400 KHz,Unit-symbol case error
Schlumberger,RV72_LB_1DF,ohm.m,3D Induction 1D Inversion Vertical Filtered Resistivity Lower Bound from 72 inch Array,Clean
BP,BP_RISF_GL,m3/d,Flow In - Boost Pump (GainLoss Service),Clean
Baker Hughes Inteq,P2WTN​,ohm.cm,Packed pad 2 block (buttons 1-24),Mnemonic boundary invisible character
Baker Hughes Inteq,DIS20,uT,DIS CHANNEL 20,Clean
Halliburton Logging,DP0P2QPress,psi,DP0P2 Quartz Probe Pressure,Clean
Schlumberger,FSHA_ERRMAX_C,ard,Fast Shear Azimuth Uncertainty Error Maximum for Chirp Firing,Unit-symbol typographical error
BP,BP_PITVOL_STRIPTANK,bbl,Tank Volume - Strip Tank,Clean
Schlumberger,HVAR_PVS2⁠,V,PVS2 Reservoir Hall Probe Voltage - AUX,Mnemonic boundary invisible character
Baker Hughes Inteq,CXSR,kHz,CXS reduced by ISSD quadratic fit,Clean
Halliburton Logging,PKRS,in,Packer Size,Clean
BP,BP_RHOBA_DEP,g/cm³,Dep - Bulk Density - Azimuthal,Unicode power notation in unit
Schlumberger,PS_DTR2_F1,dega,Frequency 1 Transverse Spacing 2 Phase Shift,Clean
Baker Hughes Inteq,XIDMXDIR,m,Max_X_well_diam_arm,Clean
Schlumberger,SFFA,m²,Sigma Formation Far Apparent,Unicode power notation in unit
Baker Hughes Inteq,CPVDB,m3,Cumulative straddle packer pump volume,Clean
Schlumbergr,PTV3,bbl,MRPS 3 Pretest Volume,Service-company spelling error
Schlumberger,CCRSLP1_DL,psi,MDCC 1 Raw Set Line Pressure,Clean
Baker Hughes Inteq,BDCX,kg/m3,Bulk Density - Compensated - Real-time,Clean
Schlumberger,HHP3,bar,MRHY 3 Hydraulic Pressure,Clean
Schlumberger,3XVRHP_DL,μpsi,3XV Raw Pump Output Pressure,Unicode micro prefix in unit
Schlumberger,FLDRAVGBSMP,uV,Fluorescence Reflection Average Before Sampling,Clean
BP,BP_TQ_SURF_AVG_DEP,J,Dep - Torque - Surface,Clean
Baker Hughes Inteq,RMXGST,T,Raw X-axis magnetometer shifted to STAR,Clean
Halliburton Logging,YDP_ALT_YY_DT,s,Sonic Delta-T,Clean
Schlumberger,BSAL_01,Euc,"Borehole Salinity, pass 01",Clean
Schlumberger,OVPL,kgf,Overpull,Clean
Schlumberger,EFFPRBRAD,in,Effective Probe Radius,Clean
Halliburton Logging,BHCR60K50YY,S/m,Bore Hole Correction R60K 50In Y Trans/ Y Recv,Clean
Halliburton Logging,EDD6,ohm.cm,Pad #6 Resistivity Fast,Clean
Baker Hughes Inteq,RPCDH,ohm.cm,"Resistivity Phase Diff Compensated Borehole, Dielectric and Inversion Corrected Long 2MHz",Clean
Schlumberger,RLA2_REC3D,kohm.m,Reconstructed HRLT resistivity (channel 2) with 3D forward modeling,Clean
Schlumberger,MR_TEMP_USED,degF,Temperature Used in MR Computations,Clean
Schlumberger,"RLNBR﻿",MHz,"Raw Neutron Long Spacing Burst Count Rate, Right",Mnemonic boundary invisible character
Schlumberger,ECCE_PMIT,ft,Amplitude of Eccentering,Clean
Schlumberger,WTMP,degC,WTPT Temperature,Clean
Halliburton Logging,DP0PtPressCorr,psi,DP0 Pretest Pressure Corrected,Clean
Schlumberger,DPAZ15_UB_1DF,µrad,3D Induction 1D Inversion Filtered True Dip Azimuth Upper Bound from 15 inch Array,Unicode micro prefix in unit
Baker Hughes Inteq,NPCSFM,%,Neutron Porosity - Caliper Corrected - Sandstone - Filtered - Memory,Clean
Schlumberger,DC_WAT_T2,m2/h,Computed Water Diffusion Coefficient indexed by T2,Clean
Schlumberger,TOP_LCSV_MOD,mV,Top Step Lower Casing Segment Voltage Complex Module,Clean
Baker Hughes Inteq,PZSS,ppm,Porosity for sandstone matrix,Clean
Schlumberger,DTHL,h/km,Delta-T High Resolution Lower Transmitter,Clean
Baker Hughes Inteq,DZR2AS,Ohm.m,Freq A pad 2 dynamic real resistivity of formation impedance,Unit-symbol case error
Schlumberger,bDT1,degF,MRPS 1 Quartzdyne Temperature,Mnemonic case error
Schlumberger,HMS3_DL,rad/s,MRHY 3 Motor Speed,Clean
Schlumberger,P22L_UNC,ohm.m,Uncorrected Phase Shift Resistivity 22 inch at 400 KHz,Clean
Pason,P2_RATE,L/min,P2 Rate,Clean
Numar MRI Logging,DVR2,ohm.m,Deep resistivity from conventional logs,Clean
Baker Hughes Inteq,BITDEP,in,Bit Measured Depth,Clean
Baker Hughes Inteq,"  PO6A4",%,Fourth T2 accumulated partial porosity sum,Mnemonic boundary whitespace
Halliburton Logging,GTOT,mgn,Total Gravity Field measure by directional tool,Clean
Schlumberger,COND_DTE1_F0_VDC,mS/m,Vertical Deconvolved Frequency 0 Differential Transverse Electric Conductivity,Clean
Schlumberger,BACKGROUND_CONDUCTIVITY,mS/m,Borehole crossing Conductivity log,Clean
Baker Hughes Inteq,DZR6BS,kohm.m,Freq B pad 6 dynamic real resistivity of formation impedance,Clean
Schlumberger,A40L_COND,S/m,Attenuation Conductivity 40 inch Spacing at 400 KHz,Clean
Baker Hughes Inteq,ETAQR,su,Elapsed time,Unit-symbol typographical error
Schlumberger,ATST,B,Attenuation of the Stoneley Wave,Clean
Baker Hughes Inteq,TS42F0,us,Time since reaching max temperature for inside flask sensor,Clean
Schlumberger,CHF10,kS/m,"AIT-H 4-ft Vertical Response, 10 in. Radial Midpoint Conductivity",Clean
Schlumberger,TRIFOI39,ard,3D Induction 39 Inch Array Fracture Orientation Indicator,Unit-symbol typographical error
Baker Hughes Inteq,CPMIN,ppm,Minimum of matrix crossplot porosity and dens porosity,Clean
Baker Hughes Inteq,PKSYT,h/km,"Peaks from compressed semblance surface YY, transmitter",Clean
Halliburton Logging,SUPV,mV,Supply Voltage,Clean
Baker Hughes Inteq,ISSS,Hz,Standard deviation of short space inelastic count rate,Clean
Schlumberger,DPTR_LB_ZD4_DISPLAY,cgr,3D Induction Group 4 Zero-D Inversion Apparent Dip Magnitude Lower Bound (modified to display tadpoles less frequently),Clean
Schlumberger,RES_BD_IMG_DH_HI,ohm.cm,"Compensated Deep Button Resistivity Image, Computed Downhole, High Resolution",Clean
Schlumberger,U2TF,m3/d,Unit 2 Total Flowrate,Clean
Baker Hughes Inteq,"RXODLE	",kohm.m,"Flushed zone resistivity from delectric, real time,long xmtr",Mnemonic boundary whitespace
Schlumberger,PT_DHP1_DD_MOBILITY,mD/cP,Pretest Mobility from MDT Horizontal Probe 1 Strain Gauge (DHP1),Clean
Baker Hughes Inteq,BHTT3,ms,Reflectance traveltime,Clean
Schlumberger,VON_MISES_STRESS,kPa,Von Mises Stress,Clean
Schlumberger,FAR3_CAL,Hz,Calibrated Neutron Far Tube 3 Average Count Rate,Clean
Schlumberger,SRMH2_DL,kPa,MRSR 2 Memorized Hydrostatic Pressure,Clean
Baker Hughes Inteq,SBVIA4,%,Fourth T2 weighted sum of partial porosities for BVI,Clean
Schlumberger,XNVO,V/m,Normalized Potential Difference X,Clean
Schlumberger,CPSGR3,MPa/h,MDCP 3 Strain Gauge Pressure Rate of Change,Clean
Pason,WITS_LAG,in,Wits Lag Depth,Clean
Halliburton Logging,BHCR84K29XY,ft3,Bore Hole Correction R84K 29In X Trans/ Y Recv,Mnemonic-unit semantic mismatch
Schlumberger,TH68,ft,Thickness 68,Clean
Schlumberger,A34B_COND_UNC,kS/m,Uncorrected Blended Attenuation Conductivity 34 inch,Clean
Baker Hughes Inteq,SDEVS,MHz,Standard deviation of dipole slowness,Clean
Baker Hughes Inteq,ABDC9X,lbm/ft3,Azimuthal Bulk Density - Compensated - Sector 9 - Real-time,Clean
Baker Hughes Inteq,ADRHLM,lbm/ft3,Azimuthal Delta Rho - Left Quadrant - Memory,Clean
Schlumberger,PPAD,N,Pad Pressure Anchoring Device,Clean
Baker Hughes Inteq,pSLIC,dega,"Phase shift, calib, inner rcvrs, long xmtrs, all freq",Mnemonic case error
Halliburton Logging,WL5C,uA,Wire Line 5 Current,Clean
Schlumberger,ACVD,mgn,Accelerometer.,Clean
Halliburton Logging,FRQ2,kHz,Mril Frequency 2 (band 0 -4),Clean
Schlumberger,TANX,dega,Angle X Used by Tool.,Clean
Schlumberger,DFBM2_SL,Hz,2nd DEFT Bubble Count Average - Station Log,Clean
Halliburton Logging,EP1PtPress,bar,EP1 Pretest Pressure,Clean
Baker Hughes Inteq,TS15FT,s,Time since reaching max temperature for inside flask sensor,Clean
Baker Hughes Inteq,DADEPTH,m,Depth of 1979DA straddle packer,Clean
Baker Hughes Inteq,MPRMA3,D,MR permeability from 3rd T2 MPHE,Clean
Schlumberger,GHBF1,kHz,Filtered Bubble Count Rate Optical Probe 1,Clean
BP,BP_RPM_SURF_AVG_DEP,rad/s,Dep - RPM - Top Drive,Clean
Halliburton Logging,RO30,ohm.cm,30 in Radial Resistivity 1ft,Clean
Schlumberger,AT_DTR4_F0_HR,B,High Resolution Frequency 0 Transverse Spacing 4 Attenuation,Clean
Schlumbergr,BFAZ_MIN_SH_TOH,cgr,Borehole failure azimuth with respect to top of hole for the minimum shear failure,Service-company spelling error
Halliburton Logging,T1ST,us,Travel time of 1st reflection for when tool is center,Clean
Schlumberger,DCAV_RT,µm,"Real Time Density Caliper, Average",Unicode micro prefix in unit
Baker Hughes Inteq,A0MO,dega,"Calibrated and oriented cement map, Lamb A0",Clean
Halliburton Logging,EP0P1SpherMob,MD/(Pa.s),EP0P1 Spherical Mobility,Unit-symbol case error
Schlumberger,A28H_UNC_DH_ECO_RT,ohm.cm,"ARC Uncorrected Attenuation Resistivity 28 inch Spacing at 2 MHz, Real-Time, Computed Downhole",Clean
Halliburton Logging,DP0P1PressStab,dega,DP0P1 Pressure Stability Probe,Mnemonic-unit semantic mismatch
Halliburton Logging,XY_Hole_Size,ft,Measured Hole Diameter,Clean
Halliburton Logging,DP0P2HorizMob,mD/cP,DP0P2 Horizontal Mobility,Clean
Baker Hughes Inteq,ANGCEN,rad,Centroid centered angles of radii,Clean
Schlumbergr,DHMTRSPD,rev/s,Desired Hydraulic Motor Speed,Service-company spelling error
Schlumberger,DTS_DDBHC_LT,h/km,"Delta-T Shear, DDBHC Lower Transmitter",Clean
Schlumberger,SRVP_2_5_SLOW_R,h/km,Shear Radial Variation Profile at 2.5 Inch Radial Depth from Borehole Surface for SLOW Waveform Receiver Array,Clean
Schlumberger,RV_ML_LB_ZD3,ohm.cm,3D Induction Group 3 Zero-D Inversion Vertical Resistivity Mid Likelihood Lower Bound,Clean
Schlumberger,DFMX1​,uV,Electrical Probe 1 Maximum Voltage,Mnemonic boundary invisible character
Baker Hughes Inteq,MPRMA4,D,MR permeability from 4th T2 MPHE,Clean
Schlumberger,SS1B_P1F,Hz,"Raw Short Spacing Window 1 Count Rate, 0.1 ft, Bottom",Clean
Schlumberger,ATEP_SL,degC,Accelerometer Temperature,Clean
Schlumberger,AECO30,kS/m,Array Induction Conductivity Environmentally Compensated Log Processing AE30,Clean
Baker Hughes Inteq,SRA070M,ohm.m,Electrical Image - Sector 70 - Memory,Clean
Schlumberger,RV21_HL_U_1DF,kohm.m,3D Induction 1D Inversion Vertical Filtered Resistivity High Likelihood Upper Bound from 21 inch Array,Clean
Pason,BIC,Euc,Bicarbonate ion concentr.,Clean
Baker Hughes Inteq,ZTIME⁠,s,Z time,Mnemonic boundary invisible character
Baker Hughes Inteq,QAEI,gn,Magnitude of accelerometer vector for EI,Clean
Halliburton Logging,RA4R,ohm.m,Apparent Resistivity Mode 4,Clean
Baker Hughes Inteq,PO10A4,%,Fourth T2 accumulated partial porosity sum,Clean
Baker Hughes Inteq,DIS19,T,DIS CHANNEL 19,Clean
Schlumberger,NCAL_ADN_RT,in,"Neutron Caliper, Real-Time",Clean
Schlumberger,IAXZ,mA,Axial Current Z,Clean
Schlumberger,SRQT2,degC,MRSR 2 Quartz Gauge Temperature,Clean
Baker Hughes Inteq,Initial Draw Down Pr. 1,spi,Initial Draw Down Pr. 1 - Real-time,Unit-symbol typographical error
Schlumbergr,ASTSWI,%,Array Induction Two Foot Radial Water Saturation Image,Service-company spelling error
Schlumberger,ITR,DegF,Induction Temperature Raw,Unit-symbol case error
Schlumberger,VRAM_F2_A2,mV,"Voltage Return, Amplitude, Frequency 2, Pad A and Button 2",Clean
BP,BP_PRESS_KILL,kPa,Pressure - Kill line,Clean
Baker Hughes Inteq,ABDC8M,g/cm3,Azimuthal Bulk Density - Compensated - Sector 8 - Memory,Clean
Baker Hughes Inteq,P6PK,ohm.m,Packed pad 6 block (buttons 1-24),Clean
Baker Hughes Inteq,ETEI,s,Delta elapsed time from EART,Clean
Schlumberger,AR08,Ohm.m,"Corrected Resistivity, Azimuth 8",Unit-symbol case error
Baker Hughes Inteq,PTFRC,m3/d,"Pump-through flow rate, Sentinel packer",Clean
Baker Hughes Inteq,AZPK,dega,Azimuth of reference pad for WGI,Clean
Schlumberger,FPRS​,kPa,Fracture Pressure needed to exceed the tangential stress,Mnemonic boundary invisible character
Baker Hughes Inteq,PSMOC,cgr,"Phase shift, calib, outer rcrvs, med xmtrs, all freq",Clean
Schlumberger,aH5X,S/m,AIT-H Quad Array #5 Conductivity,Mnemonic case error
Schlumberger,VRPH_RX1_F2_A,dega,"Voltage Return Phase RX1, Frequency 2, Pad A",Clean
Schlumberger,SS_AMPL,Gal,Stick Slip Amplitude,Clean
Halliburton Logging,RERI,uA,Replinisher Run Current,Clean
Schlumberger,IR8,in,Internal Radius 8,Clean
Halliburton Logging,BHCR12K50XZ,mS/m,Bore Hole Correction R12K 50In X Trans/ Z Recv,Clean
Halliburton Logging,EP0BubblePress,psi,EP0 Bubble Point Pressure,Clean
Schlumberger,RLS,Hz,Raw Long Spacing Count Rate,Clean
Baker Hughes Inteq,TFST07,s,Monopole multiplexed waveform start time,Clean
Schlumberger,TT10_ML,ms,Transit Time Monopole Lower Transmitter Firing #10,Clean
Schlumberger,DPTR54_LB_1D,rad,3D Induction 1D Inversion True Dip Magnitude Lower Bound from 54 inch Array,Clean
Baker Hughes Inteq,ID07,in,Dia. 07,Clean
Baker Hughes Inteq,TNST09K,ms,Monopole multiplexed waveform start time,Clean
Schlumberger,CPFR1_DL,ohm.m,MDCP 1 Flowline Fluid Resistivity,Clean
Pason,DENSITY_OUT,kg/m3,tgs Mud Density Out,Clean
Baker Hughes Inteq,OPRZSS,Euc,Porosity for sandstone matrix,Mnemonic typographical error
Baker Hughes Inteq,FS21,Hz,Frequency step calculated,Clean
Halliburton Logging,TLGTC,kHz,Long Decay Curve,Clean
Schlumberger,TTT3,ohm.m,"Peak Time, Transmitter Array - Monopole Stoneley",Mnemonic-unit semantic mismatch
Baker Hughes Inteq,PHAT⁠,kHz,PHA total count rate,Mnemonic boundary invisible character
Baker Hughes Inteq,FLR90,mT,FLR_90,Clean
Schlumberger,3XVRSGP_DL,bar,3XV Strain Gauge Raw Pressure,Clean
Schlumberger,EEA,cgr,EMS Ellipse Azimuth,Clean
Schlumberger,"DSX3﻿",mS/m,"Dip Signal Imaginary, Pad 3",Mnemonic boundary invisible character
Schlumberger,LSHV_CDN,μV,High Voltage for Long Spacing Loop,Unicode micro prefix in unit
Baker Hughes Inteq,GE2X,zH,Extra long space early count rate (gate 2),Unit-symbol typographical error
Baker Hughes Inteq,SRA57X,kohm.m,Electrical Image - Sector 57 - Real-time,Clean
Halliburton Logging,NOIS_Az2,V,Az2 Noise Amplitude Baseline,Clean
Schlumberger,CPSR,L/min,Current Pumper Slurry Flowrate,Clean
Schlumberger,T2LM_H2O_SH8,ms,Logarithmic Mean of Water T2 Distribution for Shell 8,Clean
Halliburton Logging,mTOF,m,Mud Cell Target Distance.,Mnemonic case error
Schlumberger,"BURNER_TEMP	",degF,Burner temperature,Mnemonic boundary whitespace
Schlumberger,T1LM_H2O_SH4,us,Logarithmic Mean of Water T1 Distribution for Shell 4,Clean
Halliburton Logging,BHCR60K06ZZ,S/m,Bore Hole Correction R60K 06In Z Trans/ Z Recv,Clean
Halliburton Logging,DMR⁠,S/m,Medium R Deconvolved,Mnemonic boundary invisible character
Schlumberger,RD11,ft,Delta Radius 11,Mnemonic typographical error
Halliburton Logging,XDP_XY2_DT,ms,Sonic Delta-T Reflected Shear,Clean
Baker Hughes Inteq,VOLTS,μV,Reading in uVolts,Unicode micro prefix in unit
Baker Hughes Inteq,ADSAX,kg/m³,Azimuthal Density - Short Space - Image - Real-time,Unicode power notation in unit
Baker Hughes Inteq,SRA43X,ohm.m,Electrical Image - Sector 43 - Real-time,Clean
Baker Hughes Inteq,FPADC,bar,Sentinel Packer extend pressure,Clean
Baker Hughes Inteq,W2BF,K,Flask temperature,Clean
Schlumberger,PVL_MODEL_PEAK_WIDTH,µs,Phase Velocity Log (PVL) Expected Marker Peak Width,Unicode micro prefix in unit
Baker Hughes Inteq,TXXST08,us,Four-comp. dipole XX multiplexed waveform start time,Clean
Schlumberger,rXO_INVER,ohm.m,Inverted Invaded Zone Resistivity Rxo,Mnemonic case error
Baker Hughes Inteq,EPSLIE,µF/m,"Rel permittivity estimate long xmtrs inner rcvrs, all freq.",Unicode micro prefix in unit
Halliburton Logging,VertRes36k80,Kohm.m,"Vertical Resistivity 36k 80""",Unit-symbol case error
Schlumberger,UMV,uV,Uphole Motor Voltage,Clean
Baker Hughes Inteq,RMXGWS​,uT,Raw X-axis magnetometer shifted to WGI (2nd tool),Mnemonic boundary invisible character
Baker Hughes Inteq,SRA64X,kohm.m,Electrical Image - Sector 64 - Real-time,Clean
Baker Hughes Inteq,SRA062M,ohm.m²/m,Electrical Image - Sector 62 - Memory,Unicode power notation in unit
Schlumberger,SRVP_17_5_SLOW_T,µs/m,Shear Radial Variation Profile at 17.5 Inch Radial Depth from Borehole Surface for SLOW Waveform Transmitter Array,Unicode micro prefix in unit
Schlumberger,ASCRB,ohm.cm,Array Induction Computed Effective Mud Resistivity,Clean
Schlumberger,M8TT,us,MAP 8 Transit Time,Clean
Baker Hughes Inteq,PZLS,%,Porosity for limestone matrix,Clean
Baker Atlas,MST6,ms,monopole multiplex waveform start time,Clean
Halliburton Logging,YY_FHB,V,Post Firing Voltage,Clean
Schlumberger,LA_DISP,ft,Linear Actuator Displacement,Clean
Baker Hughes Inteq,D04,μm,Diameter from DMAG tool,Unicode micro prefix in unit
BP,BP_PITVOL_RET1,bbl,Tank Volume - Return 1,Clean
Schlumberger,FTMX,s,Maximum First Echo Fall Time (Fluid Properties Measurement),Clean
Schlumberger,TSTU_RT,s,"Peak Time, Receiver Array, Stonely",Clean
Schlumberger,ECL4,in,EMS CALIPER-4,Clean
Baker Hughes Intq,HYPW3,psi,"Hydraulic pressure target for WA module, instance 3",Service-company spelling error
Baker Hughes Inteq,OPRZ2,ppm,Porosity for selectable matrix (2nd tool),Mnemonic typographical error
Schlumberger,ZBPHM_F2_B,dega,"Impedance of Button Average, Phase, Frequency 2 and Pad B",Clean
Halliburton Logging,NNIN,Hz,Far Net Inel Count Rate,Clean
Schlumberger,DSF_ROP,m/s,Rate of Penetration Input for DrillSAFE,Clean
Baker Hughes Inteq,CNCFS,ppm,Field normalized compensated neutron porosity (2nd tool),Clean
Halliburton Logging,P6B1,kohm.m,Pad 6 Resistivity,Clean
Schlumberger,ROTS,rpm,Rotary Speed,Clean
Halliburton Logging,F4HA,uV,Monopole 2 HV After,Clean
Baker Hughes Inteq,AGNYY4,B,Acoustic averaged receiver gain,Clean
Schlumberger,FAZ5_R,MHz,"Neutron Far Tube 5 Count Rates, 8-Sector Waveform",Clean
Schlumberger,T2LM_DFG_SH8,us,Logarithmic Mean of Gas T2 Distribution (Diffusion Free) for Shell 8,Clean
Baker Hughes Inteq,CHTF,N,Cable head tension,Clean
Baker Hughes Intq,D05,m,Diameter from DMAG tool,Service-company spelling error
Halliburton Logging,YDP_ALT_YX2_Time,us,Pick Time Reflected Shear,Clean
Schlumberger,SHKA_MR,Hz,MR Axial Shock Rate,Clean
Schlumberger,SREM,kPa,MRSR Element Minimum Pressure,Clean
Schlumberger,ETIM_PL,s,Elapsed Logging Time,Clean
Schlumberger,RD3_PPC2,in,PPC2 Radius 3,Clean
Baker Hughes Inteq,RZLE,ohm.m,"Flushed zone water resistivity, real time, long xmtrs",Clean
Schlumberger,TTR_FAST,ms,"Peak Time, Receiver Array - FAST",Clean
Halliburton Logging,RVHResist17,degC,"RVH Resistivity 17""",Mnemonic-unit semantic mismatch
Schlumberger,DPAP_LB_ZD6,cgr,3D Induction Group 6 Zero-D Inversion Apparent Dip Magnitude Lower Bound,Clean
Schlumberger,TDIF_L4,ft,Arrival time difference between fast and slow shear waves for level 4,Mnemonic-unit semantic mismatch
Baker Hughes Inteq,WID2,uV,"Pad 2 average data of buttons 11, 12, 13, 14",Clean
Halliburton Logging,CAP_CONT_FIT,ppm,Capacitance Contamination Fit,Clean
Schlumberger,RF14_SL,Hz,Far Count Rate From Gate 14,Clean
Schlumberger,PQRF2,MHz,MRPQ 2 Flowline Resistivity Frequency,Clean
Schlumberger,RWXD_ADT_SIG,kohm.m,Uncertainty on Deep Zone Water Resistivity,Clean
Schlumberger,AX_SL_PSTT,mgn,Acceleration Along X Axis,Clean
Halliburton Logging,ST_ALT_UFM_Slowness_Peaks,ms,Slowness Peaks,Clean
Schlumberger,TC05,K,Temperature Channel 05,Clean
Halliburton Logging,RMGD,ohm.m,Rmud Gradient Calculation,Clean
Schlumberger,RXE_B,ohm.m²/m,"Equalized Button Resistivities, Pad B",Unicode power notation in unit
Baker Hughes Inteq,LSCHNL,MHz,Long space detector count rate spectrum,Clean
Halliburton Logging,UMP_ALT_ST_Freq,MHz,Pick Frequency,Clean
Schlumberger,AS1R,mS/m,AIT-S Real Array #1 Conductivity,Clean
Baker Hughes Inteq,IDSPD,m/s,Ideal logging speed mapping one scan to one depth interval,Clean
Halliburton Logging,OTHER2DENSITY,g/cm3,Other 2 Density,Clean
Halliburton Logging,HAZL,cgr,Azimuth Lower Pads,Clean
Halliburton Logging,NLFCFC,Hz,Decay Filtered Compress N / F/ L,Clean
Schlumberger,SPA2,h,ARC Synthesizer Phase at 2 MHz,Mnemonic-unit semantic mismatch
Schlumberger,RV_HL_UB_ZD4,ohm.m,3D Induction Group 4 Zero-D Inversion Vertical Resistivity High Likelihood Upper Bound,Clean
Baker Hughes Inteq,SIC3,MHz,Silicon in capture spectrum (extra long detector),Clean
Halliburton Logging,sT_ALT_FM_Time_Peaks,ms,Time Peaks,Mnemonic case error
Schlumberger,AZKS,rad,Keyseat Axis,Clean
Schlumberger,ASTCO20,mS/m,Array Induction Two Foot Conductivity A20,Clean
Schlumberger,RH21_HL_L_1DF,ohm.m,3D Induction 1D Inversion Horizontal Filtered Resistivity High Likelihood Lower Bound from 21 inch Array,Clean
Baker Hughes Inteq,SRA080M,kohm.m,Electrical Image - Sector 80 - Memory,Clean
Baker Hughes Inteq,STCBN,s,Waveform start time for near CBL spacing,Clean
Schlumberger,PENT_SH4,bar,Entry Pressure from Capillary Pressure Computation for Shell 4,Clean
Halliburton Logging,"FMP_ST_Freq﻿",MHz,Pick Frequency,Mnemonic boundary invisible character
Baker Hughes Intq,AZWS,cgr,Azimuth of reference pad for WGI (2nd tool),Service-company spelling error
Halliburton Logging,BHCR60K80ZZ,mS/m,Bore Hole Correction R60K 80In Z Trans/ Z Recv,Clean
Halliburton Logging,TrueDip84k50,dega,"True Formation Dip 84k 50""",Clean
Schlumberger,T1L4_SH2,us,T1 Logarithmic Mean of Bin 4 for Shell 2,Clean
Halliburton Logging,EP0PtVolume,m3,EP0 Pretest Volume,Clean
Baker Hughes Inteq,SRA094M,ohm.cm,Electrical Image - Sector 94 - Memory,Clean
Schlumberger,VRPH_RX1_F1_F,cgr,"Voltage Return Phase RX1, Frequency 1, Pad F",Clean
Baker Hughes Inteq,R50,ft,Multi-arm_data - Feeler 50 radius,Clean
Halliburton Logging,EP2PtPress,abr,EP2 Pretest Pressure,Unit-symbol typographical error
Halliburton Logging,QRNIR1,ohm.cm,Reconstructed apparent resistivity of mode1 noninvaded solution,Clean
Schlumberger,CP02,uV,"Electrical Standoff Voltage, Azimuth 2, 0 degree",Clean
Halliburton Logging,EPSP2CP,kPa,EPS P2 Quartz Gauge Correction Pressure,Clean
Baker Hughes Inteq,PSMIR,cgr,"Phase shift, inner rcvrs, med xmtrs, all freq",Clean
Schlumberger,QWFL,L/min,Water Flowrate in Flow Loop,Clean
Halliburton Logging,TCCR2,MHz,Total Counts,Clean
Halliburton Logging,CXC1,%,Estimated Contamination Maximum Capacitance1,Clean
Halliburton Logging,MAX_RES,kohm.m,Maximum Resistivity,Clean
Schlumberger,PRH,lbm/ft3,PTS Fluid Density,Clean
Baker Hughes Inteq,"POIR	",%,Poisson's ratio,Mnemonic boundary whitespace
Halliburton Logging,BHCR72K80XX,S/m,Bore Hole Correction R72K 80In X Trans/ X Recv,Clean
Schlumberger,T2LM_OIL_SH8,s,Logarithmic Mean of Oil T2 Distribution for Shell 8,Clean
Baker Hughes Inteq,T1RMSR,gn,Tangential Acceleration & Max 1 Sec RMS - Memory,Clean
Baker Hughes Inteq,RPEW3,kPa,Tank 3 accumulator pressure,Mnemonic typographical error
Schlumberger,DANG_RT,rad,MXW Boundry oritentation from symmetrized directional.,Clean
Baker Hughes Inteq,SRA114M,nohm.mm²/m,Electrical Image - Sector 114 - Memory,Unicode power notation in unit
Baker Hughes Inteq,SRA22X,ohm.m,Electrical Image - Sector 22 - Real-time,Clean
Halliburton Logging,MM_DIFF_AVG_RES,ohm.cm,Maximum - Minimum Average Resistivity,Clean
Schlumberger,SNTEX,B,"STC Signal/Noise Ratio, Transmitter Array - Expert Mode",Clean
Halliburton Logging,TVD EPS Depth Probe 2,in,TVD EPS Depth Probe 2,Clean
Schlumberger,PCAL_22H,µm,ARC Phase Caliper 22 inch,Unicode micro prefix in unit
Baker Hughes Inteq,CP6A,uV,"500 Hz row 6 spacing a differential delta module, sine",Clean
Baker Hughes Inteq,FLR53,μT,FLR_53,Unicode micro prefix in unit
Baker Hughes Inteq,BTN3,mV,Resistivity trace from button 3,Clean
Baker Hughes Inteq,LFR47,uT,FLR_47,Mnemonic typographical error
BP,BP_WOB_DH_AVG,kgf,Weight on bit - Downhole,Clean
Schlumberger,CP_DELTA3_RAW,μpsi,Phase C Delta Pressure Third Position - Uncorrected,Unicode micro prefix in unit
Schlumberger,CPPV1_DL,m3,MDCP 1 Pretest Volume,Clean
Schlumberger,PQPRCORR1_DL,kPa,Correction Applied to the MRPQ 1 Quartz Gauge Sensor Pressure,Clean
Halliburton Logging,EP1P2Depth,m,EP1P2 Depth Probe,Clean
Baker Hughes Inteq,CALL,1/64 In,Lower lock arm caliper,Unit-symbol case error
Schlumberger,PQHP3_DL,Pka,MRPQ 3 Hydraulic Pressure,Unit-symbol typographical error
Halliburton Logging,F2HB,uV,Dipole 2 HV Before,Clean
Schlumberger,RD2_PPC2,m,PPC2 Radius 2,Clean
Schlumberger,P33L_UNC_RT,kohm.m,"Uncorrected Phase Shift Resistivity for 33 inch Spacing at 400 KHz, Real-Time",Clean
BP,BP_PITVOL_CHEM1,bbl,Tank Volume - Chemical 1,Clean
Schlumberger,SSHV,mV,High Voltage Output for SS Loop,Clean
Schlumberger,RV54_1D,kohm.m,3D Induction 1D Inversion Vertical Square Resistivity from 54 inch Array,Clean
Halliburton Logging,ST_ALT_FM_Hole_Size,in,Measured Hole Diameter,Clean
Baker Hughes Inteq,OP5A2,Euc,Second T2 accumulated partial porosity sum,Mnemonic typographical error
Schlumberger,LOTMAXP,kN/m²,"Leak Off Test, Maximum Pressure of 4 Cycles",Unicode power notation in unit
Schlumberger,VRAM_F2_C2,V,"Voltage Return, Amplitude, Frequency 2, Pad C and Button 2",Clean
Baker Hughes Inteq,RAXGCB,ft/s²,Raw X-axis accelerometer shifted to CBIL,Unicode power notation in unit
Schlumberger,RHNR_DH_ECO_RT,lbm/ft3,"Bulk Density from Neutron, Right, Real-Time, Computed Downhole",Clean
Halliburton Logging,YDP_ST_Time,us,Pick Time,Clean
Schlumberger,AT_DTR1_F0_HR,dB,High Resolution Frequency 0 Transverse Spacing 1 Attenuation,Clean
Schlumberger,HLS2,MHz,LDS High Resolution Short-Spaced SS2 Raw Window Count Rate,Clean
Schlumberger,SFCZ,mA,SFL Current Zero Measurement,Clean
Halliburton Logging,BHCR72K29ZZ,S/m,Bore Hole Correction R72K 29In Z Trans/ Z Recv,Clean
Halliburton Logging,LM_Time_Peaks,us,Time Peaks,Clean
Pason,MEGAJOULESCUM,EJ,MegajoulesCum,Clean
Halliburton Logging,DP1P1QPress,bar,DP1P1 Quartz Probe Pressure,Clean
Baker Atlas,trmst11,su,monopole multiplex waveform start time,Unit-symbol typographical error
Schlumberger,RHGE_ECO_RT,g/cm3,"Matrix Density from Elemental Concentrations, Real-Time (SpectroLith WALK2 Model)",Clean
Halliburton Logging,QUD6,kohm.m,Quality D6,Clean
Halliburton Logging,EP1Percent,ft,EP1 Pretest Percent,Mnemonic-unit semantic mismatch
Schlumberger,PC_DES_RATE,m3/d,Pressure Controller PID Desired Rate,Clean
Schlumberger,SPHS_ANT2_DH,dega,"Antenna 2 Signal Phase, Calculated Downhole",Clean
Baker Hughes Inteq,"  M4CC9",kS/m,"HDIL 4-foot resolution compressed conductivity, 90-inch DOI",Mnemonic boundary whitespace
Halliburton Logging,MP_Comp_DT,ms,Sonic Delta-T,Clean
Schlumberger,T2L7_SL​,us,T2 Logarithmic Mean associated with Binned Porosity 7 - Station Log,Mnemonic boundary invisible character
Halliburton Logging,LM_FHA,A,Pre Firing Voltage,Mnemonic-unit semantic mismatch
Baker Hughes Inteq,SBVMA3,cm³/L,Third T2 bulk volume moveable from SBVI calculation,Unicode power notation in unit
Schlumberger,ZAIT_RCNSTR_39,kS/m,3D Induction 1D Inversion Reconstructed Data for 39-inch array,Clean
Schlumberger,DTEXT,s/m,"Delta-T Shear, Transmitter Array - Expert mode",Clean
Schlumberger,SS5D,m,Surface Sensor 5 Depth,Clean
Schlumberger,CMPR,kPa,Coring Motor Pressure,Clean
Baker Hughes Inteq,DIS85,mT,DIS CHANNEL 85,Clean
Baker Atlas,SGM4,kohm.m,complex sigma array 4,Clean
Schlumberger,RDR5,ft,Raw Radius 5,Mnemonic typographical error
Schlumberger,A34B_DH_ECO_RT,ohm.m,"ARC Blended Attenuation Resistivity 34 inch Spacing, Real-Time, Computed Downhole",Clean
Baker Hughes Inteq,DCAL1D,m,Caliper (AGD1) difference from bit,Clean
Baker Hughes Inteq,RSA46X,ohm.m,Electrical Image - Sector 46 - Real-time,Mnemonic typographical error
Schlumberger,DPAP27_LB_1D,dega,3D Induction 1D Inversion Apparent Dip Magnitude Lower Bound from 27 inch Array,Clean
BP,BP_PITVOL_ACT6,bbl,Tank Volume - Active 6,Clean
Schlumberger,KTIM_ANT1,D,Antenna 1 Permeability Computed Using Timur-Coates Model,Clean
Halliburton Logging,CTHF,ppm,Contamination Fit Based On Hydrogen Index,Clean
Schlumberger,IRM,mS/m,IRM Resistivity,Clean
Baker Hughes Inteq,RTAV,ft,Average traveltime radius,Clean
Baker Hughes Inteq,W14Y,uV,High gain analog ground offset reference,Clean
Baker Hughes Inteq,DOGX,in,Depth offset of GXPL from orientation tool,Clean
Halliburton Logging,EPS2P2CP,bar,EPS2 P2 Quartz Gauge Correction Pressure,Clean
Halliburton Logging,BHCR72K29YY,mS/m,Bore Hole Correction R72K 29In Y Trans/ Y Recv,Clean
BP,BP_CHOKE2_POS_ACT_MPD,Euc,Choke 2 Position - Actual  (MPD),Clean
Halliburton Logging,PMXL,dega,HFDT Insite Phase of Middle Receiver TXUoff TXLon,Clean
Schlumberger,"  SHK1_CDN",Hz,"CDN Shock Rate, over 200g",Mnemonic boundary whitespace
Baker Hughes Inteq,ETHD​,s,Delta elapsed time from HTD,Mnemonic boundary invisible character
Halliburton Logging,BHCR72K29ZX,S/m,Bore Hole Correction R72K 29In Z Trans/ X Recv,Clean
Baker Hughes Inteq,rTA,kohm.m,Calculated formation resistivity for abc processing,Mnemonic case error
Baker Hughes Inteq,V6AB,ft/min,"Velocity from 500 Hz, row 6 sensors a and b",Clean
Baker Hughes Inteq,AGNF4,B,Acoustic averaged receiver gain,Clean
Halliburton Logging,BHCR72K50ZZ,S/m,Bore Hole Correction R72K 50In Z Trans/ Z Recv,Clean
Baker Hughes Inteq,rACE,ohm.cm,Resistivity Attenuation Borehole and Dielectric Corrected,Mnemonic case error
Halliburton Logging,DP1P2QPressCor,kPa,DP1P2 Quartz Probe Pressure Corrected,Clean
Schlumberger,P10H_COND,S/m,"Phase Shift Conductivity 10 inch Spacing at 2 MHz, Environmentally Corrected",Clean
Schlumberger,P14TGR,deltaC/m,PLQL Temperature Gradient [14],Clean
Halliburton Logging,BLDT,s,BuildupTime,Clean
Pason,O2,mol/m3,chr Oxygen O2,Clean
Schlumberger,T1L1_SH2,su,T1 Logarithmic Mean of Bin 1 for Shell 2,Unit-symbol typographical error
Schlumberger,BPRCORR2,kPa,Correction Applied to the MRPS 2 Quartz Gauge Sensor Pressure,Clean
BP,BP_RES_SH_PH_LF_DEP,kohm.m,Dep - Resistivity - Shallow - Phase - Low Frequency,Clean
Baker Hughes Inteq,TTR7​,ms,Traveltime from T-R7,Mnemonic boundary invisible character
Halliburton Logging,EPS1P2TEMP,degC,EPS1 P2 Quartz Gauge Temperature,Clean
BP,BP_PITVOL_CMT3,ft³,Tank Volume - Cement Unit Tank 3,Unicode power notation in unit
Schlumberger,VRPH_F2_A,cgr,"Voltage Return, Phase, Frequency 2, Pad A",Clean
Schlumberger,Z2DT,MHz,AGS Detector 2 Dead Time Countrate,Clean
Baker Hughes Inteq,QK4P,μpsi,Tic mark for drawdown pressure every hundred psi,Unicode micro prefix in unit
Schlumberger,ADIA_WDP,m,Average Borehole Diameter,Clean
Baker Hughes Inteq,"  CATROT",cgr,"Rotation sensor, CAT",Mnemonic boundary whitespace
Baker Hughes Inteq,PORDLS2,m³/m³,Porosity for limestone matrix (2nd tool),Unicode power notation in unit
Baker Hughes Inteq,BKG,MHz,Background gamma ray for correlation,Clean
Halliburton Logging,LM_Delta-T⁠,ms,LM Sonic Delta-T,Mnemonic boundary invisible character
Baker Hughes Inteq,FL78,mT,FL CHANNEL 78,Clean
Halliburton Logging,NDEC,MHz,Near Density Calibrated,Clean
Schlumberger,RCMX,m,Maximum of Corrected Radius of Borehole,Clean
Halliburton Logging,RO06,ohm.cm,6 in Radial Resistivity 1ft,Clean
Schlumbergr,MSWS_SLDT_HR,MHz,SLDT/QLDT All High Resolution Middle Spacing Windows,Service-company spelling error
BP,BP_GAS_ADV_C5_NORM_DEP,Euc,Dep - Normal-Pentane (nC5) - Advanced service,Clean
Schlumberger,E_MIN_PRS_RAW,psi,Phase E Minimum Pressure in Entire Curve Uncorrected,Clean
Schlumberger,TSPM,MHz,Total Pump Stroke Rate,Clean
Schlumberger,SWXD_ADT,Euc,Deep Zone Water Saturation,Clean
Schlumberger,HITCO90,kS/m,HITA Two Foot Conductivity A90,Clean
Halliburton Logging,VertRes72k17,kohm.m,"Vertical Resistivity 72k 17""",Clean
Halliburton Logging,XDP_ALT_ST_DT,ms,Sonic Delta-T,Clean
Schlumberger,DFR3_DL,ohm.cm,MRDP 3 Flowline Fluid Resistivity,Clean
Schlumberger,IRAV,m,Internal Radius Averaged Value,Clean
Schlumberger,DPTR21_UB_1DF_DISPLAY,μrad,3D Induction 1D Inversion Filtered True Dip Magnitude Upper Bound from 21 inch Array (modified to display tadpoles less frequently),Unicode micro prefix in unit
BP,BP_PMP_SPM_RATE_P5,kHz,Stroke Rate - Pump 5,Clean
Baker Hughes Inteq,PO12A4,m³/m³,Fourth T2 accumulated partial porosity sum,Unicode power notation in unit
Schlumberger,COND_DLG1_F3,kS/m,Frequency 3 Differential Longitudinal Spacing 1 Conductivity,Clean
Schlumberger,RZI03BQ,mA,"Uncalibrated A0 Current 3B, quadrature",Clean
Schlumberger,LOTTMAP,ms,"Leak Off Test, Time of Maximum Pressure of 4 Cycles",Clean
Baker Hughes Inteq,"AGNN1	",B,Acoustic averaged receiver gain,Mnemonic boundary whitespace
Schlumberger,HRGA,kg/m3,Apparent Grain Density,Mnemonic typographical error
Schlumberger,T2LM_DFO_SH2,s,Logarithmic Mean of Oil T2 Distribution (Diffusion Free) for Shell 2,Clean
Pason,GAMMA_AT_BIT,kHz,Gamma At Bit,Clean
Schlumberger,"BMUA	",ohm.m,RAB Medium Button Resistivity at User Azimuth,Mnemonic boundary whitespace
Halliburton Logging,RVHRes60k80,ohm.m,"Vertical Restivity 80"" / Horizontal Restivity 80"" 60k",Clean
Schlumberger,LOG_T2CUTOFF,s,Logarithmic T2 Cutoff,Clean
Schlumbergr,TOOL_ACCELERATION,Gal,Tool acceleration.,Service-company spelling error
Baker Hughes Inteq,MROUT,nohm.mm²/m,Mud Resistivity Out- Average,Unicode power notation in unit
Schlumberger,HITCO,S/m,HITA Two Foot Conductivity,Clean
Baker Hughes Inteq,EPSMO,uF/m,Rel permittivity med xmtrs outer rcvrs all frequencies,Clean
Schlumberger,RX0,hom.m,Flushed Zone Resistivity,Unit-symbol typographical error
Baker Hughes Inteq,ZR5BU,μohm,Frequency 2 pad 5 resistance,Unicode micro prefix in unit
Baker Hughes Inteq,FMTRM,kHz,Mean deviation of flowmeter,Clean
Schlumberger,ZPIMP,dega,Z Properties Current Medium Frequency Phase,Clean
Halliburton Logging,RAP4,ohm.cm,Corrected Calibration Panel Apparent Resistivity Mode 4,Clean
Halliburton Logging,XDP_XY2_Freq,µHz,Pick Frequency 2,Unicode micro prefix in unit
Baker Hughes Inteq,APH1AS,dega,Pad 1 frequency A average phase over pad buttons (2nd),Clean
Schlumberger,P10SPIN,rev/s,Spinner Rotational Velocity [10],Clean
Schlumberger,LCP,kPa,SPST Lower Chamber Pressure,Clean
Baker Hughes Inteq,RPCESL,ohm.m,Resistivity Phase Diff Compensated Borehole and Dielectric Corrected Short 400kHz,Clean
Schlumberger,GHMN4_FSI,PV,Optical Probe 4 Minimum Voltage,Unit-symbol case error
Halliburton Logging,HorizRes36k50,ohm.m,"Horizontal Resistivity 36k 50""",Clean
Baker Hughes Inteq,TAUF,s,Channel A/D sampling period for far transmitter,Clean
Schlumberger,OILPA,cgr,"Injected Current Lower Phase, Pad A",Clean
Halliburton Logging,UFMP_ALT_PL_Freq,Hz,Pick Frequency 2,Clean
Baker Hughes Inteq,PO10A5,ppm,Fifth T2 accumulated partial porosity sum,Clean
Schlumberger,FLD1_CGA3,uV,CGA3 Fluorescence Channel 1,Clean
Pason,GRAVITY_TOOLFACE,rad,Gravity Toolface,Clean
Schlumberger,rFSR_DH_ECO_RT,m2,"Raw Formation Sigma, Right, Real-Time, Computed Downhole",Mnemonic case error
Pason,TVDEPTH,in,True Vertical Depth,Clean
Baker Hughes Inteq,RAZDW,gn,Differential Z-axis accelerometer shifted to WGI,Clean
Halliburton Logging,XDP_ALT_PL_Freq,kHz,Pick Frequency 2,Clean
Baker Atlas,trmst03,s,monopole multiplex waveform start time,Clean
Schlumberger,BRS3,bar,MRPS 3 Raw Strain Gauge Pressure,Clean
Schlumberger,SOIRPRES_SR1DL,psi,MRSR SOI Raw Pressure,Clean
BP,BP_PRESS_CHOKE,psi,Pressure - Choke Line,Clean
Schlumberger,AHORWAI,ohm.cm,Array Induction One Foot Radial RWA Image,Clean
Schlumberger,FSHA_ERRMAX,rad,Fast Shear Azimuth Uncertainty Error Maximum,Clean
Schlumberger,R3IM_DYN_TOH_RT,ohm.m,"Dynamic Deep Button Resistivity Image (Oriented), Real-Time",Clean
Schlumberger,SUSL10_DL,s,MDSU 10 Slew Rate,Clean
Halliburton Logging,mSH,ms,Monopole Upper Travel Time,Mnemonic case error
Schlumberger,OCND_DTR3_F1,mS/m,Frequency 1 Differential Transverse Spacing 3 Conductivity,Mnemonic typographical error
Baker Hughes Inteq,NPSFM,%,Neutron Porosity - Sandstone - Filtered - Memory,Clean
BP,BP_MUD_MFO_CORIOLIS,m3/d,Flow Out - Mud (Coriolis),Clean
Schlumberger,SPFV2,ft/min,Fluid Velocity at Spinner 2,Clean
Baker Hughes Inteq,AZSH,m3/d,Azimuth of Tool with Respect to Magnetic North,Mnemonic-unit semantic mismatch
Baker Hughes Inteq,MT_BWX,%,Bound Water - Downhole Processed - Real-time,Clean
Baker Hughes Inteq,RSW2,in,Radius with swing arm correction for caliper pad 2,Clean
Schlumberger,R1X,A,"Raw Ring Current from Transmitter 1, Out Of Phase",Clean
Baker Hughes Inteq,PRDTMP,degF,Differential temperature from XUA precision temperature tool,Clean
Schlumberger,cSCR,MHz,Calibration Source Count Rate,Mnemonic case error
Schlumberger,T2L1_SH8,s,T2 Logarithmic Mean of Bin 1 for Shell 8,Clean
Baker Atlas,"spdh07﻿",uV,SP processed in common remote,Mnemonic boundary invisible character
Halliburton Logging,YY_ALT_Slowness_Peaks,s,Slowness Peaks,Clean
Schlumberger,DPAP72_LB_1D_DISPLAY,dega,3D Induction 1D Inversion Apparent Dip Magnitude Lower Bound from 72 inch Array (modified to display tadpoles less frequently),Clean
Schlumberger,RH_HL_LB_ZD5,kohm.m,3D Induction Group 5 Zero-D Inversion Horizontal Resistivity High Likelihood Lower Bound,Clean
Baker Hughes Inteq,FPres_3,psi,Formation Pressure 3 - Memory,Clean
Baker Hughes Inteq,SPRMA4,mD,Fourth T2 permeability from SBVI calculation,Clean
Halliburton Logging,"CM2	",mV,Common Mode Pad 2,Mnemonic boundary whitespace
Halliburton Logging,36kRH17,kohm.m,36k Rh 17 inch for the MCIV1D,Clean
BP,BP_ECD_MPD,G/cm3,ECD - Computed (MPD),Unit-symbol case error
Baker Hughes Inteq,ATNSIC,dB/ft,"Comp. calib. attn., inner rcvrs, short xmtrs, all freq.",Clean
Baker Hughes Inteq,TFSP03,ms,Monopole multiplexed sample period,Clean
Schlumberger,RV39_HL_L_1DF,ohm.cm,3D Induction 1D Inversion Vertical Filtered Resistivity High Likelihood Lower Bound from 39 inch Array,Clean
BP,BP_GAS_ADV_C4_ISO_DEP,ppm,Dep - Iso-Butane (iC4) - Advanced service,Clean
Schlumberger,SGSFRCONPRES,µPa,Strain Gauge Superflow Reconstructed Pressure,Unicode micro prefix in unit
Baker Hughes Inteq,FLC52,mT,FLC_52,Clean
Schlumberger,HICCB,kS/m,HITA Computed Effective Mud Conductivity,Clean
Schlumberger,SIGM_14,in2,"Formation Sigma, pass 14",Clean
Schlumberger,SCN1,MHz,Small Shock counts,Clean
Schlumberger,SFTSF,kHz,MRSF Strain Gauge Frequency,Clean
Baker Hughes Inteq,PKSTR,s/m,"Array of found peak locations, total, receiver",Clean
Schlumberger,UR01,ft,Uncalibrated Radius 1,Clean
Schlumberger,RLA5,ohm.cm,Apparent Resistivity from Computed Focusing Mode 5,Clean
Schlumbergr,RHF4,kHz,Raw Far Helium Bank 4 Count Rate,Service-company spelling error
BP,BP_GAS_ADV_H2S_DEP,Ft3/ft3,Dep - Hydrogen Sulphide (H2S) - Advanced service,Unit-symbol case error
Halliburton Logging,BHCR60K80XY,kS/m,Bore Hole Correction R60K 80In X Trans/ Y Recv,Clean
Baker Hughes Inteq,MPHEB2,Euc,MR effective porosity for 2nd BVI process,Clean
Schlumberger,MAXRPMINC,rpm,Maximum RPM Increase,Clean
Schlumberger,RH_ZD5,kohm.m,3D Induction Group 5 Zero-D Inversion Horizontal Resistivity,Clean
Halliburton Logging,CT6,kS/m,6 in Radial Conductivity 2ft,Clean
Baker Hughes Inteq,DAZXE,Rev,Borehole azimuth at acoustic tool reference,Unit-symbol case error
Schlumberger,PQ3TR,degF,MRPQ 3 Resistivity Cell Temperature,Clean
Baker Hughes Inteq,V714,m/s,"Velocity from 250 Hz, row 7, sensors 1 and 4",Clean
Baker Hughes Inteq,TXXSP01K,ms,Four-comp. dipole XX multiplexed sample period,Clean
Halliburton Logging,VMA5,mV,Differental Voltage Average Magnitude - Pad 5,Clean
Schlumberger,ACTX_SL,degC,X Accelerometer Temperature,Clean
Schlumberger,UCMN,fx,Ultrasonic Caliper Minimum Value,Unit-symbol typographical error
Schlumberger,RODRRHO_IFAX2,g/cm3,IFAX 2 DV-Rod Raw Fluid Density,Clean
Schlumberger,SKE,D[API],Empirical Permeability from Sidewall Core,Clean
Halliburton Logging,TTTR_LMP,ms,MSG Travel Time Tracker,Clean
Baker Hughes Inteq,M1C1,mS/m,"HDIL 1-foot resolution matched conductivity, 10-inch DOI",Clean
Schlumberger,MWO,g/cm3,Mud Weight Out,Clean
Schlumberger,FLD1,V,Fluorescence Channel 1,Clean
Baker Hughes Inteq,RAZXE,aGl,Raw Z-axis accelerometer shifted to XMAC-F1,Unit-symbol typographical error
Schlumberger,RES_BX0,nohm.mm²/m,"Resistivity eXtra Deep, Octant 0",Unicode power notation in unit
Pason,ISOPENTANE_IC5,Euc,chr Iso-Pentane NC5,Clean
Halliburton Logging,72kRH50,ohm.m,72k Rh 50 inch for the MCIV1D,Clean
Schlumberger,WTGR,deltaF/m,Well Temperature Gradient,Clean
Baker Hughes Inteq,TFST09K,ms,Monopole multiplexed waveform start time,Clean
Schlumberger,3XVPV,L,3XV Pump Output Volume,Clean
Baker Hughes Inteq,PKSMNR,s/m,Peaks from mono compressional correlogram (4 wave) near rcvr,Clean
Baker Hughes Inteq,PORHSE,ppm,"Porosity from highest frequency, short xmtrs, real time",Clean
Baker Hughes Inteq,QDDPR,MPa/m,Differential pressure from Quartzdyne,Clean
Baker Hughes Inteq,ABDC15M,g/cm3,Azimuthal Bulk Density - Compensated - Sector 15 - Memory,Clean
Schlumberger,DRHB_DH,lbm/ft3,"Bulk Density Correction, Bottom",Clean
Schlumberger,GHB3,MHz,Bubble Count Rate Optical Probe 3,Clean
Schlumberger,oIA,A,Injected Current Average Amplitude Pad A,Mnemonic case error
Baker Hughes Inteq,RSW4,ft,Radius with swing arm correction for caliper pad 4,Clean
BP,BP_GAS_ADV_C4_ISO_IN,ppm,Iso-Butane (iC4) IN - Advanced service,Clean
Schlumberger,RN7,kHz,Raw Near Gate 7,Clean
Halliburton Logging,TrueAzimuth60k80,cgr,"True Dip Azimuth 60k 80""",Clean
Halliburton Logging,XDP_XY2_Time,ga[t],Pick Time Reflected Shear,Unit-symbol case error
Schlumberger,RHOX,g/mc3,Bulk Density From Second Tool,Unit-symbol typographical error
Schlumberger,RE40,nohm.mm²/m,ARC 40 inch Extended Resistivity at 2 MHz,Unicode power notation in unit
Baker Hughes Inteq,SRA025M,ohm.m²/m,Electrical Image - Sector 25 - Memory,Unicode power notation in unit
Schlumberger,POUDRFR2,m3/d,MRPOUD 2 Raw Flow Rate,Clean
Baker Hughes Inteq,TMPCAT,degC,Electronics temperature,Clean
Halliburton Logging,C45CAL2,ppm,C45Calc2,Clean
BP,BP_RHOBA_DEP_11,kg/m3,Dep - Bulk Density - Azimuthal - Sector11,Clean
Baker Hughes Inteq,RBIN,rad,Relative bearing (relative to borehole high side) for INTeX,Clean
Schlumberger,DCHO_RT,m,"Real Time Density Caliper, Horizontal",Clean
Schlumberger,RES_BS_UNC,kohm.m,"Resistivity Shallow, Uncorrected",Clean
Schlumberger,PH_T3_R1,dega,Phase Measurement at Receiver 1 with Transmitter 3 Broadcasting,Clean
Baker Hughes Inteq,PGV,V,Array of STAR guard voltage (true),Clean
Schlumberger,AO20,ohm.cm,Array Induction One Foot Resistivity A20,Clean
Baker Hughes Inteq,CTRDW,m,Tool-centered spline radii,Mnemonic typographical error
Schlumberger,P02DEV,dega,Hole Deviation [02],Clean
Baker Hughes Inteq,RCRESC⁠,ohm.cm,Sentinel Resistivity of fluid in R/C sensor,Mnemonic boundary invisible character
Baker Hughes Inteq,DEVGT,cgr,Deviation at GTI position,Clean
Schlumberger,CDBC,mS/m,Deep Induction Borehole Corrected Conductivity,Clean
Baker Hughes Inteq,RCAP06,m3,Capacitance sensor 6,Mnemonic-unit semantic mismatch
Pason,OBH,us,On Bottom Hours,Clean
Baker Atlas,TWS,us,wait time (short),Clean
Halliburton Logging,MIN_AVG_CAPAC1,V,Minimum Average Capacitance 1,Mnemonic-unit semantic mismatch
Halliburton Logging,FPH1,rad,PHASE 8 CM RECEIVER,Clean
Schlumberger,MTEM,K,Mud Temperature,Clean
Schlumberger,DEAT,dB/ft,Delta EATT (Environmental Corrections),Clean
Baker Hughes Inteq,DZR5AS,kohm.m,Freq A pad 5 dynamic real resistivity of formation impedance,Clean
Schlumberger,TNEAL,µHz,"Thermal Neutron Near Count Rates, Left",Unicode micro prefix in unit
Halliburton Logging,HorizResist80,ohm.m,"Horizontal Resistivity 80""",Clean
Halliburton Logging,BHCR12K50XX,ft3,Bore Hole Correction R12K 50In X Trans/ X Recv,Mnemonic-unit semantic mismatch
Baker Hughes Inteq,DTTN,s/m,Slowness from transmitter array near transmitter,Clean
Baker Hughes Inteq,SRA015M,ohm.m,Electrical Image - Sector 15 - Memory,Clean
Schlumberger,CMW_MIN_SH,kg/m3,Critical Mud Weight for the minimum shear failure mode,Clean
Baker Hughes Inteq,RT1DNI,ohm.m,"Induction resistivity, non-invasion model",Clean
BP,BP_PRESS_BH_MPD,bar,Pressure - Bottom Hole - Computed (MPD),Clean
Halliburton Logging,TrueAzimuth72k80,rad,"True Dip Azimuth 72k 80""",Clean
Schlumberger,SA_QUARTZ_MOBILITY,D/(Pa.s),"Sample Test Mobility, Quartz Gauge",Clean
Halliburton Logging,MGTC,Hz,Middle Decay Vect,Clean
Baker Hughes Inteq,TOTAL_VOLUME,L,Volume pumped during the actual clean-up - Memory,Clean
Baker Hughes Inteq,MNR2B,ohm.cm,Pad 2 frequency B minimum button resistivity,Clean
Halliburton Logging,FR12​,ohm.cm,DIFF RESISTIVITY 8 12 CM,Mnemonic boundary invisible character
Baker Hughes Inteq,RAZDGT,m/s²,Differential Z-axis accelerometer shifted to GTI,Unicode power notation in unit
BP,BP_H2S1_RIG,%,H2S (Rig) Sensor 1,Clean
Schlumberger,TT4_5F_AVE_MLH,s,Transit Time 4.5 ft Average from Monopole Lower High Frequency Waveform,Clean
Schlumberger,QTDE_TL,m3/d,Total Estimated Downhole Flowrate,Clean
Baker Hughes Inteq,FLC23,uT,FLC_23,Clean
Halliburton Logging,FMMN,kPa,Pumping Min formation Pressure,Clean
Schlumberger,CSID2,m,Casing 2 Inner Diameter,Clean
Halliburton Logging,36kDip80,edga,36k Dip 80 inch for the MCIV1D,Unit-symbol typographical error
Halliburton Logging,UMP_Comp_DT,ms,Sonic Delta-T,Clean
Baker Hughes Inteq,NBGRSSRPMAXM,Rpm,Near Bit Stick Slip RPM Maximum - Memory,Unit-symbol case error
Halliburton Logging,XPAD3,kS/m,XRMI Pad 3 values,Clean
Baker Hughes Inteq,NCNTD,cgr,North count (degrees from TBM to north in TBM mode),Clean
Schlumberger,RCID_FSI,ft,Raw Casing ID,Clean
Schlumberger,PAEX_DL,bar,MRPA Element Maximum Pressure,Clean
Schlumberger,RHOB_ADN_RT,g/cm3,"Bulk Density, Real-Time",Clean
Baker Hughes Inteq,FL83,mT,FL CHANNEL 83,Clean
Schlumberger,RKPPOS,m,Raw Kinematics Piston Position,Clean
Halliburton Logging,VTC,bbl,Volume from FPS to Chamber,Clean
Halliburton Logging,UFM_ALT_Slowness_Peaks,ms,Slowness Peaks,Clean
Halliburton Logging,VM11,V,Differental Voltage Measurement 1 Magnitude - Pad 1,Clean
Baker Hughes Inteq,DAZGT,cm,Deviation azimuth for GTI,Mnemonic-unit semantic mismatch
Schlumberger,RTCH_COMP,ohm.cm,Computed CFRT Resistivity with cement correction in minimization process,Clean
Baker Hughes Inteq,"  DEVEI",rad,Deviation at EART position,Mnemonic boundary whitespace
Baker Hughes Inteq,ZI5AU,Gohm,Freq 1 pad 5 capacitive part of complex formation impedance,Clean
Halliburton Logging,PRDD,psi,Pretest Draw Down Presssure,Clean
Schlumberger,ATUC,K,Accelerometer Temperature used for Correction,Clean
Schlumberger,GNMX,B,Max PGA gain,Clean
Halliburton Logging,BHCR12K17ZX,S/m,Bore Hole Correction R12K 17In Z Trans/ X Recv,Clean
Schlumberger,"DPAZ21_LB_1DF	",dega,3D Induction 1D Inversion Filtered True Dip Azimuth Lower Bound from 21 inch Array,Mnemonic boundary whitespace
Halliburton Logging,BHCR36K29ZX,mS/m,Bore Hole Correction R36K 29In Z Trans/ X Recv,Clean
Baker Hughes Inteq,DEVIN,dega,Deviation at INTeX position,Clean
Pason,DDPSP,kPa,AutoDriller Diff Press SP,Clean
Schlumberger,TT3F_MAX_MUH,s,Transit Time 3 ft Maximum from Monopole Upper High Frequency Waveform,Clean
Baker Hughes Inteq,ABDC16M,kg/m3,Azimuthal Bulk Density - Compensated - Sector 16 - Memory,Clean
Baker Hughes Inteq,RAA,ohm.m,Resistivity Attenuation Apparent,Clean
BP,"  BP_MUD_MFCD_GL",m3/h,Flow Cumulative Differential - Mud (GainLoss Service),Mnemonic boundary whitespace
Schlumberger,T1LM_G_UHR,ms,Logarithmic Mean of Gas T1 Distribution for Upper High-Resolution Antenna,Clean
Baker Hughes Inteq,M1C9,kS/m,"HDIL 1-foot resolution matched conductivity, 90-inch DOI",Clean
Baker Hughes Inteq,P4HS,rad,Phase difference,Clean
Schlumberger,GHBF0_FSI,MHz,Filtered (Sliding Window) Bubble Count Rate Optical Probe 0,Clean
Halliburton Logging,T2MX,ms,Longest travel time of 2nd reflection for ecenter tool,Clean
Baker Hughes Inteq,GRRIX,1/m,"Data Density integrated, from RNT Gamma Ray, Transmitted",Clean
Halliburton Logging,ST_YDP_FHA,V,Pre Firing Voltage,Clean
Schlumberger,COMP_BUCKLING⁠,lbf,The computed critical buckling load that will cause the drill string to buckle,Mnemonic boundary invisible character
Halliburton Logging,CT09,kS/m,90 in Radial Conductivity 2ft,Clean
Schlumberger,"SOL_HOLD_VOLT_DL﻿",uV,Solenoid Holding Voltage,Mnemonic boundary invisible character
Schlumberger,CCSLP2_DL,bar,MDCC 2 Set Line Pressure,Clean
Schlumberger,SLS_DRVA_OFF_BOT,mA,"Rotary table motor current, measured while off bottom",Clean
Schlumberger,INT_TEM_SIG,degF,DTS interpolated temperature signal trace,Clean
Schlumberger,POCCR,L/min,MRPO Continuous Corrected Rate,Clean
Schlumberger,sHK2,kHz,"Shock Rate, over 200G",Mnemonic case error
Schlumberger,KTIM_TAPER_SH8,mD,Timur/Coates Permeability using Tapered Cutoff for Shell 8,Clean
Baker Hughes Inteq,DP3B,kohm.m,Pad 3 frequency B average of two center button resistivities,Clean
Schlumberger,CR70,ft,Corrected Radius 70,Clean
Schlumberger,QT,L/min,Total Flowrate,Clean
BP,BP_GAS_ADV_C1_DEP,%,Dep - Methane (C1) - Advanced service,Clean
Schlumberger,URAC,MHz,Uranium (U) Count Rate Output,Clean
Baker Hughes Inteq,SRA28X,ohm.cm,Electrical Image - Sector 28 - Real-time,Clean
Halliburton Logging,QG3CORPRES,kPa,Quartz Gauge 3 Pressure,Clean
Schlumberger,VIBX_RT,Gal,"RMS Vibration, X-Axis",Clean
Halliburton Logging,INVT,KV,Input Voltage,Unit-symbol case error
Halliburton Logging,FDEE,lbm/ft3,Far Density EVR,Clean
Baker Hughes Inteq,ID17,m,Dia. 17,Clean
Halliburton Logging,DP0P2TempStab,deltaC/s,DP0P2 Temperature Probe Stability,Clean
Halliburton Logging,HDX,S/m,Deep Raw X,Clean
Baker Hughes Intq,DAZNM,rad,Deviation azimuth for MR services,Service-company spelling error
Schlumberger,P2TT_TA,ms,Peak 2 Transit Time for Transmitter Array,Clean
Baker Hughes Inteq,HCDC2,uA,DC power supply 2 current,Clean
Schlumberger,NTHS,uS,Normalized Thickness Magnetic Conductivity (Sigma),Clean
Baker Hughes Inteq,FLR70,uT,FLR_70,Clean
Baker Hughes Inteq,FPADS,Pka,Packer extend pressure (2nd tool),Unit-symbol typographical error
Schlumberger,RMM_RAB_RT,ohm.cm,Real-Time Average Medium Button Resistivity,Clean
Schlumberger,DPAZ_UB_ZD3,dega,3D Induction Group 3 Zero-D Inversion True Dip Azimuth Upper Bound,Clean
Halliburton Logging,HO03,kohm.m,30 in Radial Resistivity 1ft,Clean
Schlumberger,RLS5,kHz,Raw Long Spacing Window 5 Count Rate,Clean
Schlumberger,NCAL_FAR_ADN_RT,mx,"Far Neutron Caliper, Real-Time",Unit-symbol typographical error
Halliburton Logging,PRVT,V,Preregulated voltage,Clean
Schlumberger,ROSI,ohm.m,"Bulk Density Image, 0.1 ft, 16-Sector",Mnemonic-unit semantic mismatch
Schlumberger,SPD4,uA,Symmetrized Directional Deep Phase Shift at 400 KHz.,Mnemonic-unit semantic mismatch
Baker Hughes Inteq,XINMIT,dega,X axis inclination,Clean
Pason,P3_RATE_PVT,Hz,Pump 3 Rate PVT,Clean
Schlumberger,SPMX3,mV,Spinner 3 Maximum Voltage,Clean
Schlumberger,T2LM_DI_SH4,s,Logarithmic Mean of T2 Distribution (Diffusion Included) for Shell 4,Clean
Halliburton Logging,VertRes12k80,ohm.cm,"Vertical Resistivity 12k 80""",Clean
Schlumberger,T2LM_DF2_LHR,100 Ka[t],Logarithmic Mean of Special Fluid 2 T2 Distribution (Diffusion Free) for Lower High-Resolution Antenna,Unit-symbol case error
Schlumberger,VIBLAT_RT,gn,Transverse RMS Vibration,Clean
Schlumberger,LLDR,kohm.m,LLD Rectangular Log,Clean
Schlumberger,TT5_MU,s,Transit Time Monopole Upper Transmitter Firing #5,Clean
Baker Hughes Inteq,RWAD2,ohm.m,"Apparent formation water resistivity, F from FD (2nd tool)",Clean
Schlumberger,P28L_COND_ECO_RT,S/m,"Phase-Shift Conductivity 28 inch Spacing at 400 KHz, Environmentally Corrected, Real-Time",Clean
Schlumberger,PS_DTR3_F2_HR,μrad,High Resolution Frequency 2 Transverse Spacing 3 Phase Shift,Unicode micro prefix in unit
Halliburton Logging,TTS6,us,Az6 Pipe Travel Time,Clean
Schlumberger,DRILLPIPE_PRESSURE_DROP,bar,Computed drill pipe pressure drop (WITS channel PLDS),Clean
Schlumberger,P214,rad,Phase R2 from T1 at 400 KHz,Clean
Schlumberger,PS_DLG4_F3_HR,rad,High Resolution Frequency 3 Longitudinal Spacing 4 Phase Shift,Clean
Baker Hughes Inteq,ID11,ft,Dia. 11,Clean
Halliburton Logging,BCH3,mA,Borehole Corrections Conductivity D3,Mnemonic-unit semantic mismatch
BP,BP_CHOKE4_POS_ACT_MPD,%,Choke 4 Position - Actual  (MPD),Clean
Halliburton Logging,BASE,g/cm3,Density Base Line,Clean
Schlumberger,FSXD_ADT_SIG,%,Uncertainty on Deep Zone Formation Water Salinity,Clean
Schlumberger,IR2,ft,Internal Radius 2,Clean
Schlumberger,RZIT1,uA,"Uncalibrated Total Current 1, in phase",Clean
Halliburton Logging,EP1PtRate,m3/h,EP1 Pretest Rate,Clean
Baker Hughes Inteq,MBHC1,S/m,"HDIL borehole corrected conductivity, subarray 1",Clean
Baker Hughes Inteq,T15MA,us,Time remaining until maximum temperature w15ma reached,Clean
Schlumberger,NFD0,g/cm3,Fluid Density Pass 0,Clean
Baker Hughes Inteq,DTCAFR,s/m,"Compressional wave slowness from 4 wave, far receiver array",Clean
Schlumberger,FPO4,lbf,CSAT-4 Processed Anchoring Force,Mnemonic typographical error
Baker Hughes Inteq,QPL0P,bar,"Tic mark for drawdown pressure every hundredth psi, PLCOR",Clean
Baker Hughes Inteq,MLR3C,kohm.m,"RTeX medium resistivity 3, adaptive borehole correction",Clean
Baker Hughes Inteq,"APH4B﻿",cgr,Pad 4 frequency B average phase over pad buttons,Mnemonic boundary invisible character
Schlumberger,SIGS,ft2,Sigma Matrix Sandstone from GST,Clean
Schlumberger,LSAZ,kHz,"Raw Long Spacing Window 3 Count Rate, 16-Sector Waveform",Clean
Baker Hughes Inteq,MTRAVGX,rev/s,Motor RPM - Average - Real-time,Clean
Halliburton Logging,TrueDip84k80,cgr,"True Formation Dip 84k 80""",Clean
Baker Hughes Inteq,FLR27,uT,FLR_27,Clean
Baker Hughes Inteq,RADIUS06M,in,Acoustic Caliper - Radius - Sector 6 - Memory,Clean
Schlumberger,DPAZ_LB_ZDB,rad,3D Induction Best Zero-D Inversion True Dip Azimuth Lower Bound,Clean
Halliburton Logging,YY_Delta-T,s,YY Sonic Delta-T,Clean
Baker Hughes Inteq,PKSXR,h/km,"Peaks from compressed semblance surface XX, receiver",Clean
Halliburton Logging,RF06,ohm.m,6 in Radial Resistivity 4ft,Clean
Baker Hughes Inteq,R56,in,Multi-arm_data - Feeler 56 radius,Clean
Schlumberger,PT_SGP_DD_MOBILITY,mD/cP,Pretest Mobility from RFT Strain Gauge (SGP),Clean
Schlumberger,DRAA_ADN_RT,g/cm3,Real-Time Bulk Density Correction,Clean
Schlumbergr,SLS_SLACK_OFF_WEIGHT,kgf,Slack Off Weight measured with drillstring off bottom and moving down,Service-company spelling error
Baker Hughes Inteq,RBZ,μrad,Relative bearing (relative to borehole high side) for ZDL,Unicode micro prefix in unit
Halliburton Logging,CTDF,ppm,Contamination Fit Based On Diel Capacintance,Clean
Baker Hughes Inteq,v214,ft/min,"Velocity from 250 Hz, row 2, sensors 1 and 4",Mnemonic case error
Schlumberger,HISFI,V,HITA SP Filtered,Clean
Baker Hughes Inteq,R35,in,Multi-arm_data - Feeler 35 radius,Clean
Baker Hughes Inteq,FLR56,μgauss,FLR_56,Unicode micro prefix in unit
Baker Hughes Inteq,FLR75,mT,FLR_75,Clean
Schlumberger,SRVP_7_5_FAST_R,ms/m,Shear Radial Variation Profile at 7.5 Inch Radial Depth from Borehole Surface for FAST Waveform Receiver Array,Clean
Baker Hughes Inteq,"  B16L",cgr,"Phase, 16 Hz, long spacing offset 360 degrees",Mnemonic boundary whitespace
Schlumberger,CDLR,mS/m,Deep Induction Test-loop Calibrated Real Conductivity,Clean
Baker Hughes Inteq,SRA068M,kohm.m,Electrical Image - Sector 68 - Memory,Clean
Halliburton Logging,MSPD,rev/s,Motor Speed,Clean
Baker Hughes Inteq,T2BF,s,Time remaining until max temperature for inside flask sensor,Clean
Schlumberger,FCL2,ft,EMS Fixed CALIPER-2,Clean
Halliburton Logging,VM64,uV,Differental Voltage Measurement 6 Magnitude - Pad 4,Clean
Schlumberger,RN16_SL,Hz,Near Count Rate From Gate 16,Clean
Schlumberger,PS_DTR1_F0,rad,Frequency 0 Transverse Spacing 1 Phase Shift,Clean
Schlumberger,DPTR54_LB_1DF,rad,3D Induction 1D Inversion Filtered True Dip Magnitude Lower Bound from 54 inch Array,Clean
BP,BP_ROP_AVG,ft/min,Rate of Penetration,Clean
Schlumberger,SALC,Euc,Computed Formation Fluid Salinity,Clean
Schlumberger,SRVP_0_0_YD_R,us,Shear Radial Variation Profile at 0 Inch Radial Depth from Borehole Surface for YD Waveform Receiver Array,Mnemonic-unit semantic mismatch
Schlumberger,DRHU_DH,g/cm3,"Bulk Density Correction, Up",Clean
Schlumberger,DTSH_90X,h/km,Shear Slowness from Dipole 90 Degree Transmitter Custom Frequency Firing 90 Degree Component,Clean
Baker Hughes Inteq,LI1D,in,Median invasion length,Clean
Schlumberger,"SCTV	",m/s,Corrected tool velocity,Mnemonic boundary whitespace
Schlumberger,TSCF_TDTL,MHz,Total Selected Count Rate Far Detector (TDT-like),Clean
Halliburton Logging,BHCR36K29YY,kS/m,Bore Hole Correction R36K 29In Y Trans/ Y Recv,Clean
Halliburton Logging,EPS2P1TEMP,K,EPS2 P1 Quartz Gauge Temperature,Clean
Halliburton Logging,AMLL,dB/ft,Wave attenuation based on m/l rcvrs from Lower xmtr.,Clean
Schlumberger,"ANOR_PSTT	",gn,Acceleration Computed Norm (vector length),Mnemonic boundary whitespace
Baker Hughes Inteq,PORDLS,m³/m³,Porosity for limestone matrix,Unicode power notation in unit
Baker Hughes Inteq,CPL2,MHz,Capture spectrum using large windows (far detector),Clean
Halliburton Logging,EP3PtRate,L/min,EP3 Pretest Rate,Clean
Halliburton Logging,TMPO,degF,Temperature of Hydraulic Oil,Clean
Baker Hughes Inteq,FLC92,uT,FLC_92,Clean
Baker Hughes Inteq,FLR66,T,FLR_66,Clean
Baker Hughes Inteq,DZR4BS,ohm.cm,Freq B pad 4 dynamic real resistivity of formation impedance,Clean
Baker Hughes Inteq,RZSE,ohm.m,"Flushed zone water resistivity, real time, short xmtrs",Clean
Schlumberger,DRRT_RT,lbm/ft3,"Bulk Density Rotational Correction, Real-Time",Clean
Schlumberger,T1LM_SF1_SH4,s,Logarithmic Mean of Special Fluid 1 T1 Distribution for Shell 4,Clean
Schlumberger,CP_IV_DR,bar,Phase C Investigation Drawdown Pressure,Clean
Baker Hughes Inteq,FLOWOUTPC,m3/d,Mud Flow Out- Percent,Clean
Schlumberger,CSGM,%,Maximum Gas Saturation from Core,Clean
Baker Hughes Inteq,FLC22,uT,FLC_22,Clean
Schlumberger,SMPDEVVOL,bbl,Sampling Device Volume,Clean
Schlumberger,DFBF5,MHz,Filtered Bubble Count Rate Electrical Probe 5,Clean
Baker Hughes Inteq,HRD2S,kHz,Short space detector spectrum count rate 200-540 keV,Clean
Schlumberger,ERA_PPC2,dega,Angle between Ellipse Long Axis and Line of Caliper 1-3,Clean
Halliburton Logging,AVCS,psi,Average Compressive Strength,Clean
Schlumberger,FDFD,g/cm3,Filtered Deviation-corrected Well Fluid Density,Clean
Baker Atlas,HST,us,monopole multiplex waveform start time,Clean
Halliburton Logging,72kRV50,ohm.m,72k Rv 50 inch for the MCIV1D,Clean
Halliburton Logging,ECPR,m3/h,EPS Calculated Pump Rate,Clean
Baker Hughes Inteq,HVAC2,uV,AC power supply 2 voltage,Clean
Baker Hughes Inteq,CALY2,in,Second caliper from Y-axis of XY caliper(s),Clean
Baker Hughes Inteq,FLC14,T,FLC_14,Clean
Halliburton Logging,TMRF,degC,Rho Fluid Temperature,Clean
Baker Hughes Inteq,PO7A2,%,Second T2 accumulated partial porosity sum,Clean
Halliburton Logging,BHCR84K80YY,S/m,Bore Hole Correction R84K 80In Y Trans/ Y Recv,Clean
Baker Hughes Inteq,C11M,in,Sectional caliper 11,Clean
Schlumberger,BOOF,L/min,Booster Flow,Clean
Baker Hughes Inteq,RACESH,ohm.m,Resistivity Attenuation Compensated Borehole and Dielectric Corrected Short2MHz,Clean
Schlumberger,ASOCB20,mS/m,Array Induction One Foot Conductivity Background A20,Clean
Baker Hughes Inteq,MLRU3,kohm.m,"RTeX medium resistivity 3, unfiltered",Clean
Halliburton Logging,RT06,ohm.m,6 in Radial Resistivity 2ft,Clean
Schlumberger,IBCT,uA,The current flowing across measuring antenna,Clean
Schlumberger,TNEAU_DH_ECO_RT,kHz,"Thermal Neutron Near Count Rates, Up, Real-Time, Computed Downhole",Clean
Halliburton Logging,RTN1,kohm.m,Formation resistivity mode1 obtained for non invaded solution,Clean
Baker Hughes Inteq,FRQRB,Hz,Frequency B ratio between two tool instances,Clean
Schlumberger,PH_T1_R1,cgr,Phase Measurement at Receiver 1 with Transmitter 1 Broadcasting,Clean
Baker Hughes Inteq,APH2BS,cgr,Pad 2 frequency B average phase over pad buttons (2nd),Clean
Halliburton Logging,EP3Compress,1/kPa,EP3 Compresibility,Clean
Schlumberger,RA22H,ohm.m,Real-Time 22 inch spacing attenuation resistivity,Clean
Schlumberger,SWOB,kgf,Surface Weight On Bit,Clean
Schlumberger,HITCO10,S/m,HITA Two Foot Conductivity A10,Clean
Schlumberger,PFO7,N,CSAT-7 Processed Anchoring Force,Clean
Schlumberger,ANR1,dega,Angle of Peak from P1DT_RA for Receiver Tadpole,Clean
Schlumberger,PS_DLG1_F0_SIG,dega,Uncertainty of Frequency 0 Longitudinal Spacing 1 Phase Shift,Clean
Halliburton Logging,EP1P1TempStab,deltaF/h,EP1P1 Temperature Probe Stability,Clean
Schlumberger,ELLIPSE,m,Bestfit Computation Theorical Ellipse,Clean
Halliburton Logging,TrueAzimuth12k50,µrad,"True Dip Azimuth 12k 50""",Unicode micro prefix in unit
BP,BP_GAS_CO2,ppm,Carbon Dioxide (CO2),Clean
Schlumberger,UN2T,Hz,Uncorrected Near Gate 2,Clean
Baker Hughes Inteq,DIS87,T,DIS CHANNEL 87,Clean
Schlumberger,VRAM_F1_E,mV,"Voltage Return, Amplitude, Frequency 1, Pad E",Clean
Schlumberger,TMPG,deltaC/m,Temperature Gradient,Clean
Halliburton Logging,EP3P1Depth,μm,EP3P1 Depth Probe,Unicode micro prefix in unit
Halliburton Logging,OMIC,mS/m,OMI Conductivity Image data,Clean
Baker Hughes Inteq,RBIT2W,µm,Bit radius 2,Unicode micro prefix in unit
Halliburton Logging,RO20,ohm.cm,20 in Radial Resistivity 1ft,Clean
Schlumberger,IRAH,ohm.m²/m,Apparent resistivity for high side of borehole,Unicode power notation in unit
Schlumberger,ANHYDAVG,g/cm3,Average Apparent Hydrocarbon Density,Clean
Baker Hughes Inteq,IDMN2,m,Min ID2 Radius *2,Clean
Schlumberger,YISO,A,HRLA Speed-corrected Calibrated Source Current,Clean
Schlumberger,SRSG2,psi,MRSR 2 Strain Gauge Pressure,Clean
Schlumberger,VAQC,µV,"Injection Applied Voltage Quadrature, Pad C",Unicode micro prefix in unit
Schlumberger,APRS_MXW_RT,bar,MXW Annulus Pressure,Clean
Halliburton Loggig,EP3P2TVD,in,EP3P2 TVD Depth Probe,Service-company spelling error
Schlumberger,HD2_PPC4,mx,PPC4 Hole Diameter 2,Unit-symbol typographical error
Baker Hughes Inteq,PPORB2,pmp,BVI partial porosity distribution,Unit-symbol typographical error
Baker Hughes Inteq,DIS4,T,DIS CHANNEL 4,Clean
Baker Hughes Inteq,SRA118M,nohm.mm²/m,Electrical Image - Sector 118 - Memory,Unicode power notation in unit
Schlumberger,IMBC,kohm.m,Medium Induction Borehole Corrected Resistivity,Clean
Halliburton Logging,ESTRHOFW,kg/m³,Estimated Density of Formation Water,Unicode power notation in unit
Halliburton Logging,MAXK,ppm,Potassium Error Maximum,Clean
Schlumberger,SS3A,cgr,Surface Sensor 3 Azimuth,Clean
Pason,ROTARY,rev/s,Rotary Rpm,Clean
Schlumberger,T2PC_SH4,us,T2 Cutoff from Capillary Pressure Computation for Shell 4,Clean
Schlumberger,USER_MWD_PRESSURE_DROP,psi,User-supplied MWD pressure drop for non-SLB tools,Clean
Baker Hughes Inteq,TNSP14,us,Monopole multiplexed sample period,Clean
Pason,NEOPENTANE_NC5,ppm,chr Neo-Pentane NC5,Clean
Schlumberger,QHBD_SPRI_SL,L/min,Bubble Count Hydrocarbon Flowrate,Clean
Schlumberger,T1L4_SH3,us,T1 Logarithmic Mean of Bin 4 for Shell 3,Clean
Schlumberger,T2TEX,ms,"STC Energy Peak Time, Transmitter Array - Expert Mode",Clean
Schlumberger,QHDH_AVG,L/min,Averaged Hydrocarbon Downhole Flowrate,Clean
Baker Hughes Inteq,RD022,μm,"Radius, tool axis to pad 2 face",Unicode micro prefix in unit
Baker Hughes Inteq,AMD4F2,V,Raw data amplitude T4 frequency 2 (in dB/V),Clean
Schlumberger,ZBAM_F1_F,ohm,"Impedance of Buttons, Magnitude, Frequency 1, Pad F",Clean
Baker Hughes Inteq,TXXSP01,s,Four-comp. dipole XX multiplexed sample period,Clean
Schlumberger,OPM_TIME,ms,POM Time Since Power Up,Mnemonic typographical error
Baker Hughes Inteq,PZCLS,m³/m³,Corrected porosity for limestone matrix,Unicode power notation in unit
Halliburton Logging,BHCR36K29ZZ,kS/m,Bore Hole Correction R36K 29In Z Trans/ Z Recv,Clean
Halliburton Logging,TENSUPPER,kgf,Tension Upper Pads,Clean
Pason,CFT,K,Cement Fluid Temp,Clean
Schlumberger,RES_BS5_RAW,ohm.cm,"Raw Resistivity Shallow, Octant 5",Clean
Halliburton Loggig,VertResist50,kohm.m,"Vertical Resistivity 50""",Service-company spelling error
Baker Hughes Inteq,"  FLR71",T,FLR_71,Mnemonic boundary whitespace
Schlumberger,DPAA15_1DN,dega,3D Induction 1D Inversion Apparent Dip Azimuth Ref. North from 15 inch Array,Clean
Baker Hughes Inteq,QPL3P,spi,"Tic mark for drawdown pressure every 10 psi, from PLCOR",Unit-symbol typographical error
Schlumberger,BRS3_DL,kPa,MRPS 3 Raw Strain Gauge Pressure,Clean
Halliburton Logging,DP1P1PressStab,MPa/h,DP1P1 Pressure Stability Probe,Clean
Halliburton Logging,PSBU,spi,Sample Buildup,Unit-symbol typographical error
Schlumberger,ROTA,rad,Motor Rotation Angle,Clean
Baker Hughes Inteq,PO1A2,ppm,Second T2 accumulated partial porosity sum,Clean
Halliburton Logging,AZIDIP12k17,cgr,"Borehole Dip Azimuth 12k 17""",Clean
Baker Hughes Inteq,SRA095M,ohm.m,Electrical Image - Sector 95 - Memory,Clean
Schlumberger,RH54_UB_1D,kohm.m,3D Induction 1D Inversion Horizontal Square Resistivity Upper Bound from 54 inch Array,Clean
Baker Hughes Inteq,OA2,kHz,Oxygen activation count rate (long space),Clean
Baker Hughes Inteq,SRA107M,kohm.m,Electrical Image - Sector 107 - Memory,Clean
Baker Hughes Inteq,DIS47,mT,DIS CHANNEL 47,Clean
BP,BP_GAS_ADV_C1_IN,ppm,Methane (C1) IN - Advanced service,Clean
Halliburton Logging,TNGTC,MHz,Near Gross Decay Curve,Clean
Baker Hughes Inteq,BHAL,μEuc,Borehole aluminum,Unicode micro prefix in unit
Schlumberger,PS_DTR1_F3_HR_SIG,dega,Uncertainty of High Resolution Frequency 3Transverse Spacing 1 Phase Shift,Clean
Schlumberger,NFD4_SL,kg/m3,Fluid Density Pass 4 - Station Log,Clean
Halliburton Logging,RMAX,m,Radius Maximum Limit,Clean
Halliburton Logging,BHCR84K50XZ,S/m,Bore Hole Correction R84K 50In X Trans/ Z Recv,Clean
Halliburton Logging,BHCR12K50YZ,kS/m,Bore Hole Correction R12K 50In Y Trans/ Z Recv,Clean
Baker Hughes Inteq,NBVIBXYMAXM,mgn,Near Bit Lateral Vibration Maximum - Memory,Clean
Halliburton Logging,FRQ4,Hz,Mril Frequency 4 (band 0 -4),Clean
Baker Hughes Inteq,DIS11,uT,DIS CHANNEL 11,Clean
Schlumberger,RING_RAB_RT,L/min,Real-Time Ring Resistivity,Mnemonic-unit semantic mismatch
Schlumberger,IDVB,okhm.m,Deep Induction Very Enhanced Borehole Corrected Resistivity,Unit-symbol typographical error
Schlumberger,LSW1,MHz,Raw Long Spacing Window 1 Count Rate,Clean
Schlumberger,BHSTR1,degF,MRPS 1 H2S Sensor Temperature,Clean
BP,BP_PITVOL_RES4,m3,Tank Volume - Reserve 4,Clean
Schlumberger,MC33_BH,kPa,Compressional Stiffness C33* referred to Borehole Axis,Clean
Baker Hughes Inteq,R01,ft,Multi-arm_data - Feeler 1 radius,Clean
BP,"  BP_PITVOL_CMT2",m3,Tank Volume - Cement Unit Tank 2,Mnemonic boundary whitespace
Schlumberger,LNLL_FILT,kHz,"Filtered Neutron Long Spacing Late Count Rate, Left",Clean
Schlumberger,CT_DELTA2,us,Phase C Delta Pressure Time Stamp Second Position,Clean
Schlumberger,ORIG_V2_PRES,psi,Interval Pressure Transient Test Original Vertical Observation 2 Pressure,Clean
Schlumberger,SIFA,in2,"Sigma Formation, Average",Clean
BP,BP_AZI_RT⁠,dega,Azimuth - MWD Continuous,Mnemonic boundary invisible character
Schlumberger,DPAP39_1DF_DISPLAY,dega,3D Induction 1D Inversion Filtered Apparent Dip Magnitude from 39 inch Array (modified to display tadpoles less frequently),Clean
Schlumberger,CEC_ADT_SIG,C/g,Uncertainty on Cation Exchange Capacity from Dielectric Dispersion,Clean
Schlumberger,aWMX_RF,dB,Maximum of Unflagged Wave Amplitude,Mnemonic case error
Schlumberger,RSCF_04,kHz,"Far Effective Capture Count Rate, pass 04",Clean
Halliburton Logging,ACCZLOWER,min,Accelerometer Z Lower,Mnemonic-unit semantic mismatch
Schlumberger,T2LM_DI_HR,ma[t],Logarithmic Mean of High Resolution T2 Distribution (Diffusion Included),Unit-symbol case error
Halliburton Logging,eP0Percent,%,EP0 Pretest Percent,Mnemonic case error
Baker Hughes Inteq,MBHC4,mS/m,"HDIL borehole corrected conductivity, subarray 4",Clean
Halliburton Logging,ERD1,ohm.m,Pad #1 Resistivity Fast Undelayed,Clean
Halliburton Logging,EP2MeasVolume,L,EP2 Pretest Measured Volume,Clean
Schlumberger,ASO20,ohm.cm,Array Induction One Foot Resistivity A20,Clean
Baker Hughes Inteq,AR50ITAM,rad,Azimuthal Resistivity - 50 kHz - Imaginary - Target Angle - Memory,Clean
Schlumberger,WATQ_AVG,m3/h,Averaged Water Phase Surface Flowrate,Clean
Baker Hughes Inteq,R11,fx,Multi-arm_data - Feeler 11 radius,Unit-symbol typographical error
Baker Hughes Inteq,TXXST02K,rad,XX-axis dipole multiplexed waveform start time,Mnemonic-unit semantic mismatch
Schlumberger,"SPHASE_LHR	",rad,Signal Phase for Lower High-Resolution Antenna,Mnemonic boundary whitespace
Baker Hughes Inteq,ID27,ft,Dia. 27,Clean
Schlumberger,STRVP_7_5_T,h/km,Stoneley Shear Radial Variation Profile at 7.5 Inch Radial Depth from Borehole Surface for Transmitter Array,Clean
Halliburton Logging,BCH1,mS/m,Borehole Corrections Conductivity D1,Clean
Baker Hughes Inteq,XDISA,ft,"Displacement along X axis, a axis",Clean
Halliburton Logging,CN30,Sk/m,HRI Deep Conductivity 30 Inch 2Ft.,Unit-symbol typographical error
Schlumbergr,RSCCAL,ft,SCTT Caliper Raw,Service-company spelling error
Pason,WOB,N,Weight on Bit,Clean
Schlumberger,DPAP27_UB_1D,bar,3D Induction 1D Inversion Apparent Dip Magnitude Upper Bound from 27 inch Array,Mnemonic-unit semantic mismatch
Baker Hughes Inteq,HYPW2,Pka,"Hydraulic pressure target for WA module, instance 2",Unit-symbol typographical error
Halliburton Logging,DDRX,mS/m,Deep RX Deconvolved,Clean
Schlumbergr,RBUA,kg/m3,ADN Bulk Density at User Azimuth,Service-company spelling error
Schlumberger,RF21_1IN_ADN,Hz,"Raw Far Bank 2 Tube 1 Count Rate, 0.1 ft",Clean
Halliburton Logging,AZIDIP72k50,rad,"Borehole Dip Azimuth 72k 50""",Clean
Schlumberger,ATDN_R,dB,Raw Attenuation Down,Clean
Baker Hughes Inteq,LFM,Euc,Maximum flux leakage signal,Mnemonic typographical error
Baker Hughes Inteq,DP1A,kohm.m,Pad 1 frequency A average of two center button resistivities,Clean
Schlumberger,PFC1_SL,m,Calibrated X Caliper - Station Log,Clean
Baker Hughes Inteq,RMYGDP,uT,Raw X-Axis magnetometer shifted to HDIP,Clean
Schlumberger,AORE,kohm.m,One Foot Resistivity,Clean
Schlumberger,ECD_ADDITIONAL,lbm/ft3,Computed equivalent circulating density at the additional depth,Clean
Schlumberger,AHFRI,kohm.m,Array Induction Four Foot Radial Resistivity Image,Clean
Schlumberger,RBLD_ADN_RT,lbm/ft3,Real-Time Left Quadrant Bulk Density,Clean
Schlumberger,DPTR72_UB_1DF,rad,3D Induction 1D Inversion Filtered True Dip Magnitude Upper Bound from 72 inch Array,Clean
Halliburton Logging,AZIDIP72k80,Urad,"Borehole Dip Azimuth 72k 80""",Unit-symbol case error
Schlumberger,VRAM_RX1_F2_A,mV,"Voltage Return Amplitude RX1, Frequency 2, Pad A",Clean
Halliburton Logging,OffsetTX_Wall,in,Average Offset between Tx and Wall,Clean
Schlumberger,HDOV_PPC4,ft,Hole Diameter from Oval,Clean
Halliburton Logging,DIOU,in,Radial Depth of Outer Invasion,Clean
Schlumberger,ROBR_A,lbm/ft3,"Bulk Density, Right, Computed Downhole",Clean
Schlumberger,DTIME,ms,Delta Time From Beginning of Buildup,Clean
Halliburton Logging,DP1PtRate,3m/d,DP1 Pretest Rate,Unit-symbol typographical error
Baker Hughes Inteq,DANPAX,kPa,Annular Pressure - Average - Real-time,Clean
Schlumberger,TOOL_JOINT_PRESSURE_DROP,kPa,Computed Total Tool Joint pressure drop,Clean
Baker Hughes Inteq,ECDR,dega,EccentricityDirection,Clean
Baker Hughes Inteq,SQ2P,psi,"Tic mark for drawdown pressure every psi, perimetral sensor",Mnemonic typographical error
Baker Hughes Inteq,SSD2,kHz,Short space count rate (2nd tool),Clean
Schlumberger,U11F,m3/h,Unit 1 Pump 1 Flowrate,Clean
Schlumberger,COND_DLG4_F3_SIG,S/m,Uncertainty on Frequency 3 Differential Longitudinal Spacing 4 Conductivity,Clean
Halliburton Logging,"36kRV80﻿",kohm.m,36k Rv 80 inch for the MCIV1D,Mnemonic boundary invisible character
Halliburton Logging,"BHCR12K50YY	",S/m,Bore Hole Correction R12K 50In Y Trans/ Y Recv,Mnemonic boundary whitespace
Schlumberger,TRIVFIAVG72,mS/m,3D Induction 72 Inch Array Vertical Fracture Indicator Averaged,Clean
Schlumberger,AZU,Gal,Acceleration - Uncorrected,Clean
Halliburton Logging,BHCR60K29YX,S/m,Bore Hole Correction R60K 29In Y Trans/ X Recv,Clean
Schlumberger,WDE4,s,Waveform Delay 4,Clean
Baker Hughes Inteq,QBW,uT,Magnitude of magnetometer vector for WGI,Clean
Schlumberger,UFY,Tu,Uncorrected FY,Unit-symbol typographical error
Halliburton Logging,84kRH50,ohm.cm,84k Rh 50 inch for the MCIV1D,Clean
Schlumberger,IBRT,kohm.m,Bit Resistivity True,Clean
Baker Hughes Inteq,tS80F,ms,Time since reaching max temperature for inside flask sensor,Mnemonic case error
Schlumberger,PKSL4,s/m,Peak Slowness for STC for Measurement 4,Clean
Baker Hughes Inteq,ONBOTTOM_TIME,ms,Accumulated on-bottom drilling time,Clean
Schlumberger,RF11_1IN_ADN,MHz,"Raw Far Bank 1 Tube 1 Count Rate, 0.1 ft",Clean
Schlumberger,HLL2,Hz,LDS High Resolution Long-Spaced Raw Loop Window 2 Count Rate,Clean
Halliburton Logging,TTS8,us,Az8 Pipe Travel Time,Clean
BP,BP_PITVOL_ACT12,bbl,Tank Volume - Active 12,Clean
Schlumberger,PWA4,cgr,Packed Waveform Azimuth 4,Clean
Halliburton Logging,ESTCOMX,%,Estimated Contamination Maximum,Clean
Baker Hughes Inteq,XY1RMSX,gn,Lateral Acceleration & Max 1 Sec RMS - Real-time,Clean
Schlumberger,ASCED,m,Array Induction Computed Effective Electrical Borehole Diameter,Clean
Schlumberger,FP,bar,Formation Pressure,Clean
Halliburton Logging,XDP_XY_Freq,MHz,Pick Frequency,Clean
Schlumberger,FIN_DD_FLOW,m3/d,Final DrawDown Flow Rate,Clean
Schlumberger,RES_TRX_RAW,ohm.cm,"Raw Resistivity Toroidal Deep, Uncorrected",Clean
Schlumberger,ATCO30,S/m,Array Induction Two Foot Conductivity A30,Clean
Schlumberger,LOPC,Hz,Long Spacing Overflow and Pileup Countrate,Clean
Baker Hughes Inteq,DEVW,dega,Deviation at WGI position,Clean
Halliburton Logging,RHOE,kg/m3,Est Rhow Error,Clean
Baker Hughes Inteq,QFR2S,m3/d,"Pump 2 flow rate, second packer",Clean
Halliburton Logging,VM66,V,Differental Voltage Measurement 6 Magnitude - Pad 6,Clean
Baker Hughes Inteq,FLC12,mT,FLC_12,Clean
Halliburton Logging,TS_LM_Hole_Size,ft,Measured Hole Diameter,Mnemonic typographical error
Schlumberger,UCVE_DH_ECO_RT,in,"Utrasonic Caliper, Vertical Diameter, Real-Time, Computed Downhole",Clean
Schlumberger,RYV56,uV,HRLA Uncalibrated A5-A6 Voltage,Clean
Schlumberger,DTL_PBHC,h/km,1.5 Feet Span Pseudo Borehole Compensated Slowness from Long Spacing,Clean
Baker Hughes Inteq,APH6AS,cgr,Pad 6 frequency A average phase over pad buttons (2nd),Clean
Schlumberger,PKTI_A90X,s,Peak Time for Slowness-Time Coherence for Slow Shear Azimuth Custom Frequency Firing,Clean
Schlumberger,MMTH,in,Minimum Measurable Thickness,Clean
Schlumberger,TPMF,ms/m,Time of Propagation in Mud Filtrate (EPT-data),Clean
Baker Hughes Inteq,GDENM,kg/m3,Mineral derived grain density,Clean
BP,BP_RES_DP_PH_HF_DEP,ohm.m,Dep - Resistivity - Deep - Phase - High Frequency,Clean
Halliburton Logging,EP2BubblePress,kPa,EP2 Bubble Point Pressure,Clean
Baker Hughes Inteq,AMD1F4,mV,Raw data amplitude T1 frequency 4 (in dB/V),Clean
Baker Hughes Inteq,FING66,in,Finger 66 readings,Clean
Halliburton Logging,AZIDIP60k50,cgr,"Borehole Dip Azimuth 60k 50""",Clean
Pason,YIEPT,kPa,Yield Point,Clean
Schlumberger,DEVI_SL,rad,Hole Deviation,Clean
Baker Hughes Inteq,INCT,dega,Wellbore inclination from tilt sensor,Clean
Halliburton Logging,EST_CONT_MX_CP2,ppm,Estimated Contamination Maximum Capacitance2,Clean
Schlumberger,SXGAS_MRF,ppm,Gas Saturation in Flushed Zone from Fluid Typing Analysis,Clean
Halliburton Logging,T1_LOG_MEAN,us,Mril Log Mean of T1Dist,Clean
Schlumberger,T2L6_UHR,ta[t],T2 Logarithmic Mean of Bin 6 for Upper High-Resolution Antenna,Unit-symbol case error
Halliburton Logging,EPS1 QTempStabP1​,deltaC/s,EPS1 Quartz Temperature Stability Probe 1,Mnemonic boundary invisible character
Halliburton Logging,ESTRHOG,lbm/ft3,Estimated Density of Gas,Clean
Schlumberger,CRCHP2,kPa,MDCC 2 Raw Pump Output Pressure,Mnemonic typographical error
Pason,HCF,m3/h,Hydrocarbon Flow,Clean
Schlumberger,P40H_COND_ECO_RT,mS/m,"Phase-Shift Conductivity 40 inch Spacing at 2 MHz, Environmentally Corrected, Real-Time",Clean
Halliburton Logging,MCP1,uF,Minimum Capacitance 1,Clean
BP,BP_MUD_MFO_AVG,L/min,Flow Out - Mud,Clean
Halliburton Logging,TUMU,s,Travel velocity based on u/m rcvrs from upper xmtr.,Clean
Schlumberger,VAAMP_A,V,"Applied Voltage Amplitude, Pad A",Clean
BP,BP_MUD_MDI5_MPD,g/cm3,Density In 5 (MPD),Clean
Halliburton Logging,BHCR12K29ZX,kS/m,Bore Hole Correction R12K 29In Z Trans/ X Recv,Clean
Baker Hughes Inteq,TNTT08,ms,Monopole multiplexed 1st arrival time,Clean
Baker Hughes Inteq,CAL1W,in,Diameter from pad 1 and its opposite,Clean
Baker Hughes Inteq,C13M,m,Sectional caliper 13,Clean
Schlumberger,A16L_UNC_RT,ohm.m,"ARC Uncorrected Attenuation Resistivity 16 inch Spacing at 400 KHz, Real-Time",Clean
Schlumberger,DPAP_UB_ZD6,dega,3D Induction Group 6 Zero-D Inversion Apparent Dip Magnitude Upper Bound,Clean
Schlumberger,DRS2,psi,MRDP 2 Raw Sink Strain Gauge Pressure,Clean
BP,BP_TQ_SURF_AVG_MUD,GJ,Torque - Surface (Mudlogger),Clean
Baker Hughes Inteq,ZR1BES,Gohm,"Second tool Pad 1, frequency B button equalization",Clean
Baker Hughes Inteq,MXR2,ft,Maximum radius 2,Clean
Halliburton Logging,NOIS_LMP,mV,Waveform noise baseline,Clean
Halliburton Logging,VM35,mV,Differental Voltage Measurement 3 Magnitude - Pad 5,Clean
Baker Hughes Inteq,GRTX,us,"Time Since Drilled from Gamma Ray, Transmitted",Clean
Schlumberger,DM26,ft,Ultrasonic Tool Delta Movement Along Axis 2 and 6,Clean
Baker Hughes Inteq,IPS2,Hz,Inelastic spectrum using small windows (far detector),Clean
Schlumberger,DTCO_PLUS_ERR_TOTAL,h/km,Compressional Delta-T Plus Total Compressional Delta-T Error,Clean
Halliburton Logging,BCU3,ohm.m,Borehole Corrections U3,Clean
Baker Hughes Inteq,DZR5BS,ohm.m,Freq B pad 5 dynamic real resistivity of formation impedance,Clean
Halliburton Logging,BHPS,kN/m²,Borehole Presssure,Unicode power notation in unit
Schlumberger,RF11,kHz,Raw Far Gate 11,Clean
Baker Hughes Inteq,SSPD,ft/min,Signed speed,Clean
Baker Hughes Inteq,ROP_AVG,ft,Rate of Penetration,Mnemonic-unit semantic mismatch
Baker Hughes Inteq,PREB,bar,Piston retract pressure,Clean
Baker Hughes Inteq,FLR73,uT,FLR_73,Clean
Baker Atlas,MST,us,monopole multiplex waveform start time,Clean
Schlumberger,BM2R_RAW,mA,"Raw Medium Button Current from Transmitter 2, In Phase",Clean
Baker Hughes Inteq,"SRA051M﻿",ohm.m,Electrical Image - Sector 51 - Memory,Mnemonic boundary invisible character
Schlumberger,SBNM,Euc,Bound Water Saturation from the NML Tool,Clean
Schlumberger,TKO_SNRF4R,B,"Time-Wavenumber-Order (Pronys Analysis), Signal to Noise Ratio Receiver Array - Monopole PS",Clean
Schlumberger,EBUTIMA,ms,End of Buildup Time From Automatic Picks,Clean
Baker Hughes Inteq,PO9B3,ppm,Third BVI accumulated partial porosity sum,Clean
Schlumberger,P16H_ECO_RT,Ohm.m,"ARC Phase Shift Resistivity 16 inch at 2 MHz, Real-Time",Unit-symbol case error
Baker Hughes Inteq,CALDS,m,Borehole caliper from Diplog,Clean
Baker Atlas,REIM,kS/m,Medium resistivity from EID processing,Clean
Halliburton Logging,ITCR1,kHz,Total Counts,Clean
Halliburton Logging,ST_FM_FHA,Vu,Pre Firing Voltage,Unit-symbol typographical error
Baker Hughes Inteq,FLR64,T,FLR_64,Clean
Schlumberger,SCCR,kHz,Spectrum C Count Rate,Clean
Schlumberger,DPTR_UB_ZD3_DISPLAY,cgr,3D Induction Group 3 Zero-D Inversion True Dip Magnitude Upper Bound (modified to display tadpoles less frequently),Clean
Baker Hughes Inteq,RESH,ohm.cm,"WS inversion resistivity, horizontal",Clean
Halliburton Loggig,CID4,in,Inner Casing Diameter 4,Service-company spelling error
Baker Hughes Inteq,FLC64,uT,FLC_64,Clean
Baker Hughes Inteq,APresA,psi,Annular Pressure After - Memory,Clean
Baker Hughes Inteq,RA20ITAM,cgr,Azimuthal Resistivity - 20 kHz - Imaginary - Target Angle - Memory,Mnemonic typographical error
Schlumberger,PAED3,N/mm²,MRPA 3 Element Differential Pressure,Unicode power notation in unit
Schlumberger,RODRHO_IFAX1,lbm/ft3,IFAX 1 DV-Rod Fluid Density,Clean
Schlumberger,RES_BM_RG_RAW,ohm.m,"Raw Medium Button Resistivity, Right",Clean
Schlumberger,RR08,degC,"Resistivity, Azimuth 8",Mnemonic-unit semantic mismatch
Pason,"  HL",kgf,Hook Load,Mnemonic boundary whitespace
Schlumberger,VRAM_RX1_F2_E,V,"Voltage Return Amplitude RX1, Frequency 2, Pad E",Clean
Schlumberger,TH71,m,Thickness 71,Clean
Baker Hughes Inteq,SRA54X,ohm.cm,Electrical Image - Sector 54 - Real-time,Clean
Schlumberger,"  TBIT10",ohm.cm,Thrubit Induction Array Two Foot Resistivity at 10 inch depth of investigation,Mnemonic boundary whitespace
Halliburton Logging,BHCR36K80ZZ,mS/m,Bore Hole Correction R36K 80In Z Trans/ Z Recv,Clean
Schlumberger,PT_BQP1_MUD_PRESS,psi,Pretest Mud Pressure from MDT Single Probe 1 Quartz Gauge (BQP1),Clean
Schlumberger,TPMPTIM,s,Total Pumping Time,Clean
Schlumberger,TEMP_DNI,degF,Direction and Inclination Sensor Temperature,Clean
Schlumberger,rBSG,cgr,Gimbal Relative Bearing,Mnemonic case error
Halliburton Loggig,CM3,uV,Common Mode Pad 3,Service-company spelling error
Halliburton Logging,RVHResist80,kohm.m,"RVH Resistivity 80""",Clean
Schlumberger,TTCO_RT,us,"Transit Time for Compressional, Real-Time",Clean
Halliburton Logging,EP0P1QPress,kPa,EP0P1 Quartz Probe Pressure,Clean
Schlumberger,"R3AM	",W,Receiver 3 Amplitude,Mnemonic boundary whitespace
Halliburton Logging,TEX1,degF,Average Temp Ext 1,Clean
Schlumberger,ESSR_20,μHz,Spectral Count Rate (Channels 40-240) (20 Elemental Standards Processing),Unicode micro prefix in unit
Baker Hughes Inteq,DOEI,m,Depth offset of EART from orientation tool,Clean
Halliburton Logging,LMP_PL_Time,us,Pick Time Reflected Shear,Clean
Schlumberger,HIOCB30,kS/m,HITA One Foot Conductivity Bkg A30,Clean
Baker Hughes Inteq,RMZGW,µT,Raw Z-axis magnetometer shifted to WGI,Unicode micro prefix in unit
Schlumberger,P1AZ_NGI_UPPER,cgr,"Pad 1 Azimuth in Horizontal Plane (0 = True North), memorized to NGI Upper Pads",Clean
Schlumberger,TRIFAD39_1D,rad,3D Induction 1D Inversion Dip Azimuth Standard Deviation from 39 inch Array,Clean
Schlumberger,RCAS,ft,Raw Secondary Caliper,Clean
Schlumberger,T2CUTOFF_DISPLAY_ANT1,ms,Antenna 1 T2 Cutoff Display Only,Clean
Schlumberger,TH22,uA,Thickness 22,Mnemonic-unit semantic mismatch
Schlumberger,GTOP,us,Gradiomanometer Temperature Offset Period,Clean
Baker Hughes Inteq,FLR28,mT,FLR_28,Clean
Schlumberger,T2L6,s,T2 Logarithmic Mean of Bin 6,Clean
Baker Hughes Inteq,TTEMP,degF,Tool temperature,Clean
Schlumberger,RV_ML_LB_ZD5,kohm.m,3D Induction Group 5 Zero-D Inversion Vertical Resistivity Mid Likelihood Lower Bound,Clean
Schlumberger,"PKTI_MLL	",s,Peak Time for Slowness-Time Coherence for Monopole Lower Transmitter Low Frequency Firing Monopole Component,Mnemonic boundary whitespace
Baker Hughes Inteq,RSW5,in,Radius with swing arm correction for caliper pad 5,Clean
Schlumberger,DPAZ_LB_ZD1,cgr,3D Induction Group 1 Zero-D Inversion True Dip Azimuth Lower Bound,Clean
Schlumbergr,ZBPH_F2_F,rad,"Impedance of Buttons, Phase, Frequency 2, Pad F",Service-company spelling error
Baker Hughes Inteq,SRA039M,ohm.m,Electrical Image - Sector 39 - Memory,Clean
Baker Hughes Inteq,T0AF,us,Time remaining until max temperature for inside flask sensor,Clean
Halliburton Logging,BCU1,kohm.m,Borehole Corrections U1,Clean
Schlumberger,DFBM_FSI,Hz,Mean Bubble Count Rate Electrical Probes,Clean
Schlumberger,FANG,dega,Angle relating the increase in shear strength with compressive strength.,Clean
Halliburton Logging,EP3P1QPressCor,kPa,EP3P1 Quartz Probe Pressure Corrected,Clean
Halliburton Logging,FM_Hole_Size,in,Measured Hole Diameter,Clean
Halliburton Logging,bHCR12K29YY,kS/m,Bore Hole Correction R12K 29In Y Trans/ Y Recv,Mnemonic case error
Schlumberger,VWFRHOIN,kg/m3,Vibrating Wire Fluid Density Input,Clean
Baker Hughes Inteq,MSVI3,m/s,Spinner fluid velocity arm 3 inner sensors,Clean
Halliburton Logging,TTTR_UMP,kPa,MSG Travel Time Tracker,Mnemonic-unit semantic mismatch
Baker Hughes Inteq,DIS10,mT,DIS CHANNEL 10,Clean
Baker Hughes Inteq,ABDC4X,lbm/ft3,Azimuthal Bulk Density - Compensated - Sector 4 - Real-time,Clean
Halliburton Logging,ST_ALT_LM_Hole_Size,ft,Measured Hole Diameter,Clean
Schlumberger,CSL1,ft,EMS Synthetic CALIPER 1,Mnemonic typographical error
Baker Hughes Inteq,SEMBSTEP,ms/m,Semblance step,Clean
Halliburton Logging,SCH5,KS/m,Skin Effect Conductivity D5,Unit-symbol case error
Halliburton Logging,EP0P1PressStab,PMa/h,EP0P1 Pressure Stability Probe,Unit-symbol typographical error
Baker Hughes Inteq,DEV3X,rad,Deviation at 3DeX position,Clean
Halliburton Logging,TAZM,cgr,tool's relative eccentricity angle to Y-axis of borehole plane,Clean
Schlumberger,TDIF_L2,us,Arrival time difference between fast and slow shear waves for level 2,Clean
Schlumberger,T2L7_SH4,us,T2 Logarithmic Mean of Bin 7 for Shell 4,Clean
Halliburton Logging,ML_Hole_Size,m,Measured Hole Diameter,Mnemonic typographical error
Baker Hughes Inteq,TTF3,ms,"Traveltime subcycle 0, T1R3",Clean
Schlumberger,ROSA,kg/m3,"Short Spacing Bulk Density, Real-Time",Clean
Baker Hughes Inteq,DTHN,ms/m,Six-inch slowness near transmitter,Clean
Baker Hughes Inteq,R17,m,Multi-arm_data - Feeler 17 radius,Clean
Baker Hughes Inteq,MNTV,mV,MR minimum transmitter voltage,Clean
Pason,STROKES_3,kHz,Pump 3 strokes/min,Clean
BP,BP_DEP_H_TDM,m3/d,Depth Hole - Measured,Mnemonic-unit semantic mismatch
Schlumberger,PU1T_SL,degC,PUCS Calibrated CQG Temperature,Clean
Baker Hughes Inteq,P3BTN,Nohm.mil2/ft,Packed pad 3 block (buttons 1-24),Unit-symbol case error
Baker Hughes Inteq,FLR89,T,FLR_89,Clean
Baker Hughes Inteq,CHOKE_PRESS,psi,Choke Line Pressure,Clean
Baker Hughes Inteq,FFEQ,FHz,HP gauge pressure frequency,Unit-symbol case error
Schlumberger,RSFB,uA,Raw SFL Bucking Current,Clean
Baker Hughes Inteq,ZR1AUS,Eohm,Second tool Frequency 1 pad 1 resistance,Clean
Baker Hughes Inteq,HSOLI,µA,MPC hydraulic solenoid current,Unicode micro prefix in unit
Baker Hughes Inteq,HVAC3,uV,AC power supply 3 voltage,Clean
Schlumberger,RN4_SL,kHz,Near Count Rate From Gate 04,Clean
Schlumberger,DT_LQC_MU,s/m,MAST 2 Feet Span LQC Delta-T from Upper Transmitter,Clean
Halliburton Logging,OC06,S/m,60 in Radial Conductivity 1ft,Mnemonic typographical error
Schlumberger,SHKT_RAB_RT,MHz,Real-Time radial or transverse shock frequency,Clean
Halliburton Logging,F3HA,uV,Monopole HV After,Clean
Baker Hughes Inteq,RAXGGX,mgn,Raw X-axis accelerometer shifted to GXPL,Clean
Halliburton Logging,DIAL,m,Lower Diameter Measurement,Clean
Schlumberger,HTV,uV,Measurement of Downhole +200V Bus,Mnemonic typographical error
Baker Hughes Inteq,ARSHLTAX,Gon,Azimuthal Resistivity - Target Direction - 2 MHz - Long Spaced - Real-time,Unit-symbol case error
Halliburton Logging,BHCR12K50ZZ,kS/m,Bore Hole Correction R12K 50In Z Trans/ Z Recv,Clean
Pason,TFTHR,rad,Toolface Threshold,Clean
Halliburton Logging,tMU4,s,Low Reso. Travel velocity based on m/l rcvrs from upper xmtr.,Mnemonic case error
Baker Hughes Inteq,DOZ,m,Depth offset of ZDL from orientation tool,Clean
Baker Hughes Inteq,FMDIP5,Ccgr,Formation dip (windowed),Unit-symbol case error
Halliburton Logging,TCCR3,kHz,Total Counts,Clean
Schlumberger,P16H_UNC_DH_ECO_RT,ohm.m,"ARC Uncorrected Phase Shift Resistivity 16 inch at 2 MHz, Real-Time",Clean
Schlumberger,TEMPNP,degC,Temperature NGI Pad Boards,Clean
Schlumberger,SS1SMSGT,degF,MRSS 1 MRSM SG Temperature,Clean
Numar MRI Logging,PMRI,D,"MRIL permeability from Numar MRIAN analysis, uses total porosity and bulk volume irreducible total rather than MPHI and MBVI.",Clean
Halliburton Logging,sT_Freq,kHz,Pick Frequency,Mnemonic case error
Schlumberger,RHGT,Mg/L,Grain Density Based on PHIT,Unit-symbol case error
Baker Hughes Inteq,TNST08,ms,Monopole multiplexed waveform start time,Clean
Baker Hughes Inteq,PKSQT,h/km,"Peaks from compressed semblance surface quad, transmitter",Clean
Schlumberger,FAZ5,kHz,"Calibrated Neutron Far Tube 5 Count Rates, 8-Sector Waveformm",Clean
Baker Hughes Inteq,PO7B3,cm³/L,Third BVI accumulated partial porosity sum,Unicode power notation in unit
Baker Hughes Inteq,ETIME3,ms,"Elapsed time, subset 3",Clean
Schlumberger,PRFLTSMPRES,kPa,Pressure Filter Used to Compute Smoothed Pressure,Clean
BP,BP_MUD_MTO_MPD,degF,Temp Out - Mud  (MPD),Clean
Schlumberger,RRPQ_DL,μPa,RPQS Raw Quartz Gauge Pressure,Unicode micro prefix in unit
Schlumberger,ROBR_WDP,g/cm3,"Bulk Density, Right, via WDP",Clean
Halliburton Logging,OPTR,L/min,Optimum Pump Rate,Clean
Baker Hughes Inteq,ZDR3B,Eohm,Frequency 2 pad 3 resistance,Clean
Halliburton Logging,QGCORPRES,psi,Quartz Gauge Correction Pressure,Clean
Halliburton Logging,MTMP,degF,Magnetometer Temperature,Clean
Pason,ADWOB,N,AutoDriller WOB,Clean
Baker Hughes Inteq,MRIN,kohm.m,Mud Resistivity In- Average,Clean
Halliburton Logging,YDP_ALT_YX2_DT,us,Sonic Delta-T Reflected Shear,Clean
Halliburton Logging,12kSK29,dega,12k Strike 29 inch for the MCIV1D,Clean
Halliburton Logging,AZIMUTH135,dega,Azimuth for arms 1 3 and 5.,Clean
Halliburton Logging,DP0P1Temp,degC,DP0P1 Probe Temperature,Clean
Halliburton Logging,TEX2,degF,Average Temp Ext 2,Clean
Baker Hughes Inteq,XVTC,VG,Power supply +75V DC,Unit-symbol typographical error
Baker Hughes Inteq,WFTI,%,Weight fraction of titanium in dry rock,Clean
Schlumberger,DQP3,bar,MRDP 3 Quartz Gauge Pressure,Clean
Baker Hughes Inteq,"PO8A5	",%,Fifth T2 accumulated partial porosity sum,Mnemonic boundary whitespace
Pason,RESISTIVITY1_DEPTH,m,Resistivity 1 Depth,Clean
Schlumberger,AHOSWI,μEuc,Array Induction One Foot Radial Water Saturation Image,Unicode micro prefix in unit
Schlumbergr,SXO_DLG3_XP,Euc,Longitudinal Differential Spacing 3 SXO Express,Service-company spelling error
Schlumberger,RVZ0,mV,Z Potential Difference in Step 0,Clean
Schlumberger,PEF_RLS4,MHz,Long Spacing PEF Window 4 Count Rate,Clean
Halliburton Logging,TET1,us,Inter Echo Time 1,Clean
Schlumberger,TT6M,us,Transit Time 6 (Module),Clean
Baker Hughes Inteq,P6AVG,ohm.m,Pad 6 mean value of 24 buttons,Clean
Baker Hughes Inteq,TFSP07,us,Monopole multiplexed sample period,Clean
Halliburton Logging,LMP_Shear_DT,ms,Sonic Delta-T Reflected Shear,Clean
Baker Hughes Inteq,XYAI,kS/m,"Apparent conductivity unique frequency, imaginary, XY",Clean
Schlumberger,JPB4,in,MJET Leg OD at Potentiometer B4,Clean
Halliburton Logging,HI_CONT_FIT,ppm,Hydrogen Index Contamination Fit,Clean
Pason,RES2B,kohm.m,Res2 At Bit,Clean
Baker Hughes Inteq,DIS73,uT,DIS CHANNEL 73,Clean
Schlumberger,SUST8,kPa,MDSU 8 Set Point,Clean
Halliburton Logging,LMP_ALT_ST_Time,ms,Pick Time,Clean
Baker Hughes Inteq,SEMBSTRT,Ns/m,Semblance start,Unit-symbol case error
Schlumbergr,DPAP_LB_ZD1,cgr,3D Induction Group 1 Zero-D Inversion Apparent Dip Magnitude Lower Bound,Service-company spelling error
Halliburton Logging,36kDip29,dega,36k Dip 29 inch for the MCIV1D,Clean
Schlumberger,ZP2HP,rad,Z Properties Receiver 2 High Frequency Phase,Clean
Halliburton Logging,EP1MeasVolume,m3,EP1 Pretest Measured Volume,Clean
Schlumberger,DIA2,in,FTGT Diameter 2,Clean
Halliburton Logging,TCHA,degF,Instrument Chassis Temperature,Clean
Baker Hughes Inteq,DZR3BS,ohm.m,Freq B pad 3 dynamic real resistivity of formation impedance,Clean
Baker Hughes Inteq,QPL4P,psi,"Tic mark for drawdown pressure every hundred psi, PLCOR",Clean
Halliburton Logging,36kRH29,ohm.m,36k Rh 29 inch for the MCIV1D,Clean
Halliburton Logging,FHPS,bar,FPS Hydraulic Pressure,Clean
Halliburton Logging,C2M2,mA,Survey Current #2 Magnitude - Pad 2,Clean
Baker Hughes Inteq,DD_PRESS_MOD_1000,kPa,Drawdown Pressure Mod 1000 - Memory,Clean
Schlumberger,BOTTOMS_UP_TIME,us,Bottoms up time,Clean
Schlumberger,"ZVT	",mV,HALS Torpedo Voltage,Mnemonic boundary whitespace
Schlumberger,cPPPO2,in,MDCP 2 Pretest Piston Position Offset,Mnemonic case error
Halliburton Logging,"YDP_YX2_Time	",us,Pick Time Reflected Shear,Mnemonic boundary whitespace
Baker Hughes Inteq,V7AB,ft/min,"Velocity from 500 Hz, row 7, sensors a and b",Clean
Baker Hughes Inteq,FLR25,mT,FLR_25,Clean
Baker Hughes Inteq,ZENI2,kg/m3,Integrated density (2nd tool),Clean
Halliburton Logging,SGRD,ohm.cm,Short Normal Resistivity,Clean
Pason,GATMC,uA,GA Trap Motor Current,Clean
Halliburton Logging,ST_ALT_YDP_Slowness_Peaks,s,Slowness Peaks,Clean
Schlumberger,RV4,uV,Precision DC AMP + Relay Offset in Step 4,Clean
Schlumberger,LU,kHz,Long Upper Computed Window Count Rate,Clean
Baker Hughes Inteq,BT2C,V,Gain corrected value from button 2,Clean
Baker Hughes Inteq,SPIN2,rev/s,Array spinner output sensor 2,Clean
Schlumberger,DWS3_P1F,kHz,"Raw Short Spacing Density Window 3 Count Rate, 0.1 ft",Clean
Schlumberger,RI1X,L,Raw I1 Conductivity (SRTX),Mnemonic-unit semantic mismatch
Halliburton Logging,FTT,s/m,Fluid Transit Time,Clean
Baker Hughes Inteq,PKSMR,s/m,Peaks from monopole compressional correlogram (8 wave) rcvr,Clean
Halliburton Logging,EP1P2TempStab,deltaC/s,EP1P2 Temperature Probe Stability,Clean
Schlumberger,DTDF,ms/m,Delta-T Compressional Difference between DTRA and DTTA,Clean
Baker Hughes Inteq,RCAP03,µHz,Capacitance sensor 3,Unicode micro prefix in unit
Schlumberger,BSF3,kHz,MRPS 3 Strain Gauge Frequency,Clean
Halliburton Logging,ST_ALT_Hole_Size,rad,Measured Hole Diameter,Mnemonic-unit semantic mismatch
Halliburton Logging,TWEI,us,Cast time window for enhance imaging,Clean
Schlumberger,SRVP_17_5_XD_R,s/m,Shear Radial Variation Profile at 17.5 Inch Radial Depth from Borehole Surface for XD Waveform Receiver Array,Clean
Schlumberger,TRACER_APLW_MIST,kHz,Tracer Window APL,Clean
Halliburton Logging,ST_FM_Hole_Size,in,Measured Hole Diameter,Clean
Halliburton Logging,TSW,N,Tool String Weight,Clean
Schlumberger,CVEL_FSI_SL,m/s,Cable Velocity memorized at spinner measure point - Station Log,Clean
Schlumberger,AST20,ohm.cm,Array Induction Two Foot Resistivity A20,Clean
Schlumberger,RA14,in,Calibrated Radius 14,Clean
Baker Hughes Inteq,PO8A3,Euc,Third T2 accumulated partial porosity sum,Clean
Schlumbergr,HMS1,rev/s,MRHY 1 Motor Speed,Service-company spelling error
Schlumberger,SBSI,Euc,Bound Water Saturation from SIGMA,Clean
Numar MRI Logging,CBVWE,Euc,Bulk volume water effective from Numar MRIAN analysis,Clean
Halliburton Logging,BHCR36K17ZX,kS/m,Bore Hole Correction R36K 17In Z Trans/ X Recv,Clean
Schlumberger,RA04,ft,Calibrated Radius 4,Clean
Halliburton Logging,FMP_ALT_Comp_Time,ms,Pick Time,Clean
Schlumberger,TTP2_MH_DH,us,Peak2 Arrival Time Computed Downhole - Monopole High,Clean
Schlumberger,VX12,uV,X Potential Difference in Step 1.2,Clean
Baker Hughes Inteq,ID,mA,Deep current,Clean
Baker Hughes Inteq,HYPH,psi,Hydraulic pressure target for 1970HA,Clean
Baker Hughes Inteq,AMPSS,uA,Computed Amperage,Clean
Schlumberger,SPHASE_DH,dega,"Signal Phase, Calculated Downhole",Clean
Schlumberger,KH_MU_01,kW,Mobility - Thickness Product Transient 01,Clean
Halliburton Logging,BHCR60K17ZX,mS/m,Bore Hole Correction R60K 17In Z Trans/ X Recv,Clean
Baker Hughes Inteq,TENEI,N,Differential tension referenced to EART pad 1,Clean
Baker Hughes Inteq,V500,mV,1826QA voltage regulator output,Clean
Schlumberger,OBRA_2,ohm.cm,Buttons Resistivities Pad A,Clean
Schlumberger,SPPERM,tD[API],Spherical Permeability,Unit-symbol case error
Schlumberger,RFFRES_IFAX2,ohm.cm,IFAX 2 Raw Flowline Fluid Resistivity,Clean
Baker Hughes Inteq,TTLC3,MHz,Total carbon count rate (extra long detector),Clean
Baker Hughes Inteq,MTBVICX,Euc,Bulk Volume Irreducible - Surface Derived - Real-time,Clean
Schlumberger,CDCX,S/m,Deep Induction Electronic Calibrated Quad Conductivity,Clean
Halliburton Logging,CF06,kS/m,60 in Radial Conductivity 4ft,Clean
Schlumberger,RHFT,kHz,Raw High Resolution Far Thermal Count Rate,Clean
Halliburton Logging,DP1P2Depth,m,DP1P2 Depth Probe,Clean
Schlumberger,DPAA39_LB_1D,dega,3D Induction 1D Inversion Apparent Dip Azimuth Lower Bound from 39 inch Array,Clean
Schlumberger,CT_IV_BU,ms,Phase C Investigation Buildup Pressure Time Stamp,Clean
Schlumberger,"  SLS_MUD_FLOWRATE",m3/d,Mud Flowrate into the wellbore,Mnemonic boundary whitespace
Halliburton Logging,P1B1,ohm.m,Pad 1 Resistivity,Clean
Schlumberger,TEMP_MWPT_SL,edgC,Temperature - Station Log,Unit-symbol typographical error
Schlumberger,RES_BX1,kohm.m,"Resistivity eXtra Deep, Octant 1",Clean
Baker Hughes Inteq,MBH,ft,Calculated borehole size for ABC processing,Clean
Halliburton Logging,PES QPresStabP2,MPa/h,EPS Quartz Pressure Stability Probe 2,Mnemonic typographical error
Halliburton Logging,AMXA,uV,Audio Average of Maximum values,Clean
Halliburton Logging,MXID,m,Maximum Inside Diameter,Clean
Schlumberger,P02SPIN,rpm,Spinner Rotational Velocity [02],Clean
Halliburton Logging,UFMP_ST_Time,s,Pick Time,Clean
Schlumberger,SAPTEMP,K,Sapphire Gauge Manometer Temperature,Clean
Baker Hughes Inteq,ELTD,µs,Delta elapsed time from Diplog/Star,Unicode micro prefix in unit
Baker Hughes Inteq,ATNLO,B,"Comp. dipole attn., outer rcrvs, long xmtrs, all freq.",Clean
Halliburton Logging,FRTR,kohm.m,TRANS RESISTIVITY,Clean
Halliburton Logging,CMPRSRHO,1/aP,Compresibility Rho,Unit-symbol typographical error
BP,BP_GASIN_C1,Euc,Methane IN from suction pit,Clean
Halliburton Logging,TUC4,us,Low Reso. Travel velocity based on u/m rcvrs from compensated.,Clean
BP,BP_WOB_AVG_RIG,lbf,Weight on Bit (Rig),Clean
Schlumberger,PEF_OVRL,kHz,Long Spacing PEF Overflow Countrate,Clean
Schlumberger,CR49,ft,Corrected Radius 49,Clean
Baker Hughes Inteq,FLC13,mT,FLC_13,Clean
Baker Hughes Inteq,RMXGW,mT,Raw X-axis magnetometer shifted to WGI,Clean
Baker Atlas,TE1,s,time between echos in first data packet,Clean
Schlumberger,TTSH_A90X,L,Shear Peak Time from Slow Shear Azimuth Custom Frequency Firing,Mnemonic-unit semantic mismatch
Schlumberger,GHBM2_SL,Hz,GHOST-2 Bubble Count Rate Average - Station Log,Clean
Baker Hughes Inteq,ATTCBN,B/m,Uncompensated CBL attenuation curve for near CBL spacing,Clean
Pason,"LWEAR	",GJ,Megajoules,Mnemonic boundary whitespace
Halliburton Logging,PRI1,psi,FPS1 Inlet Pressure,Clean
Baker Hughes Inteq,FL76,mT,FL CHANNEL 76,Clean
Schlumberger,A40L,hom.m,"Attenuation Resistivity 40 inch Spacing at 400 KHz, Environmentally Corrected",Unit-symbol typographical error
Baker Hughes Inteq,FLC39,mT,FLC_39,Clean
Schlumberger,ESIGF_HR,ft2,APS High Resolution Early-Time-Decay Formation Capture Cross Section,Clean
Baker Hughes Intq,ABDC13X,lbm/ft3,Azimuthal Bulk Density - Compensated - Sector 13 - Real-time,Service-company spelling error
Schlumberger,TT3C,ms,Transit Time 3 (Cartridge),Clean
Schlumberger,JPA4,in,MJET Leg OD at Potentiometer A4,Clean
Schlumberger,TFDS,gcr,Desired Toolface Setting,Unit-symbol typographical error
Baker Hughes Inteq,CP1C,V,"500 Hz row 1 spacing c differential delta module, sine",Clean
Pason,PGD_DRYER_TEMP,degF,tgs Dryer Temperature,Clean
Schlumberger,"  PDTF",dega,PowerDrive Toolface,Mnemonic boundary whitespace
Baker Hughes Inteq,ADRHRM,lbm/ft3,Azimuthal Delta Rho - Down Quadrant - Memory,Clean
Halliburton Logging,EP2Percent,%,EP2 Pretest Percent,Clean
Schlumberger,RV21_HL_L_1DF,ohm.m,3D Induction 1D Inversion Vertical Filtered Resistivity High Likelihood Lower Bound from 21 inch Array,Clean
Schlumberger,T1R1,us,"STC Peak Time, Receiver Array - Lower Dipole",Clean
Schlumberger,T2L3_SH8,s,T2 Logarithmic Mean of Bin 3 for Shell 8,Clean
Baker Hughes Inteq,RAYGG2,mgn,Raw Y-axis accelerometer shifted to GXPL,Clean
Halliburton Logging,XX_FHA,uV,Pre Firing Voltage,Clean
Schlumberger,PARESS_EUT,kPa,SCTT Pressure Engineering Units Time,Mnemonic typographical error
Halliburton Logging,TNGT,Hz,Near Gross Decay Curve,Clean
Schlumberger,CAR2​,in,Rotated Caliper 2 According to RB,Mnemonic boundary invisible character
Schlumberger,PQHSTR1,degF,MRPQ 1 H2S Sensor Temperature,Clean
Schlumberger,PDAZIM,rad,PowerDrive Downhole Computed Continuous Azimuth,Clean
Schlumberger,UN,ppm,Volumetric Photoelectric Factor - Sqrt(Sigma**2+Tau**2),Clean
Schlumberger,RZVD3B,uV,"Uncalibrated A0*-A0*' Difference Voltage 3B, in phase",Clean
Baker Hughes Inteq,AZGFW,Gal,Filtered Z-axis accelerometer shifted to WGI,Clean
Baker Hughes Inteq,ZI3AU,Eohm,Freq 1 pad 3 capacitive part of complex formation impedance,Clean
BP,BP_SURGE_SWAB_BIT,kg/m3,Surge Swab - Bit (calculated),Clean
Schlumberger,AVMF,mV,Normalized Average MAP Amplitude (Fluid Compensated),Clean
Halliburton Logging,BHCR60K50ZX,S/m,Bore Hole Correction R60K 50In Z Trans/ X Recv,Clean
Baker Hughes Inteq,RMXGPK,µT,Raw X-axis magnetometer shifted to WGI,Unicode micro prefix in unit
BP,BP_PMP_CMT_SPM_RATE_P1,kHz,Stroke Rate - Cement Pump #1,Clean
Schlumberger,TIME_SFA_00C,s,Time Index Channel of Slowness-Frequency Projection for Dipole 0 Degree Transmitter Chirp Frequency Firing 0 Degree Component,Clean
Pason,ENC5,%,chr Neo-Pentane NC5,Mnemonic typographical error
Baker Hughes Inteq,ODW,ft,Depth offset of WGI from orientation tool,Mnemonic typographical error
Halliburton Logging,DP1P1TempStab,deltaF/h,DP1P1 Temperature Probe Stability,Clean
Baker Hughes Inteq,TYYSP03,ms,Four-comp. dipole XX multiplexed sample period,Clean
Schlumberger,RF6_SL,kHz,Far Count Rate From Gate 06,Clean
Schlumberger,IRAV_PS,m,Median Internal Radius,Clean
Baker Hughes Inteq,APH1BS,dega,Pad 1 frequency B average phase over pad buttons (2nd),Clean
Baker Hughes Inteq,LS28V2,μV,"+28V input, long space",Unicode micro prefix in unit
Baker Hughes Inteq,PO13A4,%,Fourth T2 accumulated partial porosity sum,Clean
Schlumberger,P12V_PVS1_SL,V,PVS1 +12 Volt Supply Voltage,Clean
Schlumberger,PPGI,Pa/m,Pore Pressure Gradient,Clean
Pason,DIGITAL_RPM,rpm,Digital RPM,Clean
Schlumberger,RTVR,ohm.m,DIT-E True Deep Resistivity (from VR Phasor),Clean
Schlumberger,FFRES_IFAX2,kohm.m,IFAX 2 Flowline Fluid Resistivity,Clean
Halliburton Logging,HorizRes12k17,ohm.cm,"Horizontal Resistivity 12k 17""",Clean
Halliburton Logging,BDip36k17,dega,"Borehole Dip 36k 17""",Clean
Schlumberger,RHGF,kg/m3,Formation Grain Density,Clean
Schlumberger,PQQP3,psi,MRPQ 3 Quartz Gauge Pressure,Clean
Schlumberger,RES_BD_IMG_HI,ohm.cm,Deep Button Resistivity Image High Resolution,Clean
BP,BP_GAS_C4_NORM_DEP,Euc,Dep - Nor-Butane (NC4),Clean
Baker Hughes Inteq,RADIUS12M,in,Acoustic Caliper - Radius - Sector 12 - Memory,Clean
Schlumberger,DPAA21_UB_1DN,cgr,3D Induction 1D Inversion Apparent Dip Azimuth Ref. North Upper Bound from 21 inch Array,Clean
Schlumberger,COND_DLG2_F0_VDC,mS/m,Vertical Deconvolved Frequency 0 Differential Longitudinal Spacing 2 Conductivity,Clean
Baker Hughes Inteq,ZDR6A,Eohm,Frequency 1 pad 6 resistance,Clean
Schlumberger,SPMN1_FSI,V,Spinner 1 Minimum Voltage,Clean
Baker Hughes Inteq,CEMO2,dega,Calibrated and oriented cement map (2nd tool),Clean
Halliburton Logging,72kRV29,ohm.cm,72k Rv 29 inch for the MCIV1D,Clean
Schlumberger,COND_DTR3_F3_VDC,mS/m,Vertical Deconvolved Frequency 3 Differential Transverse Spacing 3 Conductivity,Clean
Halliburton Loggig,SEU1,kohm.m,Skin Effect Corrections U1,Service-company spelling error
BP,BP_BLOCK_SPEED,ft/min,Block Speed,Clean
Halliburton Logging,DP1P2Temp,degF,DP1P2 Probe Temperature,Clean
Schlumbergr,STDF_QG_B,m,"Quanta Geo imaging button standoff, Pad B",Service-company spelling error
Schlumberger,TT_BHC_MF,us,Borehole Compensated Transit Time of Monopole Far Transmitter,Clean
Schlumberger,FNOR_SL​,A/m,Magnetic Field Computed Norm (vector length),Mnemonic boundary invisible character
Baker Hughes Inteq,AMD2F5,V,Raw data amplitude T2 frequency 5 (in dB/V),Clean
Schlumberger,UF1T,kHz,Uncorrected Far Gate 1,Clean
BP,BP_CUMVOL_MUDPUMP3,bbl,Volume Pumped (Cum) - Mud Pump 3,Clean
Halliburton Logging,EP3P2HorizMob,mD/cP,EP3P2 Horizontal Mobility,Clean
Schlumberger,CW11_RAW,uA,Raw Shallow Button Current Scan from Transmitter 1,Clean
Baker Hughes Inteq,BDCFM,lbm/ft³,Bulk Density - Compensated - Filtered - Memory,Unicode power notation in unit
Schlumberger,SDIA_RT,in,"Short Axis Ultrasonic Caliper, Real-Time",Clean
Baker Hughes Inteq,ZR4AU,Gohm,Frequency 1 pad 4 resistance,Clean
Baker Hughes Inteq,ADSA13M,g/cm3,Azimuthal Density - Short Space - Apparent - Sector 13 - Memory,Clean
Schlumberger,IR63,in,Internal Radius 63,Clean
Baker Atlas,cEIM,kS/m,Medium conductivity from EID processing,Mnemonic case error
Schlumberger,CP_HY_B4,kPa,Phase C Hydrostatic Pressure before Test,Clean
BP,bP_WOB_AVG_DEP,lbf,Dep - Weight on Bit,Mnemonic case error
Halliburton Logging,TotMetThickness,Link[Cla],Total Metric Thickness,Unit-symbol case error
Schlumberger,HIF30,ohm.m,HITA Four Foot Resistivity A30,Clean
Baker Hughes Inteq,TTFE,ms,Traveltime estimate far transmitter,Clean
Halliburton Logging,WLFC,uA,Wire Line Fault Current,Clean
Schlumberger,PAQP2,bar,MRPA 2 Quartz Gauge Pressure,Clean
Baker Hughes Inteq,TPSM,s,Depth referenced ETIMD curve,Clean
Baker Hughes Inteq,RADIUS16M,ft,Acoustic Caliper - Radius - Sector 16 - Memory,Clean
Halliburton Logging,XDP_ALT_XY2_Freq,kHz,Pick Frequency 2,Clean
Schlumberger,PAEM2,kPa,MRPA 2 Element Minimum Pressure,Clean
Halliburton Logging,72kDip80,rad,72k Dip 80 inch for the MCIV1D,Clean
Baker Hughes Inteq,ATNLI,B,"Comp. dipole attn., inner rcvrs, long xmtrs, all freq.",Clean
Halliburton Logging,Quartz Probe 2 Pressure,bar,Quartz Probe 2 Pressure Eps,Clean
Halliburton Logging,BDip36k80,rad,"Borehole Dip 36k 80""",Clean
Schlumberger,NAZ3_R,kHz,"Neutron Near Tube 3 Count Rates, 8-Sector Waveform",Clean
Baker Hughes Intq,R30,ft,Multi-arm_data - Feeler 30 radius,Service-company spelling error
Halliburton Logging,AMP_UMP,uV,CBL Pipe Amplitude,Clean
Halliburton Logging,CS4,ft,Outer Casing Diameter 4,Clean
Schlumberger,TH45,in,Thickness 45,Clean
Schlumberger,RES_BX7,ohm.m,"Resistivity eXtra Deep, Octant 7",Clean
Halliburton Logging,BCD2,kohm.m,Borehole Corrections D2,Clean
Schlumberger,RZVA3Q,uV,"Uncalibrated Auxiliary Monitoring Voltage 3, quadrature",Clean
Halliburton Logging,UM_TEMP,degF,Temperature,Clean
Schlumberger,SOIPRES_PA4DL,kPa,MRPA 4 SOI Pressure,Clean
Baker Hughes Inteq,TVDA,ft,"True vertical depth, accelerometer",Clean
Baker Hughes Inteq,dIS76,uT,DIS CHANNEL 76,Mnemonic case error
Schlumberger,TTM3,ms,Transit Time - Monopole 3,Clean
Schlumberger,BATT_LDIS,B/m,Borehole Compensated Attenuation Long Distance,Clean
Baker Hughes Inteq,SRA089M,ohm.cm,Electrical Image - Sector 89 - Memory,Clean
Schlumberger,DIA1,in,FTGT Diameter 1,Clean
Schlumberger,ASIBC,kS/m,Array Induction Borehole Corrected,Clean
Baker Hughes Inteq,PO10A2,1e6 ft3/(acre.ft),Second T2 accumulated partial porosity sum,Unit-symbol case error
Schlumberger,QGBD_AVG,L/min,Averaged Downhole Gas Flowrate from Bubble Count,Clean
Baker Hughes Inteq,RACEH,ohm.m,Resistivity Attenuation Compensated Borehole and Dielectric Corrected Long 2MHz,Clean
Baker Hughes Inteq,ABDC1M,kg/m3,Azimuthal Bulk Density - Compensated - Sector 1 - Memory,Clean
Schlumberger,RV_ML_UB_ZD3,ohm.m,3D Induction Group 3 Zero-D Inversion Vertical Resistivity Mid Likelihood Upper Bound,Clean
Baker Hughes Inteq,M2CC6,S/m,"HDIL 2-foot resolution compressed conductivity, 60-inch DOI",Clean
Halliburton Logging,PBUP,bar,Pretest Buildup,Clean
Baker Hughes Inteq,FLC6,uT,FLC_6,Clean
Halliburton Logging,ST_ALT_LM_Time_Peaks,s,Time Peaks,Clean
Schlumberger,LTB_I_POM,mA,Motor SHARC LTB Current,Clean
Halliburton Logging,CTER,%,Contamination Based On Est. Resistivity,Clean
Halliburton Logging,MNIR,m,Minimum Inside Radius,Clean
Halliburton Logging,MP_Shear_Freq,MHz,Pick Frequency 2,Clean
Schlumberger,DPAA39_1DF,rad,3D Induction 1D Inversion Filtered Apparent Dip Azimuth from 39 inch Array,Clean
Schlumberger,SNLR,MHz,"Neutron Short Spacing Late Count Rate, Right",Clean
Baker Hughes Inteq,RBT1CB,ft,Bit radius 1 for CBIL,Clean
Baker Hughes Inteq,PNLFM,ppm,Neutron Porosity - Limestone - Filtered - Memory,Mnemonic typographical error
Schlumberger,FOFF_RAW,ft,Fingers Offset Raw Correction,Clean
Schlumberger,DPAP27_UB_1DF_DISPLAY,rad,3D Induction 1D Inversion Filtered Apparent Dip Magnitude Upper Bound from 27 inch Array (modified to display tadpoles less frequently),Clean
Schlumberger,AFRX,ohm.m,Array Induction Four Foot Rxo,Clean
Baker Hughes Inteq,CASEID,in,NominalID,Clean
Schlumberger,BTPE,s,Board Temperature period,Clean
Baker Hughes Inteq,ZR2AUS,Gohm,Second tool Frequency 1 pad 2 resistance,Clean
Baker Hughes Inteq,SRA108M,kohm.m,Electrical Image - Sector 108 - Memory,Clean
Schlumberger,P04LPR,kN/m²,Well Pressure [04],Unicode power notation in unit
Halliburton Logging,EP1PtTemp,degC,EP1 Pretest Temperature,Clean
Pason,GAMB,MHz,Gamma At Bit,Clean
BP,BP_PITVOL_SHK_TOT,L,Tank Volume - Shaker Total,Clean
Halliburton Logging,P3B1,kohm.m,Pad 3 Resistivity,Clean
Schlumberger,GTCO_SL,K,Gradiomanometer Temperature Correction,Clean
Halliburton Logging,BHCR12K80XY,S/m,Bore Hole Correction R12K 80In X Trans/ Y Recv,Clean
Baker Hughes Inteq,FMBI,A,MPC feed motor bus current,Clean
Schlumberger,DC1,in,Caliper 1-3 (C1) Minus Bit Size (BS),Clean
Schlumberger,TT14,us,Transit Time 14,Clean
Schlumberger,RB_GHOSTA,dega,Relative Bearing Memorized at GHOSTA,Clean
Schlumberger,CNINC,ard,Continuous Inclination (Hole Deviation),Unit-symbol typographical error
Schlumberger,T2MTN_LIM_A2,us,Antenna 2 Motion Induced T2 Limit for a Non-Relaxing Spin,Clean
Baker Hughes Inteq,AG110,ppm,Silver 110 concentration,Clean
Halliburton Logging,LMAG,A/mm,Local magnetic field for directional tool,Clean
Halliburton Logging,FH30,ohm.m,HRI Deep Resistivity 30 Inch 4 Ft.,Mnemonic typographical error
Baker Hughes Inteq,ADSA14M,lbm/ft3,Azimuthal Density - Short Space - Apparent - Sector 14 - Memory,Clean
Baker Hughes Inteq,DEPTHLWC,m,INTeX system depth,Clean
Baker Hughes Inteq,"FLC77	",mT,FLC_77,Mnemonic boundary whitespace
Baker Hughes Inteq,SRA060M,ohm.cm,Electrical Image - Sector 60 - Memory,Clean
Schlumberger,T2LM_OIL,us,Logarithmic Mean of Oil T2 Distribution,Clean
Baker Hughes Inteq,ILSS,kHz,Standard deviation of inelastic long space count rate,Clean
Halliburton Logging,ST_UM_Slowness_Peaks,ms,Slowness Peaks,Clean
Halliburton Logging,12kRV29,ohm.cm,12k Rv 29 inch for the MCIV1D,Clean
Halliburton Logging,EPS1 QPresStabP1,Pa/h,EPS1 Quartz Pressure Stability Probe 1,Clean
Halliburton Logging,RF90,ohm.m,90 in Radial Resistivity 4ft,Clean
Halliburton Logging,BCU4,ohm.m,Borehole Corrections U4,Clean
BP,BP_CHOKE2_POS_SETP_MPD,%,Choke 2 Position - Setpoint  (MPD),Clean
Schlumberger,RLA1_REC2D,ohm.cm,Reconstructed HRLT resistivity (channel 1) with 2D forward modeling,Clean
Schlumberger,AAS1,dB,Anti-symmetrized Directional Shallow Attenuation at 100 KHz.,Clean
Halliburton Logging,eRES,ohm.cm,Estimated Restivity,Mnemonic case error
Baker Hughes Inteq,FLR33,mT,FLR_33,Clean
Halliburton Logging,PVR,m3,Pump volume remaining in stroke,Clean
Schlumberger,A16L_UNC_DH_ECO_RT,kohm.m,"ARC Uncorrected Attenuation Resistivity 16 inch Spacing at 400 KHz, Real-Time, Computed Downhole",Clean
Baker Hughes Inteq,SRA010M,kohm.m,Electrical Image - Sector 10 - Memory,Clean
Baker Hughes Inteq,SRA113M,kohm.m,Electrical Image - Sector 113 - Memory,Clean
Halliburton Logging,ST_Time,ms,Pick Time,Clean
Schlumberger,A3LR,kS/m,"AIT-B Low Frequency, Real Array #3 Conductivity",Clean
Schlumberger,BHSTR3_DL,degF,MRPS 3 H2S Sensor Temperature,Clean
Schlumberger,TAB_NMR,imn,Magnetic Resonance Antenna Time after Bit,Unit-symbol typographical error
Baker Hughes Inteq,ZR4ACR,Gohm,"Pad 4, frequency A button equalization",Clean
Baker Hughes Inteq,WFSI,%,Weight fraction of silicon in dry rock,Clean
Pason,DHT,degF,Downhole Temperature,Clean
Schlumberger,BFAR_MAX_SH,dega,Borehole failure arc for the maximum shear failure,Clean
Schlumberger,FBEF_06,mA,"Far Effective Beam Current, pass 06",Clean
Baker Hughes Inteq,IDY,m,Inside diameter of tubing in Y direction,Clean
Baker Hughes Inteq,DEVST,dega,Deviation for STAR,Clean
Baker Atlas,CIMR,mS/m,medium conductivity real,Clean
Schlumberger,OILPC,rad,"Injected Current Lower Phase, Pad C",Clean
Baker Atlas,CRGM,mS/m,enhanced processing medium conductivity,Clean
Halliburton Logging,WL6C,AE,Wire Line 6 Current,Unit-symbol typographical error
Schlumberger,RBSA,in2,"Raw Borehole Sigma, Average",Clean
Halliburton Logging,MP_FHA​,uV,Pre Firing Voltage,Mnemonic boundary invisible character
Halliburton Logging,TTS5,ms,Az5 Pipe Travel Time,Clean
BP,BP_MUD_MDI2_MPD,g/cm3,Density In 2  (MPD),Clean
Baker Hughes Inteq,QBOD,T,Magnitude of magnetometer vector,Clean
Schlumberger,MRFAS,kohm.m,Apparent Mud Filtrate Resistivity at Standard Temperature,Mnemonic typographical error
Pason,MUD_CHLORIDE,ppm,Chloride,Clean
Halliburton Loggig,EDD3,ohm.cm,Pad #3 Resistivity Fast,Service-company spelling error
BP,BP_CMT_STAGE_VOL,In3,Volume Pumped - Cement Stage,Unit-symbol case error
Halliburton Logging,BHCR72K17ZY,S/m,Bore Hole Correction R72K 17In Z Trans/ Y Recv,Clean
Schlumberger,NSRH,kg/m3,Enhanced Resolution Short Spacing Bulk Density,Clean
Schlumberger,H1B3,Hz,APS High Resolution Array-1 Detector Neutron Burst-Off Background Window 3 Count Rate,Clean
Schlumberger,BDT3_DL,degF,MRPS 3 Quartzdyne Temperature,Clean
Halliburton Logging,BHCR12K17XY,kS/m,Bore Hole Correction R12K 17In X Trans/ Y Recv,Clean
Baker Hughes Inteq,DIS43,uT,DIS CHANNEL 43,Clean
Baker Hughes Inteq,"  QDPR",psi,Quartzdyne pressure,Mnemonic boundary whitespace
Schlumberger,TPLC,h/km,TPL with Environmental Corrections,Clean
Baker Hughes Inteq,AGNN2,B,Acoustic averaged receiver gain,Clean
Baker Hughes Inteq,PO8B2,Euc,Second BVI accumulated partial porosity sum,Clean
Baker Hughes Inteq,SFT2S2,MHz,Short space detector spectrum count rate 100-140 keV,Clean
Schlumberger,GPOP,ms,Gradiomanometer Pressure Offset Period,Clean
Schlumberger,SFTQP2,kPa,MRSF 2 Quartz Gauge Pressure,Clean
Halliburton Logging,RF20,hom.m,20 in Radial Resistivity 4ft,Unit-symbol typographical error
Baker Hughes Inteq,M1CC9,S/m,"HDIL 1-foot resolution compressed conductivity, 90-inch DOI",Clean
Schlumberger,T1LM_SF2_SH4⁠,us,Logarithmic Mean of Special Fluid 2 T1 Distribution for Shell 4,Mnemonic boundary invisible character
Schlumberger,DPAA_LB_ZD6,rad,3D Induction Group 6 Zero-D Inversion Apparent Dip Azimuth Lower Bound,Clean
Schlumberger,CAS_UCSV_PH,dega,Casing Step Upper Casing Segment Voltage Complex Phase,Clean
Schlumberger,FRSF,kN/m²,Formation strength,Unicode power notation in unit
Schlumberger,CP,N/mm²,Closing Pressure,Unicode power notation in unit
Baker Hughes Inteq,SRA003M,ohm.cm,Electrical Image - Sector 3 - Memory,Clean
Baker Hughes Inteq,MNR5A,nohm.mm²/m,Pad 5 frequency A minimum button resistivity,Unicode power notation in unit
Baker Hughes Inteq,RMXGG2,mT,Raw X-axis magnetometer shifted to GXPL,Clean
Schlumberger,SOLV_PVS2_SL,uV,PVS2 Solenoid Voltage,Clean
Schlumberger,MDTR,deltaC/h,Maximum Rate of Temperature Change,Clean
Schlumberger,PSGP,psi,Strain Gauge PRE_Pressure,Clean
Halliburton Logging,RTN2,ohm.m²/m,Formation resistivity mode2 obtained for non invaded solution,Unicode power notation in unit
Schlumberger,CSOD2,in,Casing 2 Outer Diameter,Clean
Schlumberger,NFD6,g/cm3,Fluid Density Pass 6,Clean
Schlumberger,FSAP,N/mm²,Flowline Strain Gauge Pressure,Unicode power notation in unit
Schlumberger,HOSANA_Y_CENTER,0.1 Ft[US],Hole Shape Analysis Y coordinate of Circle Arc Center,Unit-symbol case error
Baker Hughes Inteq,EMTRV,mV,Voltage to WTS/MOTOR relays,Clean
Schlumberger,GDMD_AFA2,mV,AFA2 Gas Detector Source Intensity Monitor Dark Calibration Data,Clean
Baker Hughes Inteq,RACV,nohm.mm²/m,Resistivity Attenuation Borehole and Inversion Corrected,Unicode power notation in unit
Schlumberger,FLD1_CGA_DL,mV,Fluorescence Channel 1 (Depth Logging),Clean
Baker Hughes Inteq,DCVOW,bbl,Dead cumulative volume,Clean
Schlumberger,SOIPRES_PA4,bar,MRPA 4 SOI Pressure,Clean
Baker Hughes Inteq,PORSS,ppm,Single detector neutron porosity (short space) (2nd tool),Clean
Halliburton Logging,HIGD,ft,High Scale for Distance,Clean
Baker Hughes Inteq,NTFM,rad,Neutron Porosity - Tool Face - Memory,Clean
Schlumberger,DT2T,rad,"Delta-T Shear, Transmitter Array - Upper Dipole",Mnemonic-unit semantic mismatch
Schlumberger,CRVP_17_5,ms/m,Compressional Radial Variation Profile at 17.5 Inch Radial Depth from Borehole Surface,Clean
Schlumberger,TT13_ML,ms,Transit Time Monopole Lower Transmitter Firing #13,Clean
Schlumberger,OSPF​,N,Sliding overpull profile,Mnemonic boundary invisible character
Baker Hughes Inteq,DIS35,uT,DIS CHANNEL 35,Clean
Halliburton Logging,ERD5,ohm.cm,Pad #5 Resistivity Fast Undelayed,Clean
Schlumberger,MDR6,s/m,"Multi Shot Delta-T Comp, Receiver Array - 6DT FMD",Clean
Schlumberger,DPRE_04,psi,Delta PressureTransient 04,Clean
Baker Hughes Inteq,PKSMFT,ms/m,Peaks from mono compressional correlogram (4 wave) far xmtr,Clean
BP,BP_PITVOL_ACT1,L,Tank Volume - Active 1,Clean
Halliburton Logging,BHCR84K50XX,kS/m,Bore Hole Correction R84K 50In X Trans/ X Recv,Clean
Baker Hughes Inteq,TYYST01K,ms,Four-comp. dipole XX multiplexed waveform start time,Clean
Baker Hughes Inteq,RWAZ2,ohm.m,Apparent formation water resistivity (2nd tool),Clean
Baker Hughes Inteq,TIM44,us,Time curve from TD for accelerometer correction to caliper,Clean
Schlumberger,DI90,mA,"Deep Current, 35 Hz, 90 degree",Clean
Halliburton Logging,SCM2,mA,Survey Current Max Pad 2,Clean
Halliburton Logging,RTD,degF,Temperature External - RTD,Clean
Baker Hughes Inteq,P2OBI,ohm.cm,Packed pad 2 block,Clean
Halliburton Logging,bBPP,psi,Bubble Point Pressures,Mnemonic case error
Schlumberger,VRPH_F1_A,cgr,"Voltage Return, Phase, Frequency 1, Pad A",Clean
Halliburton Logging,XDP_ALT_ST_Time,s,Pick Time,Clean
Baker Hughes Inteq,CDELIE,mS/m,"Conductivity estimate long xmtrs inner rcvrs, all freq",Clean
Schlumberger,CW12_RAW,uA,Raw Shallow Button Current Scan from Transmitter 2,Clean
Schlumberger,AT_DTR1_F3_HR_SIG,B,Uncertainty of High Resolution Frequency 3Transverse Spacing 1 Attenuation,Clean
Baker Atlas,txxst11,us,x-x axis dipole multiplexed waveform start time,Clean
Schlumberger,MBAZ,cgr,User Defined Azimuth for Button Medium Measurement,Mnemonic typographical error
Baker Hughes Inteq,PO9A2,Euc,Second T2 accumulated partial porosity sum,Clean
BP,BP_PITVOL_P02,ft³,Tank Volume - Pop Off Tank 2,Unicode power notation in unit
Schlumberger,SWLD,lbm/ft3,Stage Wellhead Slurry Density,Clean
Baker Hughes Inteq,ZI1AU,Gohm,Freq 1 pad 1 capacitive part of complex formation impedance,Clean
Baker Hughes Inteq,SRA034M,kohm.m,Electrical Image - Sector 34 - Memory,Clean
Halliburton Logging,UFMP_Comp_Freq,Hz,Pick Frequency,Clean
Schlumberger,P10B_RT,ohm.m,"ARC Blended Phase Shift Resistivity 10 inch Spacing, Real-Time",Clean
Schlumberger,MTRTRQ,J,Motor Torque,Clean
Schlumberger,SOIRPRES_SR1,psi,MRSR SOI Raw Pressure,Clean
Baker Hughes Inteq,ZR6BU,ohm,Frequency 2 pad 6 resistance,Clean
Baker Hughes Inteq,TS09F,ms,Time since reaching max temperature for inside flask sensor,Clean
Baker Hughes Inteq,WFRC,lbf,Wing force,Clean
Baker Hughes Inteq,TXYST01K,ms,XY-axis multiplexed waveform start time,Clean
Schlumberger,U31F,m3/d,Unit 3 Pump 1 Flowrate,Clean
Schlumberger,SKDR_A1P1,D[API],"Permeability with Processing Parameter Set 1 (FECHO_1, NECH_USED_1 and REG_PARF_1) Computed Using SDR Model for Antenna 1",Mnemonic typographical error
Schlumberger,TIME_SINCE_POW,ms,Time Since Power Up Unwrapped (Reconstituted),Clean
Schlumberger,POUDCCR,m3/h,MRPOUD Continuous Corrected Rate,Clean
Baker Hughes Inteq,CAL12,μm,Diameter from pad 1 and its opposite (2nd tool),Unicode micro prefix in unit
Schlumberger,CCRPM,rad/s,Control Collar RPM,Clean
Schlumberger,ZINJ,μohm,Casing Step Injection Impedance Complex Module,Unicode micro prefix in unit
Halliburton Logging,EP3P1TVD,m,EP3P1 TVD Depth Probe,Clean
Schlumberger,PT_DQP1_MUD_PRESS,kPa,Pretest Mud Pressure from MDT Horizontal Probe 1 Quartz Gauge (DQP1),Clean
Halliburton Logging,PLOC,dega,Pad Locator,Clean
Baker Hughes Inteq,FL77,T,FL CHANNEL 77,Clean
Schlumberger,TRIVFIAVG54,mS/m,3D Induction 54 Inch Array Vertical Fracture Indicator Averaged,Clean
Schlumberger,RDIZ9,mA,"Uncalibrated DLT Deep Current, Azimuthal Level, 90 degree",Clean
Halliburton Logging,84kDip17,cgr,84k Dip 17 inch for the MCIV1D,Clean
Schlumberger,SGFRQ,Hz,Strain Gauge Sensor Frequency,Clean
Halliburton Logging,ATTN_LMP,dB/m,Attenuation,Clean
Halliburton Logging,ST_ALT_UFM_Time_Peaks,s,Time Peaks,Clean
Schlumberger,RH21_1D,kohm.m,3D Induction 1D Inversion Horizontal Square Resistivity from 21 inch Array,Clean
Halliburton Loggig,DP0P1HorizMob,mD/cP,DP0P1 Horizontal Mobility,Service-company spelling error
Halliburton Logging,QPressEps Mid,psi,Quartz Mid Probe Pressure Eps,Clean
Schlumberger,THMD_RF⁠,m,Median of Unflagged Casing Thickness,Mnemonic boundary invisible character
BP,BP_GAS_ADV_C5_ISO_IN,ppm,Iso-Pentane (iC5) IN - Advanced service,Clean
Halliburton Logging,dP0P2QPressCor,bar,DP0P2 Quartz Probe Pressure Corrected,Mnemonic case error
Schlumberger,P34L_ECO_RT,ohm.m,"ARC Phase Shift Resistivity 34 inch at 400 KHz, Real-Time",Clean
Schlumberger,APRESA_EUT,kPa,TMT Pressure Amplified Engineering Units Time,Clean
Schlumberger,CPSF1,kHz,MDCP 1 Strain Gauge Frequency,Clean
Baker Hughes Inteq,RBIT5W,ft,Bit radius 5,Clean
Pason,DIFF_PRESS,bar,Differential Pressure,Clean
Baker Hughes Inteq,RATDEV,dega,Deviation from RAT tool,Clean
Schlumberger,ACTP,s,Accelerometer Temperature Period,Clean
Schlumberger,HDIF,ft,Hole Diameter Difference,Clean
Baker Hughes Inteq,M0CX,kS/m,"Focused conductivity, 120-inch DOI",Clean
Schlumberger,SNEL,kHz,"Neutron Short Spacing Early Count Rate, Left",Clean
Halliburton Logging,SO2,in,Stand Off Arm 2,Clean
Schlumberger,SUSL6,ms,MDSU 6 Slew Rate,Clean
Halliburton Logging,TrueAzimuth60k17,dega,"True Dip Azimuth 60k 17""",Clean
BP,BP_CMT_FO_AVG,m3/h,Flow Out - Cement,Clean
Schlumberger,PMPTIM,ms,Elapsed Pumping Time,Clean
Halliburton Logging,ST_YDP_Hole_Size,in,Measured Hole Diameter,Clean
Baker Hughes Inteq,CLC1,Hz,Chlorine capture indicator (near detector),Clean
Baker Atlas,tfst11,s,monopole multiplex waveform start time,Clean
Schlumberger,SPMN0_FSI_SL,mV,Spinner 0 Minimum Voltage - Station Log,Clean
Schlumberger,rES_BM_T2,ohm.m,Medium Button Resistivity using Transmitter 2,Mnemonic case error
Schlumbergr,RES_BD_IMG_UH_HI,ohm.m,"Compensated Deep Button Resistivity Image, Computed Uphole, High Resolution",Service-company spelling error
Schlumberger,DTHU,ms/m,Delta-T High Resolution Upper Transmitter,Clean
Schlumberger,ATFC,us,Thermal Detector Acquisition Time,Clean
Schlumberger,ILQD,mA,"Lower electrode Injected Current Quadrature, Pad D",Clean
Schlumberger,SNLB,h,"Neutron Short Spacing Late Count Rate, Bottom",Mnemonic-unit semantic mismatch
Halliburton Logging,DP0P2TVD,in,DP0P2 TVD Depth Probe,Clean
Schlumberger,HTHX,in,Maximum Thickness of Plate (Fluid Properties Measurement),Clean
Schlumberger,RHOB_CDN_RT,g/cm3,"Bulk Density, Real-Time",Clean
Schlumberger,DPTR72_1DF_CURVEDISPLAY,dega,3D Induction 1D Inversion Filtered True Dip Magnitude from 72 inch Array (continuous curve display),Clean
Schlumberger,t2L1_SH1,us,T2 Logarithmic Mean of Bin 1 for Shell 1,Mnemonic case error
Schlumberger,LNTA,kHz,"Neutron Long Spacing Tau Count Rate, Average",Clean
Halliburton Logging,DPS_DELTA_TENS,N,Delta Cable Head Tension for DPS,Clean
Baker Hughes Inteq,FLR94,gT,FLR_94,Unit-symbol case error
Schlumberger,P13LPR,psi,Well Pressure [13],Clean
Baker Atlas,tyxst11,ms,y-x axis dipole multiplexed waveform start time,Clean
Halliburton Logging,72kRH17,kohm.m,72k Rh 17 inch for the MCIV1D,Clean
Halliburton Logging,EP2P1SpherMob,mD.ft²/(lbf.s),EP2P1 Spherical Mobility,Unicode power notation in unit
Schlumberger,POUDMC,uA,MRPOUD Motor Current,Clean
Schlumberger,OVAAB,mV,Applied Voltage Amplitude Pad B,Clean
Halliburton Logging,BHCR72K50XZ,S/m,Bore Hole Correction R72K 50In X Trans/ Z Recv,Clean
Schlumberger,PRVC_SL,MHz,PTS Gradio VCO Count Rate - Station Log,Clean
Baker Hughes Inteq,AVCAL,mx,Average of C01M thru C10M diameters from DMAG tool,Unit-symbol typographical error
Schlumberger,RHOB_CDN,lbm/ft3,Bulk Density,Clean
Schlumberger,RYV45,µV,HRLA Uncalibrated A4-A5 Voltage,Unicode micro prefix in unit
Halliburton Logging,EPS1P1CP,kPa,EPS1 P1 Quartz Gauge Correction Pressure,Clean
Schlumberger,T1LM_SF1_SH3,s,Logarithmic Mean of Special Fluid 1 T1 Distribution for Shell 3,Clean
Halliburton Logging,VertRes84k50,ohm.m,"Vertical Resistivity 84k 50""",Clean
Schlumberger,BTI4,ms,Break Time for Downhole Geophone 4,Clean
Schlumberger,PRSP_CMD,m3/d,Requested Flowrate,Clean
Schlumberger,GAFA,mgn,DGT Average Fully Compensated Gravity (Analog),Clean
Baker Hughes Inteq,DIS33,mT,DIS CHANNEL 33,Clean
Schlumberger,DWL5_P1F,µHz,"Raw Long Spacing Density Window 5 Count Rate, 0.1 ft",Unicode micro prefix in unit
Schlumberger,CPRSG1_DL​,kPa,MDCP 1 Raw Strain Gauge Pressure,Mnemonic boundary invisible character
Schlumberger,RHN9,MHz,HiRes Near Count Rate From Gate 09,Mnemonic typographical error
BP,BP_MUD_MTO,K,Temp Out - Mud,Clean
Schlumberger,PFO1,N,CSAT-1 Processed Anchoring Force,Clean
Baker Hughes Inteq,PORCP,Euc,Rock matrix crossplot porosity estimate for inversion,Clean
Schlumberger,DPRE_06,bar,Delta PressureTransient 06,Clean
Baker Hughes Inteq,NMR2,m,Minimum radius 2,Mnemonic typographical error
Schlumberger,BO10,mS/m,"AIT-B 1-ft Vertical Response, 10 in. Radial Midpoint Background Conductivity",Clean
Schlumberger,WPYR_ECO_RT,Euc,"Dry Weight Fraction Pyrite, Real-Time (SpectroLith WALK2 Model)",Clean
Schlumberger,PAIFR_DL,m3/h,MRPA Interval Pumpout Flowrate,Clean
Schlumberger,RADIUS_H,ft,"Tool-Centered Borehole Radius, Pad H",Clean
Halliburton Logging,TICR3,kHz,Total Counts,Mnemonic typographical error
Baker Hughes Inteq,"  SRAX",kohm.m,Electrical Image - Real-time,Mnemonic boundary whitespace
Baker Hughes Inteq,Initial Form. Pressure 1,kPa,Formation Pressure 1 - Real-time,Clean
Baker Hughes Inteq,WCARB,ppm,Normalized weight fraction sum of carbonates in dry rock,Clean
Baker Hughes Inteq,AMMIN,mV,Amplitude minimum,Clean
Schlumberger,PMS3,μHz,Pump Stroke 3,Unicode micro prefix in unit
Schlumberger,RES_BD_UP_RAW,ohm.cm,"Raw Deep Button Resistivity, Up",Clean
Schlumberger,GDEV,dega,HGNS Hole Deviation from Gravity,Clean
Schlumberger,SNTU_FILT,kHz,"Filtered Neutron Short Spacing Tau Count Rate, Up",Clean
Halliburton Logging,BHCR72K50YZ,kS/m,Bore Hole Correction R72K 50In Y Trans/ Z Recv,Clean
Baker Hughes Inteq,TAUCBN,us,Sampling period for CBL near transmitter spacing,Clean
Baker Hughes Inteq,ID09,ft,Dia. 09,Clean
Baker Hughes Inteq,SOM,m,MultiLaterolog inversion standoff,Clean
Baker Hughes Inteq,V2AC,m/s,"Velocity from 500 Hz, row 2, sensors a and c",Clean
Baker Hughes Inteq,"  TXXST01K",ms,Four-comp. dipole XX multiplexed waveform start time,Mnemonic boundary whitespace
Schlumberger,UNWB,us,Minimum Possible Waveform Delay Near,Clean
Baker Hughes Inteq,STRN,us,Start time near waveform,Clean
Baker Hughes Inteq,RUKC⁠,%,Ratio of Uranium to Potassium: borehole corrected,Mnemonic boundary invisible character
Baker Hughes Inteq,M1CC3,kS/m,"HDIL 1-foot resolution compressed conductivity, 30-inch DOI",Clean
Baker Hughes Inteq,SFA22,s,"Surface pick 1st arrival time, T2R2",Clean
Schlumberger,U2PR,bar,Unit 2 Pressure,Clean
Schlumberger,"  HIFRWAI",kohm.m,HITA Four Foot Radial RWA Image,Mnemonic boundary whitespace
Baker Hughes Inteq,OFFGX,dega,"GXPL orientation, tool body mark offset",Clean
Schlumberger,PND_SAP,kPa,Sapphire Pressure without Dynamic Compensation,Clean
Schlumberger,RPFTEM_HIRES,K,SCTT Primary Formation Temperature Raw High Resolution,Clean
Schlumberger,DPAP_ZD5_CURVEDISPLAY,dega,3D Induction Group 5 Zero-D Inversion Apparent Dip Magnitude (continuous curve display),Clean
Schlumberger,T1L7_SH1,s,T1 Logarithmic Mean of Bin 7 for Shell 1,Clean
Schlumberger,AFND,Hz,Amplitude Formation Near Detector,Clean
Baker Hughes Inteq,YATT2,us,"Y-axis attitude, 2nd tool",Clean
Schlumberger,T2LM_H2O_SH3,ms,Logarithmic Mean of Water T2 Distribution for Shell 3,Clean
Baker Hughes Inteq,PORDDL,L/m³,Porosity for dolomite matrix,Unicode power notation in unit
Schlumberger,DTLS,km,Delta-T Long Shear,Mnemonic-unit semantic mismatch
Schlumberger,ATCO20,kS/m,Array Induction Two Foot Conductivity A20,Clean
Schlumberger,GHMN3_FSI,FV,Optical Probe 3 Minimum Voltage,Unit-symbol case error
Schlumberger,STDF_QG_E,fx,"Quanta Geo imaging button standoff, Pad E",Unit-symbol typographical error
Schlumberger,AH8X,mS/m,AIT-H Quad Array #8 Conductivity,Clean
Baker Hughes Inteq,RAD6S,μm,"Radius, tool axis to pad 6 face",Unicode micro prefix in unit
Schlumberger,1A0H,ohm.m,"Attenuation Resistivity 10 inch Spacing at 2 MHz, Environmentally Corrected",Mnemonic typographical error
Pason,GA_TRAP_MOTOR_CURRENT,A,GA Trap Motor Current,Clean
Baker Hughes Inteq,FLR46,T,FLR_46,Clean
Halliburton Logging,FPP,psi,Flow Pressure,Clean
Schlumberger,DPAA21_UB_1D,dega,3D Induction 1D Inversion Apparent Dip Azimuth Upper Bound from 21 inch Array,Clean
Schlumberger,RES_BS_INVER,ohm.m,Inverted Shallow Button Resistivity,Clean
Halliburton Logging,FPH3,rad,PHASE 17 CM RECEIVER,Clean
Schlumberger,MWUD_RT,g/cm3,"Mud Density, Real-Time",Mnemonic typographical error
Schlumberger,DC_WAT_T2_SH3,m2/h,Computed Water Diffusion Coefficient indexed by T2 for Shell 3,Clean
Baker Hughes Inteq,NBVIBZRMSM,gn,Near Bit Axial Vibration Average - Memory,Clean
Schlumberger,RV72_1D,kohm.m,3D Induction 1D Inversion Vertical Square Resistivity from 72 inch Array,Clean
Halliburton Logging,FMP_ALT_Shear_Freq,MHz,Pick Frequency 2,Clean
Baker Hughes Inteq,RT1D,ohm.cm,"Induction resistivity, final model",Clean
Baker Hughes Inteq,AGNN3,dB,Acoustic averaged receiver gain,Clean
Halliburton Logging,NOIS_Az8,mV,Az8 Noise Amplitude Baseline,Clean
Baker Atlas,RWCZ,ohm.cm,"Apparent Formation Water Resistivity, F from FZC",Clean
Halliburton Logging,TrueDip60k17,Gon,"True Formation Dip 60k 17""",Unit-symbol case error
Schlumberger,IHPG_TL,kPa,Integral part of HPGP,Clean
Schlumberger,"GMCL3S	",mV,DGT Multiplexer 3 Low Calibrate Smoothed,Mnemonic boundary whitespace
Baker Hughes Inteq,SPRMA3,mD,Third T2 permeability from SBVI calculation,Clean
Baker Hughes Inteq,ID23,in,Dia. 23,Clean
Baker Hughes Inteq,OBD5,uV,"Pad 5 average data of buttons 3, 4, 5, 6",Clean
Schlumberger,WGYP,ppm,Weight Percent Of Gypsum,Clean
Schlumberger,AT_DTR3_F1_HR,us,High Resolution Frequency 1 Transverse Spacing 3 Attenuation,Mnemonic-unit semantic mismatch
Halliburton Logging,FH01,ohm.m,10 in Radial Resistivity 4ft,Mnemonic typographical error
Schlumberger,TT5,s,Transit Time 5,Clean
Schlumberger,VB23,mV,Circumferential Potential Difference B2-B3,Clean
Halliburton Logging,EPS1 QPresStabP2,Pa/h,EPS1 Quartz Pressure Stability Probe 2,Clean
Baker Hughes Inteq,AZGFPK,Gal,Filtered Z-axis accelerometer shifted to RCI,Clean
Halliburton Logging,RVHRes84k29,ohm.cm,"Vertical Restivity 29"" / Horizontal Restivity 29"" 84k",Clean
Baker Hughes Inteq,DTRF,h/km,Slowness from receiver array far transmitter,Clean
Halliburton Logging,HDCN,kS/m,Deep Conductivity,Clean
Schlumberger,SPHS_A2P1_DH,cgr,"Antenna 2 Signal Phase with Processing Parameter Set 1 (FECHO_1, NECH_USED_1 and REG_PARF_1), Downhole",Clean
Baker Hughes Inteq,HP03P,kHz,Peak high pass filter with default 1000 Hz cutoff,Clean
Schlumberger,SRVP_22_5_SLOW_T,h/km,Shear Radial Variation Profile at 22.5 Inch Radial Depth from Borehole Surface for SLOW Waveform Transmitter Array,Clean
Baker Hughes Inteq,SRA081M,ohm.cm,Electrical Image - Sector 81 - Memory,Clean
Halliburton Logging,STBT,ms,Stability Time,Clean
BP,BP_CHOKE1_POS_ACT_MPD,ppm,Choke 1 Position - Actual  (MPD),Clean
Schlumberger,U12F,m3/d,Unit 1 Pump 2 Flowrate,Clean
Schlumberger,AOCO60,mS/m,Array Induction One Foot Conductivity A60,Clean
Baker Hughes Inteq,AZGFG2,gn,Filtered Z-axis accelerometer shifted to GXPL,Clean
Baker Hughes Inteq,ARADS7,ft,Reflectance traveltime radius,Clean
Schlumberger,uFGI,dB,Minimum Allowed Electronic Gain Far,Mnemonic case error
Schlumberger,OIL_GRAVITY_STD,kg/m³,Oil specific gravity at standard conditions,Unicode power notation in unit
Baker Hughes Inteq,TAVE,µs,Traveltime average,Unicode micro prefix in unit
Schlumberger,OVIS_PT_T2,us,T2 Values for Oil Viscosity Points on 2d Maps,Clean
Schlumberger,CC1U,uV,Isolation AMP Offset for Upper Electrode,Clean
BP,BP_MUD_MTO_DEP,degC,Dep - Temp Out - Mud,Clean
Schlumberger,UFWD,us,Waveform Delay Far Sensor,Clean
Schlumberger,DR01,m,Delta Radius 1,Clean
Halliburton Logging,HDR1,kohm.m,Deep Resistivity 1 Ft,Clean
Schlumberger,ETH_PD_OP1,g/cm3,TNOP 1 C2-C5 Partial Density,Clean
Schlumberger,T1LM_SF1_UHR,s,Logarithmic Mean of Special Fluid 1 T1 Distribution for Upper High-Resolution Antenna,Clean
Baker Hughes Inteq,RMNA,m,Min Radius Arm,Clean
Baker Hughes Inteq,TS,us,Time correction from source to seismic datum - Real-time,Clean
Schlumberger,VGAP_E,uV,Gap Voltage,Clean
Schlumberger,HRLS,ohm.cm,High Resolution Shallow Resistivity,Clean
Schlumberger,ROLU_WDP,Kg/m3,"Long Spacing Bulk Density, Up, via WDP",Unit-symbol case error
Baker Hughes Inteq,RACLM,ft3,Resistivity - Attenuation - Corrected - 400 kHz - Memory,Mnemonic-unit semantic mismatch
Baker Hughes Inteq,SOLBV,V,Solenoid bus voltage,Clean
Halliburton Logging,HO90,ohm.m,HRI Deep Resistivity 90 Inch 1 Ft,Clean
Baker Hughes Inteq,ABDCUM,lbm/ft3,Azimuthal Bulk Density - Compensated - Up Quadrant - Memory,Clean
Baker Atlas,CRDR,S/m,enhanced processing real deep conductivity,Clean
Baker Hughes Inteq,RPCE,ohm.cm,"Resistivity Phase Difference Borehole, Dielectric Corrected",Clean
Baker Hughes Inteq,DIS7,T,DIS CHANNEL 7,Clean
Halliburton Logging,EPS2P1CP,kPa,EPS2 P1 Quartz Gauge Correction Pressure,Clean
Baker Hughes Inteq,ABDC7M,g/cm3,Azimuthal Bulk Density - Compensated - Sector 7 - Memory,Clean
Schlumberger,RADIUS_CORR_C,ft,"Borehole Radius, Pad C, compensated for pad pressure",Clean
Schlumberger,CSBD,kohm.m,RAB Resistivity Shallow Button Down,Clean
Halliburton Logging,VMA3,mV,Differental Voltage Average Magnitude - Pad 3,Clean
BP,BP_RPM_TOTAL_DEP,rpm,Dep - RPM - Total,Clean
Baker Hughes Inteq,aRSHLTAM,cgr,Azimuthal Resistivity - Target Direction - 2 MHz - Long Spaced - Memory,Mnemonic case error
Halliburton Logging,LSPDLOWER,m/h,Line Speed Lower Pads,Clean
Baker Hughes Inteq,RMZGG2,mT,Raw Z-axis magnetometer shifted to GXPL,Clean
Schlumberger,FPO3,in,MRFC 3 Piston Offset,Clean
Schlumberger,FSH_AZIM_ERR,dega,Fast shear azimuth error,Clean
Halliburton Logging,AMNA,uV,Audio Average of Minimum values,Clean
Baker Hughes Intq,FING69,ft,Finger 69 readings,Service-company spelling error
Baker Hughes Intq,PO6B3,Euc,Third BVI accumulated partial porosity sum,Service-company spelling error
Baker Hughes Intq,MT_BVIX,%,Bulk Volume Irreducible - Surface Derived - Real-time,Service-company spelling error
Schlumberger,TH69,in,Thickness 69,Clean
Baker Hughes Inteq,M4CX,kS/m,"HDIL 4-foot resolution matched curve, 120-inch DOI",Clean
Baker Atlas,trxst01,s,x-axis dipole multiplex waveform start time,Clean
Halliburton Logging,SVOL,bbl,Sample Volume,Clean
Baker Hughes Inteq,RDN3,MHz,Raw data count rate (3rd tool),Clean
Baker Hughes Inteq,BP01P,μHz,Peak band pass filter 200-600 Hz passband,Unicode micro prefix in unit
Schlumberger,TRPM_RT,rpm,"Turbine RPM, Real-Time",Clean
Schlumberger,QL05,L,Liquid Flowrate Channel 05,Mnemonic-unit semantic mismatch
Schlumberger,BPRESS_RAW,bar,Phase B Formation Pressure Raw,Clean
Baker Hughes Inteq,SFACB,µs,"Surface pick 1st arrival time, CBL spacing",Unicode micro prefix in unit
Baker Hughes Inteq,SRA076M,ohm.cm,Electrical Image - Sector 76 - Memory,Clean
Baker Hughes Inteq,RMYGOD,uT,Raw Y-axis magnetometer,Clean
Halliburton Logging,OMI2,ohm.cm,OMI Button Array Pad 2,Clean
Baker Hughes Inteq,RAXGGT,Gal,Raw X-axis accelerometer shifted to GTI,Clean
Schlumberger,DSF_CUTTINGS_DIAMETER,µm,Size of the Cuttings,Unicode micro prefix in unit
Schlumberger,APRESA_EU,bar,TMT Pressure Amplified (Engineering Units converted),Clean
Baker Hughes Inteq,R06,m,Multi-arm_data - Feeler 6 radius,Clean
Schlumberger,SIGR,in2,Recomputed Sigma,Clean
Halliburton Logging,DP1MeasRate,ft³/d,DP1 Pretest Measured Rate,Unicode power notation in unit
Schlumberger,"  P06DEV",dega,Hole Deviation [06],Mnemonic boundary whitespace
Schlumberger,BVEL,ft/min,Block Velocity,Clean
Baker Hughes Inteq,ETGT,s,Delta elapsed time from GTI,Clean
Schlumberger,VCEL_AVG,m/h,Averaged Cable Velocity,Mnemonic typographical error
Halliburton Logging,STNR,us,Near Skip Time before Sample Time,Clean
Baker Hughes Inteq,CEMC,dega,Calibrated cement map,Clean
Schlumberger,FIN_DTCO_RT,h/km,"Finalized Delta-T Compressional, Real-Time",Clean
Baker Hughes Inteq,NBVIBZMINM,mgn,Near Bit Axial Vibration Minimum - Memory,Clean
Halliburton Logging,"HorizRes84k29	",ohm.m,"Horizontal Resistivity 84k 29""",Mnemonic boundary whitespace
BP,BP_GAS_C1,ppm,Methane (C1),Clean
Pason,MUD_10_SEC_GEL_STR,bar,10 Sec Gel Strength,Clean
Baker Hughes Inteq,RADIUS05M,in,Acoustic Caliper - Radius - Sector 5 - Memory,Clean
BP,BP_MUD_MFI_P1,L/min,Flow Rate - Pump 1,Clean
Baker Hughes Inteq,"ST2815LA	",in,2815LA fluid density depth reference,Mnemonic boundary whitespace
Schlumberger,CID_FSI,m,Casing Inner Diameter,Clean
Halliburton Logging,36kRH80,kohm.m,36k Rh 80 inch for the MCIV1D,Clean
Schlumberger,RSCN_02,MHz,"Near Effective Capture Count Rate, pass 02",Clean
Schlumberger,S2AT,ms,Detector 2 Spectrum Accumulation Time,Clean
Halliburton Logging,MrilEFreq,Hz,Frequency of frequency sweep,Clean
Halliburton Logging,THDD,m,CAST Transducer Head Diameter,Clean
Schlumberger,PDEV,dega,Hole Deviation,Clean
Baker Atlas,CFOC,mS/m,focused log conductivity,Clean
Baker Hughes Inteq,RAXGOD,gn,Raw X-axis accelerometer in MG from orientation tool,Clean
Baker Hughes Inteq,RAZGEI,Gal,Raw Z-axis accelerometer in MG from EI tool,Clean
Schlumberger,OVEL_SL,m/h,Computed Oil Velocity - Station Log,Clean
Baker Hughes Inteq,EPSSSE,F/m,"Synthetic permittivity, short xmtrs, real time",Clean
Baker Hughes Inteq,RADCEN,m,Centroid centered radii,Clean
Schlumberger,RADIUS_F,in,"Tool-Centered Borehole Radius, Pad F",Clean
Schlumberger,NMST,degF,Magnetometer Temperature,Clean
Schlumberger,ACTX,K,X Accelerometer Temperature,Clean
Halliburton Logging,60kSK17,cgr,60k Strike 17 inch for the MCIV1D,Clean
Halliburton Logging,BHCR84K29ZY,mS/m,Bore Hole Correction R84K 29In Z Trans/ Y Recv,Clean
Baker Hughes Inteq,RBIT4W,in,Bit radius 4,Clean
Schlumberger,RT_INVER,ohm.m,Inverted True Formation Resistivity Rt,Clean
Schlumberger,BHPRU_IDFR,N/m²,IDFR Uncalibrated Borehole Pressure,Unicode power notation in unit
Schlumberger,ANR1PO,rad,Angle of Pumps Off Peak from DTPO_1 for Receiver Tadpole,Clean
Baker Hughes Inteq,RACH,ohm.m,Resistivity Attenuation Compensated Borehole Corrected Long 2MHz,Clean
Halliburton Logging,TSET,s,Set Time,Clean
BP,BP_PMP_SPM_RATE_P4,kHz,Stroke Rate - Pump 4,Clean
Halliburton Logging,DP0PtVolume,m3,DP0 Pretest Volume,Clean
Schlumberger,PAQDT3,K,MRPA 3 Quartzdyne Gauge Sensor Pressure,Clean
Schlumberger,oIUPC,cgr,"Injected Current Upper Phase, Pad C",Mnemonic case error
Halliburton Logging,MAX_AVG_RES,ohm.cm,Maximum Average Resistivity,Clean
BP,BP_RHOBA_DEP_4,kg/m3,Dep - Bulk Density - Azimuthal - Sector4,Clean
Schlumberger,H_SH2_SIG,m,Uncertainty of Shallow Zone Outer Ramp Invasion Thickness,Clean
Baker Hughes Inteq,TENWS,lbf,Differential tension referenced to WGI pad 1 (2nd tool),Clean
Schlumberger,CMR_DIFFUSION_COEF,Hz,CMR Diffusion Coefficient,Mnemonic-unit semantic mismatch
Halliburton Logging,EP3P2Temp,degF,EP3P2 Probe Temperature,Clean
Schlumberger,REF_DPTR,cgr,Reference Structural Dip Angle,Clean
Schlumberger,GD_GTF,rad,Gyro Data Gyro Tool Face,Clean
Schlumberger,DCAV,in,"Density Caliper, Average",Clean
Schlumberger,H3PV,m3,Hydraulic Pump Volume Output,Clean
Baker Hughes Intq,MLR2,ohm.m,RTeX shallow resistivity 2,Service-company spelling error
Schlumberger,MSL1_DL,ms,MRMS 1 Slew Rate,Clean
Schlumberger,CSER,S/x,SFL Enhanced Resolution Conductivity (Unaveraged),Unit-symbol typographical error
Baker Hughes Inteq,TVDC,Hz,"True vertical depth, Sentinel packer",Mnemonic-unit semantic mismatch
Halliburton Logging,EP3Percent,ppm,EP3 Pretest Percent,Clean
Schlumberger,WTMID,mV,RST WFL Time Bin Middle-Point Relative To T=0,Mnemonic-unit semantic mismatch
Schlumberger,DPAA27_LB_1DT,cgr,3D Induction 1D Inversion Apparent Dip Azimuth Ref. Top Of Hole Lower Bound from 27 inch Array,Clean
Baker Hughes Inteq,"  RDESI",kohm.m,Resistivity short xmtrs inner rcvrs all frequencies,Mnemonic boundary whitespace
Halliburton Logging,BHCR60K80XX,KS/m,Bore Hole Correction R60K 80In X Trans/ X Recv,Unit-symbol case error
Schlumberger,lNLU,MHz,"Neutron Long Spacing Late Count Rate, Up",Mnemonic case error
Halliburton Logging,TCCR1,kHz,Total Counts,Clean
Schlumberger,BIT_TIME,s,Time this depth drilled,Clean
Schlumberger,DPTR_ZD4_CURVEDISPLAY,rad,3D Induction Group 4 Zero-D Inversion True Dip Magnitude (continuous curve display),Clean
Schlumberger,M12V_PVS2_SL,V,PVS2 -12 Volt Supply Voltage,Clean
Schlumberger,SOIPRES_SFT2,N/m²,MRSF 2 SOI Pressure,Unicode power notation in unit
Schlumberger,OBREA,ohm.m,Buttons Resistivities Equalized Pad A,Clean
Halliburton Logging,MXDT,s,Max Drawdown Time,Clean
Schlumberger,AE60,kohm.m,Array Induction Resistivity Environmentally Compensated Log Processing AE60,Clean
Baker Hughes Inteq,IPL1,kHz,Inelastic spectrum using large windows (near detector),Clean
Halliburton Logging,STEM,K,Sonde Temperature,Clean
Baker Hughes Inteq,MTGMPHSCX,rad,Geometric Mean of Total Porosity - Real-time,Mnemonic-unit semantic mismatch
Baker Hughes Inteq,SIC1,MHz,Silicon in capture spectrum (near detector),Clean
Baker Hughes Inteq,FLR48,mT,FLR_48,Clean
BP,BP_CMT_DI_AVG,μg/cm3,Density In - Cement,Unicode micro prefix in unit
Baker Hughes Inteq,SFT22,Hz,Long space spectrum count rate 100-140 keV (2nd tool),Clean
Baker Hughes Inteq,CCSA,in2,Cement cross-sectional area,Clean
Baker Hughes Inteq,FL52,mT,FL CHANNEL 52,Clean
Baker Hughes Inteq,SRA17X,ohm.cm,Electrical Image - Sector 17 - Real-time,Clean
Schlumberger,GDIM_AFA,uV,AFA Gas Detector Source Intensity Monitor Data,Clean
Baker Hughes Inteq,CHV,V,Cablehead voltage,Clean
Halliburton Logging,ST_ALT_Time,ms,Pick Time,Clean
Halliburton Logging,TET2,us,Inter Echo Time 2,Clean
Schlumberger,CXDT,KS/m,Theoretical (Reconstructed) CXDC,Unit-symbol case error
Baker Hughes Inteq,R09,ft,Multi-arm_data - Feeler 9 radius,Clean
Schlumberger,CAS_LCSV_PH,rad,Casing Step Lower Casing Segment Voltage Complex Phase,Clean
Schlumberger,PAQDP4,bar,MRPA 4 Quartzdyne Gauge Sensor Raw Pressure,Clean
Baker Hughes Inteq,SH1MO,rad,"Calibrated and oriented cement map, Shear SH1",Clean
Baker Atlas,HST6,ms,monopole multiplex waveform start time,Clean
Pason,MUD_TEMP_IN,K,tgs Mud Temperature In,Clean
Baker Hughes Inteq,FING65,m,Finger 65 readings,Clean
Baker Hughes Inteq,BP03P,Hz,Peak band pass filter 1000-2000 Hz passband,Clean
Baker Hughes Inteq,TTF4,ms,"Traveltime subcycle 0, T1R4",Clean
Baker Hughes Inteq,APH5AS,ard,Pad 5 frequency A average phase over pad buttons (2nd),Unit-symbol typographical error
Schlumberger,RV54_ML_L_1DF,ohm.cm,3D Induction 1D Inversion Vertical Filtered Resistivity Mid Likelihood Lower Bound from 54 inch Array,Clean
Schlumberger,GHBM,MHz,GHOST Bubble Count Rate Average,Clean
Schlumberger,DCLM_SH4,m2/s,Logarithmic Mean of DC Distribution for Shell 4,Clean
Halliburton Logging,LMP_Shear_Freq,Hz,Pick Frequency 2,Clean
Schlumberger,IFRE,Hz,Induction Calibrated Frequency,Clean
Halliburton Logging,LMP_Comp_Freq,MHz,Pick Frequency,Clean
Schlumberger,SWXO_ADT,ppm,Invaded Zone Water Saturation,Clean
Halliburton Logging,ATT4,Bd/ft,Attenuation in segment4,Unit-symbol typographical error
Halliburton Logging,XDP_ST_DT,ms,Sonic Delta-T,Clean
Schlumberger,CP_CP,psi,Confining Pressure vs. Confining Pressure,Clean
Schlumberger,CE_TTM8,ms,Sonic Transit Time Array 8 for Cement Evaluation,Clean
Baker Hughes Inteq,ZR4BCR,Gohm,"Pad 4, frequency B button equalization",Clean
Schlumberger,RWXO_ADT_SIG,ohm.cm,Uncertainty on Invaded Zone Water Resistivity,Clean
Halliburton Logging,ST_ALT_UM_Slowness_Peaks,s,Slowness Peaks,Clean
Baker Hughes Inteq,PPOR1,%,Partial porosity distribution from 1st process,Clean
Halliburton Logging,DP1Compress,1/kPa,DP1 Compresibility,Clean
Halliburton Logging,MP_Comp_Time,s,Pick Time,Clean
Baker Hughes Inteq,SRA110M,kohm.m,Electrical Image - Sector 110 - Memory,Clean
Baker Hughes Inteq,NTDEP,in,Depth curve for MR time data,Clean
Halliburton Logging,EPS QTempStabP1,deltaF/h,EPS Quartz Temperature Stability Probe 1,Clean
Baker Hughes Inteq,P6BTN,kohm.m,Packed pad 6 block (buttons 1-24),Clean
Baker Hughes Inteq,TNST14,us,Monopole multiplexed waveform start time,Clean
Halliburton Logging,5VD,V,Plus 5 Volts Digital,Clean
BP,BP_PITVOL_SETTLE,m3,Tank Volume - Settling,Clean
Halliburton Logging,DP0P1QPress,abr,DP0P1 Quartz Probe Pressure,Unit-symbol typographical error
Halliburton Logging,FPRE,kPa,Formation Presssure,Clean
Baker Hughes Inteq,CHADW,ft,Characteristic caliper diameter,Clean
Schlumberger,WATQC_FSI,L/min,Surface Computed Water Flowrate for FSI (after Spinner Calibration),Clean
Baker Hughes Inteq,E15V,V,Plus 15V,Clean
Schlumberger,RVZ2,V,Z Potential Difference in Step 2,Clean
Schlumberger,RODTEMP_PQ1DL,degC,MRPQ 1 DV-Rod Temperature,Clean
Schlumbergr,T1LM_SF2,us,Logarithmic Mean of Special Fluid 2 T1 Distribution,Service-company spelling error
Halliburton Logging,EP2P1QPress,bar,EP2P1 Quartz Probe Pressure,Clean
Halliburton Logging,HMR1,ohm.cm,Medium Resistivity 1 Ft,Clean
Schlumberger,QRP,bar,CQG Raw Pressure,Clean
Halliburton Logging,TrueDip36k50,m3,"True Formation Dip 36k 50""",Mnemonic-unit semantic mismatch
Halliburton Logging,TMPF,K,Upper Feedpipe Temperature Calculated,Clean
Halliburton Logging,RVHRes12k17,kohm.m,"Vertical Restivity 17"" / Horizontal Restivity 17"" 12k",Clean
Schlumberger,SHNUL_MH,h/km,Upper Limit of Shear Slowness Trend - Monopole High,Clean
Baker Hughes Inteq,APH1A,cgr,Pad 1 frequency A average phase over pad buttons,Clean
Schlumberger,MXSL_RT,h/km,"Maximum Labeling Slowness Real-time, Compressional",Clean
Baker Hughes Inteq,SRA106M,ohm.cm,Electrical Image - Sector 106 - Memory,Clean
Schlumberger,RZI03B,mA,"Uncalibrated A0 Current 3B, in phase",Clean
Schlumberger,NFDD_SL,Hz,Near Detector Count Rate - Station Log,Clean
Halliburton Logging,LMP_ALT_ST_DT,s,Sonic Delta-T,Clean
Schlumberger,AH4X,kS/m,AIT-H Quad Array #4 Conductivity,Clean
Schlumberger,ESD_MAX,g/cm3,Maximum Equivalent Static Density,Clean
Halliburton Logging,RUML,kohm.m,Resistivity frm diff phase&ampl RXU&RXLM receivers TXL working,Clean
Halliburton Logging,VertRes12k50,ohm.cm,"Vertical Resistivity 12k 50""",Clean
Schlumberger,CAS_VINJ_PH,rad,Casing Step Injection Voltage Complex Phase,Clean
Halliburton Logging,84kSK50,rad,84k Strike 50 inch for the MCIV1D,Clean
Baker Hughes Inteq,"QT2P	",bar,"Tic mark for drawdown pressure every psi, sample sensor",Mnemonic boundary whitespace
Schlumberger,hTNT,s,APS High Resolution Array Detectors Time Distribution Acquisition Time,Mnemonic case error
Baker Hughes Inteq,minr,ft,Min_Remain,Clean
Baker Hughes Inteq,FDDR,kg/m3,Raw fluid density,Clean
Halliburton Logging,ENDS,bbl/d,Near Detector Telemetry Counts EVR,Mnemonic-unit semantic mismatch
Baker Hughes Inteq,TYYSP01,s,Four-comp. dipole XX multiplexed sample period,Clean
Halliburton Logging,LM_ALT_Slowness_Peaks,us,Slowness Peaks,Clean
Halliburton Logging,BHCR84K17YZ,mS/m,Bore Hole Correction R84K 17In Y Trans/ Z Recv,Clean
Pason,P1_RATE_JBOX,Hz,Pump 1 Rate JBox,Clean
Halliburton Logging,TFGT,µHz,Far Gross Decay Curve,Unicode micro prefix in unit
Schlumberger,ASF30,kohm.m,Array Induction Four Foot Resistivity A30,Clean
Baker Hughes Inteq,DOG2,in,Depth offset of GXPL from orientation tool,Clean
Schlumberger,AT_DTR3_F1,B,FFrequency 1 Transverse Spacing 3 Attenuation,Clean
BP,BP_PRESS_DH,psi,Pressure - Downhole - Annulus,Clean
Baker Hughes Inteq,ETNM,us,Delta elapsed time from MR,Clean
Schlumberger,SUUR,Euc,User Defined Saturation in Undisturbed Zone,Clean
Baker Hughes Inteq,FLC62,mT,FLC_62,Clean
Halliburton Logging,BHCR12K80XX,mS/m,Bore Hole Correction R12K 80In X Trans/ X Recv,Clean
Schlumberger,ISTA,us,Sonic Time of Acquisition,Clean
Schlumberger,DFB8,kHz,2nd DEFT Bubble Count Probe 4,Clean
Baker Hughes Inteq,DECSB,kPa,Pressure less than 1.0,Clean
Baker Hughes Inteq,TXYSP08,ms,XY-axis multiplexed sample period,Clean
Schlumberger,TT2S,us,Transit Time 2 Secondary,Clean
Schlumberger,RA11,m,Calibrated Radius 11,Clean
Schlumberger,AT1F,kohm.m,CDR Attenuation Resistivity 1 ft Resolution (QRO),Clean
Schlumberger,SRIFR2,m3/d,MRSR 2 Interval Pumpout Flowrate,Clean
Baker Hughes Inteq,ETW,us,Delta elapsed time from WGI,Clean
Halliburton Logging,"  YX_ALT_FHA",V,Pre Firing Voltage,Mnemonic boundary whitespace
Baker Hughes Inteq,RXOEST,ohm.m,Flushed zone resistivity estimate,Clean
Schlumberger,SBX2,%,Bound Water Saturation from External SWB Source #2,Clean
Schlumberger,RH54_ML_L_1DF,kohm.m,3D Induction 1D Inversion Horizontal Filtered Resistivity Mid Likelihood Lower Bound from 54 inch Array,Clean
Schlumberger,p13SPIN,rad/s,Spinner Rotational Velocity [13],Mnemonic case error
Schlumberger,FSH_AZIM_ERRMIN,rad,Fast Shear Azimuth Uncertainty Error Minimum,Clean
Baker Hughes Inteq,RAYGCB,gn,Raw Y-axis accelerometer shifted to CBIL,Clean
Schlumberger,TT1M,us,Transit Time 1 (Module),Clean
Pason,WATER_OUT,L/min,Water Out,Clean
Schlumberger,FDHV,mV,Far Detector Measured High Voltage,Clean
Baker Hughes Inteq,RACHM,ohm.m,Resistivity - Attenuation - Corrected - 2 MHz - Memory,Clean
Baker Hughes Inteq,MBVMA3,bbl,Third T2 bulk volume moveable,Clean
Baker Hughes Inteq,PTSO,s/m,"Prop. time, outer rcrvs, short xmtrs, all freq.",Clean
Schlumberger,AGT1,dB,Automatic Gain for Transducer 1,Clean
Schlumberger,GDDC_LFA3_DL,V,LFA3 Gas Detector Dark Calibration Data (Depth Logging),Clean
Halliburton Logging,EP0P2QPressCor,bar,EP0P2 Quartz Probe Pressure Corrected,Clean
Schlumberger,SRD3,ft,Synthetic Radius 3,Clean
Halliburton Logging,AZIDIP12k29,dega,"Borehole Dip Azimuth 12k 29""",Clean
Schlumberger,JHP,psi,MJET Intensifier Pressure,Clean
Schlumberger,BRS2,kPa,MRPS 2 Raw Strain Gauge Pressure,Clean
Baker Atlas,trmst05,us,monopole multiplex waveform start time,Clean
Schlumberger,IDU,ppm,Image Derived Volumetric Photoelectric Factor,Clean
Pason,GATMT,degF,GA Trap Motor Temp,Clean
Baker Hughes Intq,ARTAS,ohm.m,Frequency A average of array of pad average resistivities,Service-company spelling error
BP,BP_GAS_ADV_CO2_DEP,Euc,Dep - Carbon Dioxyde (CO2) - Advanced service,Clean
Baker Hughes Inteq,FRQRA,Hz,Frequency A ratio between two tool instances,Clean
Halliburton Logging,VM23,V,Differental Voltage Measurement 2 Magnitude - Pad 3,Clean
Baker Hughes Inteq,ODX,m,Outside diameter of tubing in X direction,Clean
Schlumberger,DPTR54_UB_1D_DISPLAY,dega,3D Induction 1D Inversion True Dip Magnitude Upper Bound from 54 inch Array (modified to display tadpoles less frequently),Clean
Schlumberger,TLV,VG,Measurement of Downhole +5V Bus,Unit-symbol typographical error
Schlumberger,TT7_ML,us,Transit Time Monopole Lower Transmitter Firing #7,Clean
Baker Hughes Inteq,MXR4A,ohm.m,Pad 4 frequency A maximum button resistivity,Clean
BP,BP_PRESS_SHOE_MPD,psi,Pressure - Shoe - Computed (MPD),Clean
Schlumberger,TT10_MF,us,Transit Time Monopole Far Transmitter Firing #10,Clean
Schlumberger,PAQP4_DL,kPa,MRPA 4 Quartz Gauge Pressure,Clean
Schlumberger,AS6X,mS/m,AIT-S Quad Array #6 Conductivity,Clean
Baker Hughes Inteq,RTM,ohm.m,MultiLaterolog inversion true resistivity,Clean
Baker Hughes Inteq,BP02,mV,Band pass filter 600-1000 Hz passband,Clean
Baker Hughes Inteq,SPUP4,Hz,Spinner up revolutions per second,Clean
Baker Hughes Inteq,ZDBH2,in,Borehole size used in borehole correction (2nd tool),Clean
Baker Hughes Inteq,FGPN,ms,Fixed gate pick for CBL near transmitter,Clean
Halliburton Logging,PD0P1TVD,in,DP0P1 TVD Depth Probe,Mnemonic typographical error
Schlumberger,TISH_90X​,us,Shear Integrated Transit Time for Dipole 90 Degree Transmitter Custom Frequency Firing,Mnemonic boundary invisible character
Baker Hughes Inteq,CP3C,V,"500 Hz row 3 spacing c differential delta module, sine",Clean
Schlumberger,COND_DLG3_F0,mS/m,Frequency 0 Differential Longitudinal Spacing 3 Conductivity,Clean
Schlumberger,GHB1_SL,kHz,GHOST Bubble Count Rate Probe 1 - Station Log,Clean
Schlumberger,DPAP_LB_ZD2,gcr,3D Induction Group 2 Zero-D Inversion Apparent Dip Magnitude Lower Bound,Unit-symbol typographical error
BP,BP_PITVOL_DEGAS,L,Tank Volume - Degasser,Clean
Schlumberger,T2LM_DFG_UHR,ms,Logarithmic Mean of Gas T2 Distribution (Diffusion Free) for Upper High-Resolution Antenna,Clean
Halliburton Logging,EP0P2PressStab,MPa/h,EP0P2 Pressure Stability Probe,Clean
Schlumberger,S2F,rpm,Spinner 2 Filtered,Clean
Baker Hughes Inteq,RAZDST,Gal,Differential Z-axis accelerometer shifted to STAR,Clean
Halliburton Logging,HorizRes60k17,ohm.cm,"Horizontal Resistivity 60k 17""",Clean
Schlumberger,DPTR_ZD5_CURVEDISPLAY,rad,3D Induction Group 5 Zero-D Inversion True Dip Magnitude (continuous curve display),Clean
Baker Hughes Inteq,RAXGW,mgn,Raw X-axis accelerometer shifted to WGI,Clean
Baker Atlas,ST21,s,waveform start time,Clean
Pason,FORMATIONDENSITY_LAGCALC,m,Formation Density Lag Cal,Clean
Schlumberger,RV54_1DF,kohm.m,3D Induction 1D Inversion Vertical Filtered Resistivity from 54 inch Array,Clean
Halliburton Logging,ST_ALT_FHA,uV,Pre Firing Voltage,Clean
Schlumberger,T2L4_SH1,us,T2 Logarithmic Mean of Bin 4 for Shell 1,Clean
Schlumberger,DTEXR,h/km,"Delta-T Shear, Receiver Array - Expert mode",Clean
Baker Hughes Inteq,ET88,µs,Elapsed time from PBUS crossover,Unicode micro prefix in unit
Baker Hughes Inteq,AQAZ3X⁠,rad,X-axis to Y-axis reference pad azimuth change for 3DeX,Mnemonic boundary invisible character
Schlumberger,MAXP,psi,Maximum Pressure.,Clean
Schlumberger,GD_HAZI,rad,Gyro Data Hole Azimuth,Clean
Halliburton Logging,DVM3,V,Diff Voltage Min Pad 3,Clean
Schlumberger,R2IM_HI,ohm.m,Static Medium Button Resistivity Image High Resolution,Clean
Schlumberger,TPTVOL,m3,Total Pretest Volume,Clean
Schlumberger,"  T2LM_UHR",us,T2 Logarithmic Mean for Upper High-Resolution Antenna,Mnemonic boundary whitespace
Schlumberger,FIAX​,A,Axial Current F,Mnemonic boundary invisible character
Baker Hughes Inteq,FLC68,uT,FLC_68,Clean
Baker Hughes Inteq,QS5P,kPa,"Tic mark for drawdown pres. every thousand psi, perimetral",Clean
Halliburton Logging,EP3P1Temp,K,EP3P1 Probe Temperature,Clean
Baker Hughes Inteq,ABDC11M,g/cm3,Azimuthal Bulk Density - Compensated - Sector 11 - Memory,Clean
BP,bP_PITVOL_RES7,bbl,Tank Volume - Reserve 7,Mnemonic case error
Schlumberger,VRAM_RX1_F1_E,uV,"Voltage Return Amplitude RX1, Frequency 1, Pad E",Clean
Halliburton Logging,AVOD,in,Average casing OD,Clean
Schlumberger,HRF6,kHz,HiRes Far Count Rate From Gate 06,Clean
Schlumberger,SRMH,bar,MRSR Memorized Hydrostatic Pressure,Clean
Halliburton Logging,OMI3,ohm.cm,OMI Button Array Pad 3,Clean
Schlumberger,DHAP_LWR,psi,"Downhole Annulus Pressure, Lower",Clean
Halliburton Logging,BCD4,ohm.cm,Borehole Corrections D4,Clean
Baker Hughes Inteq,MLR4S,ohm.cm,Synthetic MultiLaterolog resistivity 4,Clean
Schlumberger,SRTV2,K,MRSR 2 Strain Gauge Temperature,Clean
Schlumberger,IRMI,kS/m,Induction Real Medium Plus In-Phase Calib,Clean
Halliburton Logging,CID5,ft,Inner Casing Diameter 5,Clean
Schlumberger,CR10,in,Corrected Radius 10,Clean
Baker Hughes Inteq,FLC83,Ngauss,FLC_83,Unit-symbol case error
Baker Hughes Inteq,TMROMN,us,Time remaining minimum outside flask,Clean
Baker Hughes Inteq,SRA013M,kohm.m,Electrical Image - Sector 13 - Memory,Clean
Halliburton Logging,TrueAzimuth12k29,rad,"True Dip Azimuth 12k 29""",Clean
Baker Hughes Inteq,SRA098M,ohm.cm,Electrical Image - Sector 98 - Memory,Clean
Schlumberger,SPC,V,Baseline Shifted Spontaneous Potential,Clean
Schlumberger,C11_TIV,psi,Elastic Constant C11 referred to TI Axis in TIV Formation,Clean
Schlumberger,GHB8_SL,MHz,GHOST Bubble Count Rate Probe 8 - Station Log,Clean
Baker Hughes Inteq,DT24AN,h/km,Slowness from correlation near array,Clean
Pason,RES2_AT_BIT,kohm.m,Res2 At Bit,Clean
Baker Hughes Inteq,"HCDC1	",uA,DC power supply 1 current,Mnemonic boundary whitespace
Baker Hughes Inteq,FLC41,uT,FLC_41,Clean
Halliburton Logging,HorizRes72k50,ohm.cm,"Horizontal Resistivity 72k 50""",Clean
Halliburton Logging,BHCR36K17ZY,kS/m,Bore Hole Correction R36K 17In Z Trans/ Y Recv,Clean
Schlumberger,DTSH_MUX,h/km,Shear Slowness from Monopole Upper Transmitter Custom Frequency Firing Monopole Component,Clean
Baker Hughes Inteq,MI,uA,Motor Current,Clean
Schlumberger,SIBH_TDTL,in2,Sigma Borehole Corrected (TDT-like),Clean
Baker Hughes Inteq,BPDH,L,Barrels per day apparent from RPM Hydrolog,Clean
Schlumberger,AH3R,S/m,AIT-H Real Array #3 Conductivity,Clean
Schlumberger,RADIUS_CORR_B,m,"Borehole Radius, Pad B, compensated for pad pressure",Clean
Halliburton Logging,FPKC,MHz,Far Peak Calibrated,Clean
Halliburton Logging,HBCR72K17YZ,S/m,Bore Hole Correction R72K 17In Y Trans/ Z Recv,Mnemonic typographical error
Baker Hughes Inteq,BCSA,in2,Borehole cross-sectional area,Clean
Baker Hughes Inteq,FLR26,T,FLR_26,Clean
Halliburton Logging,EP2P2QPress,kPa,EP2P2 Quartz Probe Pressure,Clean
Schlumberger,BSM2_RAW,mA,Raw Shallow Button Current from Transmitter 2,Clean
Schlumberger,FLD0AVG,v,Fluorescence Channel 0 Average,Unit-symbol case error
Baker Hughes Inteq,AMD6F5,mV,Raw data amplitude T6 frequency 5 (in dB/V),Clean
Baker Hughes Inteq,DIS39,uT,DIS CHANNEL 39,Clean
Pason,GA_HEAT_TRACE_TEMP,degC,GA Heat Trace Temp,Clean
Schlumberger,HPGP_TL,bar,HP Gauge Pressure,Clean
Baker Hughes Inteq,PTLI,h/km,"Prop. time, inner rcvrs, long xmtrs, all freq.",Clean
Baker Hughes Inteq,V614,m/h,"Velocity from 250 Hz, row 6, sensors 1 and 4",Clean
Schlumberger,RVK2,uV,K Potential Difference in Step 2,Clean
Schlumberger,ACCE,mgn,Tool Acceleration,Clean
Schlumberger,"MTEP_QMB	",degC,Quartzdyne Manometer Temperature,Mnemonic boundary whitespace
Schlumberger,TFARL,µHz,"Thermal Neutron Far Count Rates, Left",Unicode micro prefix in unit
Halliburton Logging,ST_ALT_UFM_Hole_Size,ft,Measured Hole Diameter,Clean
Halliburton Logging,CDIA,in,Calculated Diameter,Clean
Baker Atlas,crgdr,mS/m,enhanced processing real deep conductivity,Clean
Baker Hughes Inteq,ECCEN90,ft,Eccentricity_Arm90,Clean
Schlumberger,DT0P,h/km,Delta-T Compressional - P & S Mode (SDT),Clean
Schlumbergr,FBEF_11,mA,"Far Effective Beam Current, pass 11",Service-company spelling error
Schlumberger,RP10H,ohm.m,Real-Time 10 inch spacing phase shift resistivity,Clean
Schlumberger,RES_BX4,ohm.m²/m,"Resistivity eXtra Deep, Octant 4",Unicode power notation in unit
Schlumbergr,AZTR_G,rad,3D Induction Grimaldi True Azimuth,Service-company spelling error
Baker Hughes Inteq,ZR6AES,ohm,"Second tool Pad 6, frequency A button equalization",Clean
Pason,METHANE_C1,ppm,chr Methane C1,Clean
Schlumberger,DTP3_RT,Ns/m,Peak 3 Delta-T for Receiver Array,Unit-symbol case error
Schlumberger,PQ2TV_DL,degF,MRPQ 2 Strain Gauge Temperature,Clean
Baker Hughes Intq,TPRA2,%,Structured 2nd total porosity (CBW + T2 bin array),Service-company spelling error
Schlumberger,TDIF_L5,us,Arrival time difference between fast and slow shear waves for level 5,Clean
Schlumberger,DFMX4,mV,Electrical Probe 4 Maximum Voltage,Clean
Schlumberger,DPAZ39_LB_1D,dega,3D Induction 1D Inversion True Dip Azimuth Lower Bound from 39 inch Array,Clean
Baker Atlas,RL2,kohm.m,Lateral resistivity curve from F78,Clean
Baker Hughes Inteq,BHTA,V,Reflectance peak volts,Clean
Baker Hughes Inteq,RWAZC2,kohm.m,Apparent formation water resistivity (corrected) (2nd tool),Clean
Baker Hughes Inteq,MLRU2,kohm.m,"RTeX shallow resistivity 2, unfiltered",Clean
Baker Hughes Inteq,MUR5,ohm.cm,"Unfocused resistivity, subarray 5",Clean
Schlumberger,ROMT_DH_ADN_RT,kg/m3,"Maximum Density, Real-Time Computed Downhole",Clean
Baker Hughes Inteq,SBVMA2,%,Second T2 bulk volume moveable from SBVI calculation,Clean
Baker Hughes Inteq,CXS,kHz,Extra long space capture count rate channels 10-99,Clean
Baker Hughes Inteq,DMAXS,ft,Maximum caliper diameter,Clean
Baker Hughes Inteq,ATTH,s,Time Since Drilled from MPR Attenuation 2MHz,Clean
Baker Hughes Inteq,APH1B,cgr,Pad 1 frequency B average phase over pad buttons,Clean
Halliburton Logging,TVD EPS1 Depth Probe 1,ft,TVD EPS1 Depth Probe 1,Clean
Schlumberger,AVRROP,us,Average Rate Of Penetration,Mnemonic-unit semantic mismatch
BP,BP_CUMVOL_MUDPUMP1,blb,Volume Pumped (Cum) - Mud Pump 1,Unit-symbol typographical error
Schlumberger,SPFV1,m/h,Fluid Velocity at Spinner 1,Clean
Schlumberger,SOITEMP_IFA1,degF,IFA 1 SOI Temperature,Clean
Baker Hughes Inteq,NOMTHK,μm,Nom_Thick,Unicode micro prefix in unit
Baker Hughes Inteq,SRA31X,ohm.cm,Electrical Image - Sector 31 - Real-time,Clean
Baker Hughes Inteq,RDN2,Hz,Raw data count rate (2nd tool),Clean
Halliburton Logging,UM_Slowness_Peaks,ms,Slowness Peaks,Clean
BP,BP_RES_BIT_DEP,ohm.m,Dep - Resistivity - At/Near Bit,Clean
Pason,GA_TRAP_CONNECTOR_TEMP,degC,GA Trap Connector Temp,Clean
Schlumberger,UR06,m,Uncalibrated Radius 6,Clean
Halliburton Logging,RVHRes72k29,us,"Vertical Restivity 29"" / Horizontal Restivity 29"" 72k",Mnemonic-unit semantic mismatch
Schlumberger,SURFACE_PRESSURE_DROP,psi,Computed surface equipment pressure drop (WITS channel PLSU),Clean
Schlumberger,RV27_ML_U_1DF,ohm.m²/m,3D Induction 1D Inversion Vertical Filtered Resistivity Mid Likelihood Upper Bound from 27 inch Array,Unicode power notation in unit
Schlumberger,KN3,Hz,Near Gate 3 of TDTK,Clean
Schlumberger,UNDX,s,Waveform Delay Maximum Near Sensor,Clean
Baker Hughes Inteq,AZGFCB,ft/s²,Filtered Z-axis accelerometer shifted to CBIL,Unicode power notation in unit
BP,BP_ECD_SHOE_MPD,blm/ft3,ECD - Shoe - Computed (MPD),Unit-symbol typographical error
Halliburton Logging,XX_ALT_FHB,mV,Post Firing Voltage,Clean
Halliburton Logging,CASETHINK6,ft,Casing Thickness 6,Clean
Baker Hughes Inteq,EPSZLE⁠,uF/m,"Permittivity of water from ADEX, long xmtrs, real time",Mnemonic boundary invisible character
Schlumberger,"  IR32",ft,Internal Radius 32,Mnemonic boundary whitespace
Schlumberger,EST4,degC,Temperature 4,Clean
Schlumberger,SFLOPRES,psi,Secondary Flowline Pressure,Clean
Schlumberger,SPARE_PRES,psi,Spare pressure measurement,Clean
Baker Hughes Inteq,TFST03,s,Monopole multiplexed waveform start time,Clean
Baker Hughes Inteq,FLR9,mT,FLR_9,Clean
Baker Hughes Inteq,BHTT7,us,Reflectance traveltime,Clean
Halliburton Logging,TrueDip12k17,dega,"True Formation Dip 12k 17""",Clean
Schlumberger,NER2U,Hz,"Neutron Near Tube 2 Count Rate, Up",Clean
Schlumberger,COND_XD_F3_SIG,kS/m,Uncertainty on Frequency 3 Deep Zone Conductivity,Clean
Schlumberger,CMDV,uV,Coring Motor Downhole Voltage,Clean
Schlumberger,SGCU,MHz,Scintillation Gamma-Ray Cartridge Detector Count Rate,Clean
Schlumberger,UTMM,s,Waveform Acquisition Time (Fluid Properties Measurement),Clean
Schlumberger,HDAP_BUF_MAN,kPa,"Buffered Annulus Pressure, Retrieved Manually",Mnemonic typographical error
Halliburton Logging,RFPR,psi,Resistivity Derived used Fluid Pressure,Clean
Halliburton Logging,EP3MeasRate,m3/h,EP3 Pretest Measured Rate,Clean
Baker Hughes Inteq,DOGT,ft,Depth offset of GTI from orientation tool,Clean
Schlumberger,kWTR,mD,Permeability to Water,Mnemonic case error
Baker Hughes Inteq,ZR5BCR,Eohm,"Pad 5, frequency B button equalization",Clean
Baker Hughes Inteq,DIS9,mT,DIS CHANNEL 9,Clean
Halliburton Logging,ST_UFM_Time_Peaks,ms,Time Peaks,Clean
Halliburton Logging,TrueAzimuth84k29,rad,"True Dip Azimuth 84k 29""",Clean
Schlumberger,ECL3,ft,EMS CALIPER-3,Clean
Halliburton Logging,AMP_LMP,mV,CBL Pipe Amplitude,Clean
Halliburton Logging,HBCR72K29XZ,S/m,Bore Hole Correction R72K 29In X Trans/ Z Recv,Mnemonic typographical error
Baker Hughes Inteq,DTSTR,ms/m,"Stoneley wave slowness, receiver",Clean
Halliburton Logging,FGTM,ms,Accumulation time for first gates,Clean
Baker Hughes Inteq,DP4B,kohm.m,Pad 4 frequency B average of two center button resistivities,Clean
BP,BP_INC_RT_DEP,dega,Dep - Inclination - MWD Continuous,Clean
Halliburton Logging,EP1P1Depth,μm,EP1P1 Depth Probe,Unicode micro prefix in unit
Halliburton Logging,EPS1P1TEMP,degC,EPS1 P1 Quartz Gauge Temperature,Clean
Schlumberger,OILQ_FSI,m3/h,Oil Surface Computed Flowrate,Clean
Pason,CHOKE_POS,ppm,Choke Position,Clean
Schlumberger,LOTMAXP_DH_ECO_RT,N/mm²,"Leak Off Test, Maximum Pressure of 4 Cycles, Real-Time, Computed Downhole",Unicode power notation in unit
Baker Hughes Inteq,SRA60X,ohm.m,Electrical Image - Sector 60 - Real-time,Clean
Schlumberger,SIGE_INCP,m2,Sigma Matrix from Elements from Inelastic-Capture Processing,Clean
Halliburton Logging,CASETHINK5,in,Casing Thickness 5,Clean
Pason,INCLIN,dega,Inclination,Clean
Baker Hughes Inteq,ABDC6X,g/cm3,Azimuthal Bulk Density - Compensated - Sector 6 - Real-time,Clean
Schlumberger,DTMUD,ms/m,The computed mud slowness,Clean
Schlumberger,OZA_2,Eohm,Injection Impedance Pad A,Clean
Halliburton Logging,ATMFXD,dB/ft,Mud fixed attenuation (ma0),Clean
Schlumberger,CPRR3,kohm.m,MDCP 3 Raw Flowline Resistivity,Clean
Schlumberger,FCOUAZ,gn,Fast Channel (High Resolution) Acceleration on Z Axis Offset Uncorrected,Clean
Baker Hughes Inteq,RPAH,Nohm.mil2/ft,Resistivity Phase Diff Compensated Apparent Long 2MHz,Unit-symbol case error
Schlumberger,DPTR21_1D,Cgr,3D Induction 1D Inversion True Dip Magnitude from 21 inch Array,Unit-symbol case error
Schlumberger,SSW,MHz,Calibrated Count Rate (Array) of Gamma Rays from Short Spacing Device,Clean
Halliburton Logging,TVD EPS Depth Probe 1,ft,TVD EPS Depth Probe 1,Clean
Baker Hughes Inteq,XZAR,mS/m,"Apparent conductivity unique frequency, real, XZ",Clean
Halliburton Logging,ST_ALT_FM_FHA,V,Pre Firing Voltage,Clean
Baker Hughes Inteq,OPRZCDL2,%,Corrected porosity for dolomite matrix (2nd tool),Mnemonic typographical error
Halliburton Logging,12kRV80,ohm.m,12k Rv 80 inch for the MCIV1D,Clean
Schlumberger,T2LM_DFM_SH4,ms,Logarithmic Mean of Oil-Based Mud Filtrate T2 Distribution (Diffusion Free) for Shell 4,Clean
Baker Hughes Inteq,RACL,ohm.cm,Resistivity Attenuation Compensated Borehole Corrected Long 400kHz,Clean
Baker Hughes Inteq,FPPT,s,User input predicted pipe time (far),Clean
Baker Hughes Inteq,RACDSL,ohm.cm,"Resistivity Attenuation Compensated Borehole, Dielectric and Inversion Corrected Short 400kHz",Clean
Halliburton Logging,CN24,mS/m,HRI Deep Conductivity 24 Inch 2Ft.,Clean
Schlumberger,ATCA_B_SL,K,Array Induction Array Temperature Calibrated Backup Station Log,Clean
Baker Hughes Inteq,DIS88,T,DIS CHANNEL 88,Clean
Schlumberger,TVDE,in,True Vertical Depth,Clean
Halliburton Logging,NDDR,m3/h,Next Suggested Drawdown Rate,Clean
Baker Hughes Inteq,NPCSX,ppm,Neutron Porosity - Caliper Corrected - Sandstone - Real-time,Clean
Schlumberger,TH61,m,Thickness 61,Clean
Baker Hughes Inteq,SRA093M,kohm.m,Electrical Image - Sector 93 - Memory,Clean
Baker Hughes Inteq,SFCBNW,ms,"Surface pick 1st arrival time, near CBL spacing (copy)",Clean
Schlumberger,P3P,rad,Pad 3 Low Frequency Phase,Clean
Halliburton Logging,EP3PtVolume,m³,EP3 Pretest Volume,Unicode power notation in unit
Halliburton Logging,BHCR72K50YX,mS/m,Bore Hole Correction R72K 50In Y Trans/ X Recv,Clean
Baker Hughes Inteq,BPUD3,uV,User input band pass filter 3,Clean
Schlumberger,QGD,L/min,Downhole Gas Flowrate,Clean
Halliburton Logging,21kSK80,cgr,12k Strike 80 inch for the MCIV1D,Mnemonic typographical error
Schlumberger,PKDT_MFL,ms/m,Peak Slowness for Slowness-Time Coherence for Monopole Far Transmitter Low Frequency Firing Monopole Component,Clean
Schlumberger,DTSH_MH_TA,ms/m,"Shear Slowness - Monopole High, Transmitter Array",Clean
Schlumberger,JRPB2,ft,MJET Raw Leg OD at Potentiometer B2,Clean
Halliburton Logging,MXC1,F,Maximum capacitance 1,Clean
Halliburton Logging,AZIDIP72k29,rad,"Borehole Dip Azimuth 72k 29""",Clean
Halliburton Logging,MOIR,ohm.m,OMI Resistivity Image data,Mnemonic typographical error
Schlumberger,H2B4,UHz,APS High Resolution Array-2 Detector Neutron Burst-Off Background Window 4 Count Rate,Unit-symbol case error
Baker Hughes Inteq,FLR92,mT,FLR_92,Clean
Schlumberger,T2L5_SH3,us,T2 Logarithmic Mean of Bin 5 for Shell 3,Clean
Baker Hughes Inteq,OVAL.,ft,Ovality,Clean
Schlumberger,FPSP,rev/s,Time Filtered Packer Spinner,Clean
Schlumberger,SIWA,m2,Sigma Water Apparent,Clean
Schlumberger,R1IM_TOH_RT,ohm.cm,"Shallow Button Resistivity Image (Oriented), Real-Time",Clean
Halliburton Logging,ST_DT,ms,Sonic Delta-T,Clean
Schlumberger,VRAM_F1_A,V,"Voltage Return, Amplitude, Frequency 1, Pad A",Clean
Schlumberger,GTPE,ms,Gradiomanometer Temperature Period,Clean
Halliburton Logging,EP2P2SpherMob,mD/cP,EP2P2 Spherical Mobility,Clean
Pason,TGS_REF_VOLT,mV,tgs Reference Voltage,Clean
Halliburton Logging,NDSN,kHz,Near Detector Telemetry Counts,Clean
Baker Hughes Inteq,V3BC,m/s,"Velocity from 500 Hz, row 3, sensors b and c",Clean
Schlumberger,RCOX,ohm,Contact Resistance X,Clean
BP,BP_PMP_CMT_SPM_RATE_P2,Hz,Stroke Rate - Cement Pump #2,Clean
Schlumberger,IURB,A,"Upper electrode Injected Current InPhase, Pad B",Clean
Baker Hughes Inteq,CDELO,kS/m,Conductivity long xmtrs outer rcvrs all frequencies,Clean
Baker Hughes Inteq,T13F,ms,Time remaining until max temperature for inside flask sensor,Clean
Halliburton Logging,IAMP,degC,Accelerometer Temperature,Clean
Halliburton Logging,QG0T,degF,Quartz Gauge0 Temperature,Clean
Schlumberger,OCR,m,Nominal Outside Casing Radius,Clean
Halliburton Logging,XDP_ALT_XY2_DT,s,Sonic Delta-T Reflected Shear,Clean
Schlumberger,FPGU,Pa/m,Upper Sensor Fracture Pressure Gradient,Clean
Halliburton Logging,"AMPS5﻿",V,Az5 Pipe Amplitude,Mnemonic boundary invisible character
Pason,CIRC_HOURS,us,Circulating Hours,Clean
Schlumberger,FAR2,Hz,Neutron Far Tube 2 Average Count Rate,Clean
BP,BP_MUD_MFI_P4,L/min,Flow Rate - Pump 4,Clean
Baker Hughes Inteq,PO8A4,pmp,Fourth T2 accumulated partial porosity sum,Unit-symbol typographical error
Baker Hughes Inteq,GRRTM,µs,"Time Since Drilled from RNT Gamma Ray, Memory",Unicode micro prefix in unit
Schlumberger,T2L7_SH3,ms,T2 Logarithmic Mean of Bin 7 for Shell 3,Clean
Schlumberger,DDMOBREFPRU,psi,Drawdown Mobility Reference Pressure from User,Clean
Schlumberger,CRB3,dega,CSAT-3 Relative Bearing,Clean
Baker Hughes Inteq,HYPP2,kPa,"Hydraulic pressure target, 2nd tank",Clean
Schlumberger,TTL4,su,Transit Time High Resolution Long Spacing 4,Unit-symbol typographical error
Schlumberger,CSIG,m2,Corrected Total Cross Section,Clean
Baker Hughes Inteq,BCVO,m3,Borehole cumulative volume,Clean
Baker Hughes Inteq,RAC,kohm.m,Resistivity Attenuation Borehole Corrected,Clean
Baker Hughes Inteq,ETIN,ms,Elapsed time between samples.,Clean
Schlumberger,DPAP_ZD6,rad,3D Induction Group 6 Zero-D Inversion Apparent Dip Magnitude,Clean
Pason,TRAP_TEMP,degC,tgs Trap Temperature,Clean
Halliburton Logging,UMP_Shear_Time,us,Pick Time Reflected Shear,Clean
Schlumberger,RES_BS_INVERTED,ohm.cm,RAB: Inverted Shallow Button Resistivity,Clean
Baker Hughes Inteq,SRA006M,ohm.m²/m,Electrical Image - Sector 6 - Memory,Unicode power notation in unit
Schlumberger,VRPH_RX2_F2_C,cgr,"Voltage Return Phase RX2, Frequency 2, Pad C",Clean
Schlumberger,BRR1,ohm.m²/m,MRPS 1 Raw Flowline Resistivity,Unicode power notation in unit
Baker Hughes Inteq,SPNMO,dega,Calibrated and oriented spinner map,Clean
Halliburton Logging,DP1P2TempStab,deltaF/h,DP1P2 Temperature Probe Stability,Clean
Halliburton Logging,TrueDipAzi,cgr,True Dip Azimuth Average,Clean
Baker Hughes Inteq,FMTRA,MHz,Averaged flowmeter,Clean
Halliburton Logging,EP0MeasVolume,bbl,EP0 Pretest Measured Volume,Clean
Schlumberger,HVMM_PVS1,V,PVS1 Metering Hall Probe Voltage - MAIN,Clean
Baker Hughes Inteq,PTSI,h/km,"Prop. time, inner rcvrs, short xmtrs, all freq.",Clean
Baker Hughes Inteq,SRA103M​,ohm.m,Electrical Image - Sector 103 - Memory,Mnemonic boundary invisible character
Baker Hughes Inteq,P5OBI,ohm.cm,Packed pad 5 block,Clean
Halliburton Logging,FMP_ST_DT,s,Sonic Delta-T,Clean
Baker Hughes Inteq,FLC94,uT,FLC_94,Clean
Baker Hughes Inteq,RAYGGX,Gal,Raw Y-axis accelerometer shifted to GXPL,Clean
Pason,ROTARY_TARGET,rev/s,Rotary Rpm Target,Clean
Schlumberger,MPR,bar,Mud Pressure,Clean
Pason,TGS_C3,ppm,tgs C3 Gas Percentage,Clean
Baker Hughes Inteq,AGNYY3,dB,Acoustic averaged receiver gain,Clean
Baker Hughes Inteq,RACVH,ohm.cm,Resistivity Attenuation Compensated Borehole and Inversion Corrected Long 2MHz,Clean
Schlumberger,DPAZ21_UB_1DF,cgr,3D Induction 1D Inversion Filtered True Dip Azimuth Upper Bound from 21 inch Array,Clean
Schlumberger,LSWS,Hz,Long Spacing Windows,Clean
Halliburton Logging,BHCR12K10ZZ,kS/m,Bore Hole Correction R12K 10In Z Trans/ Z Recv,Clean
BP,BP_MUD_MFI_P2,L/min,Flow Rate - Pump 2,Clean
Baker Hughes Inteq,"  ANGSGT",cgr,Tool-to-centroid angle subset 1,Mnemonic boundary whitespace
Halliburton Logging,PLXU,ard,HFDT Insite Phase of Lower Receiver TXUon TXLoff,Unit-symbol typographical error
Schlumberger,SEG_ROS_IM,lbm/ft3,"Short Spacing Bulk Density Image, 0.1 ft, 16-Sector",Clean
Baker Hughes Inteq,TYYSP08,us,Four-comp. dipole XX multiplexed sample period,Clean
Schlumberger,IR49,m,Internal Radius 49,Clean
Baker Hughes Inteq,RREF,μV,Reference voltage,Unicode micro prefix in unit
Schlumberger,T1BK,in,Internal Radius Metal Loss,Clean
Baker Hughes Inteq,VREL23,m/s,Flow velocity between detectors 2 and 3,Mnemonic typographical error
Baker Hughes Inteq,RAXGG2,Gal,Raw X-axis accelerometer shifted to GXPL,Clean
Baker Hughes Inteq,SRA079M,ohm.cm,Electrical Image - Sector 79 - Memory,Clean
Baker Hughes Inteq,SBVM,ppm,Bulk volume moveable from SBVI calculation,Clean
Schlumberger,SDSF_P1F,Hz,"Short Density Window 3 Standard Deviation, 0.1 ft, Fast(10Hz)",Clean
Schlumberger,NDVPRE_06,kN/m²,Normalized Derivative Pressure Transient 06,Unicode power notation in unit
Halliburton Logging,RES_CONT_DATA,Euc,Resistivity Contamination Data,Clean
Pason,CEMENT_SLURRY_RATE,m3/d,Cement Slurry Rate,Clean
Schlumberger,CT_FN_DR,ms,Phase C Final Drawdown Pressure Time Stamp,Clean
Baker Hughes Inteq,PORDDL2,ppm,Porosity for dolomite matrix (2nd tool),Clean
Baker Hughes Inteq,APH6B,dega,Pad 6 frequency B average phase over pad buttons,Clean
Schlumberger,WF8D,m,Waveform 8 Depth,Clean
Baker Hughes Inteq,WFALP2,Euc,Weight fraction of aluminum derived from thorium in dry rock,Clean
Schlumberger,PC_FOR_PRES,kPa,Pressure Controller Formation Pressure,Clean
Baker Hughes Inteq,SRA18X,kohm.m,Electrical Image - Sector 18 - Real-time,Clean
Halliburton Logging,P4B1,ohm.cm,Pad 4 Resistivity,Clean
Schlumberger,REU,ppm,Recomputed Volumetric Photoelectric Factor,Clean
Schlumberger,LLTH,MHz,Long Spacing LITH Raw Window Count Rate,Clean
Schlumbergr,RZVTQ,mV,"Uncalibrated Torpedo Voltage 1, quadrature",Service-company spelling error
Schlumberger,GVEL_FSI,ft/min,Computed Gas Velocity from FSI,Clean
Schlumberger,STOV,MHz,Short Spacing Total Overflows,Clean
Baker Hughes Inteq,APH2B,rad,Pad 2 frequency B average phase over pad buttons,Clean
Baker Hughes Inteq,DCMVS,μV,DC motor voltage,Unicode micro prefix in unit
BP,BP_GAS_C5_ISO_DEP,ppm,Dep - Iso-Pentane (IC5),Clean
Pason,R1D,ohm.m,Resistivity 1 Depth,Mnemonic-unit semantic mismatch
Schlumberger,P09TGR,deltaC/m,PLQL Temperature Gradient [09],Clean
Schlumberger,SCL3,ft,EMS Synthetic CALIPER 3,Clean
Schlumberger,CCHMS3,rev/s,MDCC 3 Hydraulic Motor Speed,Clean
Schlumberger,SWXO_ADT_SIG,Euc,Uncertainty on Invaded Zone Water Saturation,Clean
Schlumberger,BP_DELTA,kPa,Phase B Delta Pressure Measurement,Clean
Schlumberger,GHBF4_FSI_SL,Hz,Filtered (Sliding Window) Bubble Count Rate Optical Probe 4 - Station Log,Clean
Halliburton Logging,MIN_AVG_RHO,μg/cm3,Minimum Average,Unicode micro prefix in unit
Halliburton Logging,EP2P1Temp,K,EP2P1 Probe Temperature,Clean
Schlumberger,"  TEMP_PVS1_SL",K,PVS1 Temperature,Mnemonic boundary whitespace
BP,BP_RHOBA_DEP_2,g/cm3,Dep - Bulk Density - Azimuthal - Sector2,Clean
Schlumberger,BACK_SL,MHz,Background - Near Gates,Clean
Schlumberger,"  SXGAS_UHR",ppm,Gas Saturation in Flushed Zone for Upper High-Resolution Antenna,Mnemonic boundary whitespace
Halliburton Logging,QUD1,ohm.cm,Quality D1,Clean
Schlumberger,R2X,uA,"Raw Ring Current from Transmitter 2, Out Of Phase",Clean
Baker Hughes Inteq,ADSA1M,lbm/ft3,Azimuthal Density - Short Space - Apparent - Sector 1 - Memory,Clean
Baker Hughes Inteq,RAYXE,mgn,Raw Y-axis accelerometer shifted to XMAC-F1,Clean
Baker Hughes Inteq,TXXST,ms,4-component dipole XX multiplexed waveform start time,Clean
Halliburton Logging,RO90,kohm.m,90in Resistivity 1ft Res,Clean
Halliburton Logging,LMP_ALT_Shear_Time,us,Pick Time Reflected Shear,Clean
Baker Hughes Inteq,FL80,mT,FL CHANNEL 80,Clean
BP,PB_LAGTIME,ms,LagTime,Mnemonic typographical error
Schlumberger,A6LR,S/m,"AIT-B Low Frequency, Real Array #6 Conductivity",Clean
Schlumberger,DVPRE_05,kPa,Derivative Pressure Transient 05,Clean
Halliburton Logging,LMP_ALT_PL_DT,mx,Sonic Delta-T Reflected Shear,Unit-symbol typographical error
Schlumberger,cR69,ft,Corrected Radius 69,Mnemonic case error
Halliburton Logging,XPAD5,mS/m,XRMI Pad 5 values,Clean
Schlumberger,HSIBH,μm2,HiRes Sigma Borehole Corrected,Unicode micro prefix in unit
Baker Hughes Inteq,FLOWOUT,m3/d,Mud Flow Out- Average,Clean
Schlumberger,SBHN,m2,Sigma Borehole Near Detector,Clean
Halliburton Logging,FR2,kohm.m,RESISTIVITY 12 CM,Clean
Schlumberger,CVEL_CFS,m/h,Cable Velocity memorized at CFS spinner measure point,Clean
Halliburton Logging,SGTM,ms,Accumulation time for Second Gates,Clean
Schlumberger,AZ_G,dega,3D Induction Grimaldi Azimuth,Clean
Schlumberger,TSTR,kPa,Tensile Strength,Clean
Baker Hughes Inteq,DAZW,dega,Deviation azimuth for WGI,Clean
Baker Hughes Inteq,GE2L,MHz,Long space early gate 2 count rate,Clean
Schlumberger,HLS,kHz,High Resolution Long Spacing Countrate,Clean
Halliburton Logging,UMP_PL_DT,s,Sonic Delta-T Reflected Shear,Clean
Schlumberger,GRTB,s,"GammaRay, Quadrant Acquisition Time, Bottom",Clean
Baker Hughes Inteq,RAASH,kohm.m,Resistivity Attenuation Compensated Apparent Short 2MHz,Clean
Schlumberger,ERS_BM_DN_RAW_RT,ohm.m,"Raw Medium Button Resistivity, Down",Mnemonic typographical error
Schlumberger,P34B_COND_UNC,mS/m,Uncorrected Blended Phase-Shift Conductivity 34 inch,Clean
Schlumberger,CALI_FSI,m/h,Calibrated Caliper,Mnemonic-unit semantic mismatch
Halliburton Logging,CM4,uV,Common Mode Pad 4,Clean
Schlumbergr,SMTT,us,Smoothed Mud Transit Time,Service-company spelling error
Schlumberger,WCAR,ppm,Weight Percent Of Carbonate,Clean
Baker Hughes Inteq,MBVIB3,Euc,Third BVI bulk volume irreducible,Clean
Baker Hughes Inteq,PTVRS,m3,Pumped volume,Clean
Baker Hughes Inteq,QDDPR2,N/m3,Differential pressure from Quartzdyne (second tool instance),Clean
Schlumberger,ECDL,kg/m3,Lower Sensor Equivalent Circulating Density,Clean
Halliburton Logging,VM62,uV,Differental Voltage Measurement 6 Magnitude - Pad 2,Clean
Schlumberger,JRB,dega,MJET Relative Bearing,Clean
Schlumberger,PSN,cgr,Phase Shift Near,Clean
Schlumberger,RR06,ohm.cm,"Resistivity, Azimuth 6",Clean
Baker Hughes Inteq,SII1,kHz,Silicon in inelastic spectrum (near detector),Clean
Numar MRI Logging,MVR2,ohm.cm,Medium resistivity from conventional logs,Clean
Schlumberger,SFTQDT_DL,K,MRSF Quartzdyne Gauge Sensor Temperature (Depth Logging),Clean
Halliburton Logging,FMP_Shear_DT,us,Sonic Delta-T Reflected Shear,Clean
Halliburton Logging,FMP_ALT_Shear_Time,ms,Pick Time Reflected Shear,Clean
Schlumberger,GHMX4_FSI_SL,ft,Optical Probe 4 Maximum Voltage - Station Log,Mnemonic-unit semantic mismatch
Schlumberger,CR77,ft,Corrected Radius 77,Clean
Baker Hughes Inteq,TP55V,uV,"Transmitter voltage, +55V",Clean
Schlumberger,AHYD_CGA3,kg/m3,CGA3 Apparent Hydrocarbon Density,Clean
Halliburton Logging,VM52,mV,Differental Voltage Measurement 5 Magnitude - Pad 2,Clean
Schlumberger,P10CVL,m/s,Cable Velocity [10],Clean
Schlumberger,PAIVO,bbl,MRPA Interval Volume,Clean
Schlumberger,LNEA_FILT,Hz,"Filtered Neutron Long Spacing Early Count Rate, Average",Clean
Schlumberger,PKDT_A00C,S/ft,Peak Slowness for Slowness-Time Coherence for Fast Shear Azimuth Chirp Firing,Unit-symbol case error
Baker Hughes Inteq,TNSP01K,ms,Monopole multiplexed sample period,Clean
Schlumberger,TRIVFIREF39,S/m,3D Induction 39 Inch Array Vertical Fracture Indicator Reference,Clean
Schlumberger,SS3SMSF_DL,Hz,MRSS 3 MRSM SG Pressure Frequency,Clean
BP,BP_BIT_DIST,L,Distance from the Bit to the Bottom,Clean
Baker Hughes Inteq,DMINS,ft,Minimum caliper diameter,Clean
Schlumberger,RES_BS7,ohm.cm,"Resistivity Shallow, Octant 7",Clean
Baker Hughes Inteq,SATDEV,rad,Deviation from SAT tool,Clean
Halliburton Logging,WL2V,mV,Wire Line 2 Voltage,Clean
Schlumberger,A16H_COND,S/m,"Attenuation Conductivity 16 inch Spacing at 2 MHz, Environmentally Corrected",Clean
Halliburton Logging,STX1,kPa,Strain Gauge 1 no Offset,Clean
Baker Hughes Inteq,FLR31,T,FLR_31,Clean
Schlumberger,RX_CORR_C,nohm.mm²/m,"Corrected Resistivities, Pad C",Unicode power notation in unit
Baker Hughes Inteq,QANM,Gal,Magnitude of accelerometer vector for MR services,Clean
Schlumberger,TICO9_MH,s,Compressional Integrated Transit Time for Receiver 9 - Monopole High,Clean
Schlumberger,DPAP39_1D_CURVEDISPLAY,dega,3D Induction 1D Inversion Apparent Dip Magnitude from 39 inch Array (continuous curve display),Clean
Halliburton Logging,UM_FHB,mV,Post Firing Voltage,Clean
Halliburton Logging,XX_Delta-T,ms,XX Sonic Delta-T,Clean
Schlumberger,RP03,mA,"Uncalibrated Current, Azimuth 3, 0 degree",Clean
Schlumberger,IDRO,lbm/ft3,Image Derived Density,Clean
Schlumberger,TRIDPD54_1D,cgr,3D Induction 1D Inversion Dip Magnitude Standard Deviation from 54 inch Array,Clean
Schlumberger,BHSTR2,degC,MRPS 2 H2S Sensor Temperature,Clean
Schlumberger,AT_DTE1_F2_HR_SIG,B,Uncertainty of High Resolution Frequency 2Transverse Electric Attenuation,Clean
Schlumberger,rES_BS_IMG_T1,ohm.cm,T1 Shallow Button Resistivity Image,Mnemonic case error
Halliburton Logging,BHCR12K50YX,mm,Bore Hole Correction R12K 50In Y Trans/ X Recv,Mnemonic-unit semantic mismatch
Schlumberger,BSF2,μHz,MRPS 2 Strain Gauge Frequency,Unicode micro prefix in unit
Halliburton Logging,SCH1,kS/m,Skin Effect Conductivity D1,Clean
Schlumbergr,TTSH_90X,ms,Shear Peak Time from Dipole 90 Degree Transmitter Custom Frequency Firing 90 Degree Component,Service-company spelling error
Baker Hughes Inteq,DeltaPres,psi,Delta Pressure - Memory,Clean
Schlumberger,POPR_DL,psi,MRPO Raw Hydraulic Pressure,Clean
Baker Hughes Inteq,NBVIBXYRMSM,Gal,Near Bit Lateral Vibration Average - Memory,Clean
Halliburton Logging,ATTF,dB/m,Free Pipe Attenuation,Clean
Halliburton Logging,MLP_ST_Freq,Hz,Pick Frequency,Mnemonic typographical error
Schlumberger,SRVP_5_0_YD_R,ms/m,Shear Radial Variation Profile at 5.0 Inch Radial Depth from Borehole Surface for YD Waveform Receiver Array,Clean
BP,BP_GAS_ADV_C4_NORM,ppm,Normal-Butane (nC4) - Advanced service,Clean
Baker Hughes Inteq,FLR88,mT,FLR_88,Clean
Schlumberger,PFTEMP,degC,SCTT Primary Formation Temperature,Clean
Schlumberger,RODRTEMP_IFA1_DL,edgR,IFA 1 DV-Rod Raw Temperature,Unit-symbol typographical error
Pason,ADBKP,µm,AutoDriller Brake Pos,Unicode micro prefix in unit
Schlumbergr,T1R4,ms,"STC Peak Time, Receiver Array - Monopole P&S",Service-company spelling error
Halliburton Logging,UFMP_PL_Freq,kHz,Pick Frequency 2,Clean
Schlumberger,LLHS,ohm.cm,High Resolution Laterolog Shallow Resistivity,Clean
Baker Hughes Inteq,DTRN,ms/m,Slowness from receiver array near transmitter,Clean
Schlumberger,PT_DHP1_FORM_PRESS,bar,Pretest Formation Pressure from MDT Horizontal Probe 1 Strain Gauge (DHP1),Clean
Halliburton Logging,AZIDIP60k29,rad,"Borehole Dip Azimuth 60k 29""",Clean
Pason,SRATE,m3/h,Cement Slurry Rate,Clean
Pason,MUD_FLUID_LOSS,L,Fluid Loss,Clean
Baker Hughes Inteq,STIME2,s,"Start time, 2nd tool",Clean
Baker Hughes Inteq,EPSSI,uF/m,Rel permittivity short xmtrs inner rcvrs all frequencies,Clean
Schlumberger,QOD_FSI,1/30 Cm3/min,Downhole Computed Oil Flowrate,Unit-symbol case error
Schlumberger,A40P,uV,Analog 40 for PIM,Clean
Schlumberger,TISH_00C,s,Shear Integrated Transit Time for Dipole 00 Degree Transmitter Chirp Firing,Clean
Schlumberger,PDAP72_LB_1D,cgr,3D Induction 1D Inversion Apparent Dip Magnitude Lower Bound from 72 inch Array,Mnemonic typographical error
Baker Hughes Inteq,TYXSP08,su,XY-axis multiplexed sample period,Unit-symbol typographical error
Baker Hughes Inteq,TPRA3,uEc,Structured 3rd total porosity (CBW + T2 bin array),Unit-symbol typographical error
Halliburton Logging,AUMU,dB/m,Wave attenuation based on u/m rcvrs from Upper xmtr.,Clean
Schlumberger,DTSHPO_QPI,h/km,"Shear Slowness, Pumps Off - Quadrupole Inversion",Clean
Baker Hughes Inteq,SPIN1,rad/s,Array spinner output sensor 1,Clean
Baker Hughes Inteq,RAZDCB,gn,Differential Z-axis accelerometer shifted to CBIL,Clean
Baker Hughes Inteq,CSGW,m,Casing size,Clean
Schlumberger,PAQT4_DL,K,MRPA 4 Quartz Gauge Temperature,Clean
Baker Hughes Inteq,SIGZSE,S/m,"Conductivity of water from ADEX short xmtrs, real time",Clean
Schlumberger,PKTI_MFL,m3/h,Peak Time for Slowness-Time Coherence for Monopole Far Transmitter Low Frequency Firing Monopole Component,Mnemonic-unit semantic mismatch
Schlumberger,DPTR_BHC,rad,3D Induction Borehole Correction Derived True Dip Magnitude,Clean
Schlumberger,HCMR_PVS2_SL,uA,PVS2 Main Reservoir Hall Probe Current,Clean
Halliburton Logging,12kDip29,µrad,12k Dip 29 inch for the MCIV1D,Unicode micro prefix in unit
Pason,NRC6⁠,Euc,chr Nor-Hexane NC6,Mnemonic boundary invisible character
Baker Hughes Inteq,pOSI,dega,Powered orientation swivel angular position,Mnemonic case error
Pason,STRINGWEIGHT,N,Stringweight,Clean
Halliburton Logging,XY_ALT_FHA,mV,Pre Firing Voltage,Clean
Schlumberger,DPTR72_LB_1DF_DISPLAY,cgr,3D Induction 1D Inversion Filtered True Dip Magnitude Lower Bound from 72 inch Array (modified to display tadpoles less frequently),Clean
Halliburton Logging,PUMP_HP,W,Pump Horsepower,Clean
Baker Hughes Inteq,DTCRAV,ms/m,Average DTCR over transmitter-receiver spacing,Clean
Schlumberger,FNVO,μV/ft,Normalized Potential Difference F,Unicode micro prefix in unit
Schlumberger,RSP1_SL,rad/s,Raw Spinner 1 Rotational Velocity - Station Log,Clean
Halliburton Logging,BCD1,kohm.m,Borehole Corrections D1,Clean
Halliburton Logging,RVHResist50,ohm.m²/m,"RVH Resistivity 50""",Unicode power notation in unit
Schlumberger,GQTF_PUCS1_SL,kHz,CQG Temperature Frequency,Mnemonic typographical error
Schlumberger,SH4R,m3/d,Stage HP Additive #4 Flowrate,Clean
Baker Hughes Inteq,SPDN5,Hz,Spinner down revolutions per second,Clean
Baker Hughes Inteq,DEVXE,dega,Borehole deviation at acoustic tool reference,Clean
Halliburton Logging,C1DENSITY,g/cm3,Methane ( CH4) density,Clean
Baker Hughes Inteq,RACSHX,ohm.m,Resistivity - Attenuation - Corrected - Short Spaced - 2 MHz - Real-time,Clean
Pason,PGD_RIG_AIR_P,psi,tgs Rig Air Pressure,Clean
Schlumberger,PSRP,kohm.m,Corrected Phase Shift Resistivity for PCAL Hole Size,Clean
Schlumberger,STATUS5T,ms,Status Flag Five Time Stamp,Clean
Baker Hughes Inteq,DLBH,ft,Holesize used in borehole correction,Clean
Baker Hughes Inteq,AZG2⁠,dega,Azimuth of reference pad for GXPL,Mnemonic boundary invisible character
Schlumberger,NM1F,μV,Normalized MAP 1 Amplitude (Fluid Compensated),Unicode micro prefix in unit
Baker Hughes Inteq,OFFEI,rad,"EART orientation, tool body mark offset",Clean
Baker Hughes Inteq,FLR15,mT,FLR_15,Clean
Schlumberger,"  AZI0",rad,Azimuth of Pad Zero,Mnemonic boundary whitespace
Schlumberger,CAS_UCSV_MOD,mV,Casing Step Upper Casing Segment Voltage Complex Module,Clean
Baker Hughes Inteq,FLR49,mT,FLR_49,Clean
Pason,WITS_LAGCALC,ft,Wits Lag Calc,Clean
Schlumberger,UPGM,B,Automatic Gain (Fluid Properties Measurement),Clean
Halliburton Logging,OICL,%,Calculated Oil from ICE Density Components.,Clean
Baker Hughes Inteq,WID3,mV,"Pad 3 average data of buttons 11, 12, 13, 14",Clean
Schlumberger,DPAP54_1D_CURVEDISPLAY,dega,3D Induction 1D Inversion Apparent Dip Magnitude from 54 inch Array (continuous curve display),Clean
Halliburton Logging,XX_Hole_Size,m,Measured Hole Diameter,Clean
Schlumberger,BXUA,ohm.m,eXtra Deep Button Resistivity at User Azimuth,Clean
Baker Hughes Inteq,SRA097M,kohm.m,Electrical Image - Sector 97 - Memory,Clean
Halliburton Logging,TAP6,V,Transmitter A Pad 6 - Used for Calibration,Clean
Halliburton Logging,CT1F,µEuc,Contamination Fit Based On T1Log Mean,Unicode micro prefix in unit
Schlumberger,FPO5,N,CSAT-5 Processed Anchoring Force,Mnemonic typographical error
Halliburton Logging,ITEMP,degF,Instrument Temperature,Clean
Schlumberger,VRPH_RX1_F2_B,cgr,"Voltage Return Phase RX1, Frequency 2, Pad B",Clean
Baker Hughes Inteq,NPCLM,%,Neutron Porosity - Caliper Corrected - Limestone - Memory,Clean
Halliburton Logging,RT60,kohm.m,60 in Radial Resistivity 2ft,Clean
Schlumberger,DPAA21_LB_1DT,dega,3D Induction 1D Inversion Apparent Dip Azimuth Ref. Top Of Hole Lower Bound from 21 inch Array,Clean
Baker Hughes Inteq,MXR1,m,Maximum radius 1,Clean
Baker Hughes Inteq,BHTA7,uV,Reflectance peak volts,Clean
Schlumberger,COND_XD_F1,mS/m,Frequency 1 Deep Zone Conductivity,Clean
Schlumberger,TPWB,ms/m,Time of Propagation of Bound Water,Clean
Halliburton Logging,RVHRes72k80,ohm.cm,"Vertical Restivity 80"" / Horizontal Restivity 80"" 72k",Clean
Baker Hughes Inteq,ES,mV,"Voltage, shallow",Clean
Baker Hughes Inteq,AMD3F4,mV,Raw data amplitude T3 frequency 4 (in dB/V),Clean
BP,BP_MUD_MFI3_MPD,m3/d,Flow In 3  (MPD),Clean
Schlumberger,VRAM_F2_A,mV,"Voltage Return, Amplitude, Frequency 2, Pad A.",Clean
Schlumberger,APRS_CDR_RT,kPa,Real-Time Annulus Pressure,Clean
Schlumberger,RV_HL_UB_ZD6,kohm.m,3D Induction Group 6 Zero-D Inversion Vertical Resistivity High Likelihood Upper Bound,Clean
BP,BP_RHOBA_DEP_6,lbm/ft3,Dep - Bulk Density - Azimuthal - Sector6,Clean
Halliburton Logging,EP0P1HorizMob,mD.in²/(lbf.s),EP0P1 Horizontal Mobility,Unicode power notation in unit
Schlumberger,BCAV,ft,"Best Caliper, Average Diameter",Clean
Baker Hughes Inteq,PDCLS,ppm,Corrected porosity for limestone matrix,Clean
Baker Hughes Inteq,C4DE,s,Dielectric conductivity,Clean
Baker Hughes Inteq,MPHSA2,ppm,Second T2 total porosity,Clean
BP,BP_PITVOL_PO1,m3,Tank Volume - Pop Off Tank 1,Clean
Halliburton Logging,BHCR36K80XZ,KS/m,Bore Hole Correction R36K 80In X Trans/ Z Recv,Unit-symbol case error
Halliburton Logging,dP1P2QPress,kPa,DP1P2 Quartz Probe Pressure,Mnemonic case error
Schlumberger,XV23,V,X Potential Difference In Step 2-3,Mnemonic typographical error
Baker Hughes Inteq,QT6P,psi,"Tic mark for drawdown pressure every 10 K psi, sample sens.",Clean
Halliburton Logging,FM_ALT_Time_Peaks,us,Time Peaks,Clean
Baker Hughes Inteq,PTMS,MHz,Internal probe temperature,Mnemonic-unit semantic mismatch
Schlumberger,PS_DTE1_F1_HR_SIG,cgr,Uncertainty of High Resolution Frequency 1Transverse Electric Phase Shift,Clean
Halliburton Logging,RVHRes84k80,ohm.m,"Vertical Restivity 80"" / Horizontal Restivity 80"" 84k",Clean
Schlumberger,AX_TEMP,K,X-Axis Accelerometer Temperature,Clean
Halliburton Logging,CS6,m,Outer Casing Diameter 6,Clean
BP,BP_PITVOL_TOT,L,Tank Volume - Pit Volumes Total,Clean
Baker Hughes Inteq,CAI1,kHz,Calcium in inelastic spectrum (near detector),Clean
Schlumberger,RES_BS_LF,kohm.m,"Shallow Button Resistivity, Left",Clean
Halliburton Logging,ST_FM_FHB,uV,Post Firing Voltage,Clean
Schlumberger,T1LM_H2O_LHR,s,Logarithmic Mean of Water T1 Distribution for Lower High-Resolution Antenna,Clean
Schlumberger,KAPT,kPa,Auxiliary Pressure Transducer for Kick Detection,Clean
Baker Hughes Inteq,MRTEMP,degF,MIT raw temperature,Clean
Schlumberger,AE20,Ohm.m,Array Induction Resistivity Environmentally Compensated Log Processing AE20,Unit-symbol case error
Schlumberger,RA3S,in,Radius 3 Secondary of Borehole,Clean
Halliburton Logging,ST_ALT_UFM_FHB,mV,Post Firing Voltage,Clean
Schlumberger,RGX_RT,mgn,"Continuous Rotational Gravity X-axis, Real-Time",Clean
Baker Hughes Inteq,B16S,dega,"Phase, 16 Hz, short spacing offset 360 degrees",Clean
Halliburton Logging,LTEMP,K,Long Detector Temperature,Clean
Halliburton Logging,OTHER3DENSITY,kg/m3,Other 3 Density,Clean
Pason,P1_RATE_PVT,MHz,Pump 1 Rate PVT,Clean
Baker Hughes Inteq,ETXE,mx,Delta elapsed time from XMAC-F1,Unit-symbol typographical error
Schlumberger,VRAM_RX1_F2_B,uV,"Voltage Return Amplitude RX1, Frequency 2, Pad B",Clean
Baker Hughes Inteq,MUR0,ohm.m,"Unfocused resistivity, subarray 0",Clean
Baker Hughes Inteq,ZR1ACR,ohm,"Pad 1, frequency A button equalization",Clean
Baker Hughes Inteq,DZNC2,kg/m3,Borehole size/mud weight corrected density (2nd tool),Mnemonic typographical error
Baker Hughes Inteq,TPICK,s,Reference pick to primary pick - Real-time,Clean
Baker Hughes Inteq,PO4A5,%,Fifth T2 accumulated partial porosity sum,Clean
Schlumberger,OIUAB,tA,Injected Current Upper Amplitude Pad B,Unit-symbol case error
Baker Hughes Inteq,ABDCDM,g/cm3,Azimuthal Bulk Density - Compensated - Down Quadrant - Memory,Clean
Baker Hughes Inteq,SRA021M,kohm.m,Electrical Image - Sector 21 - Memory,Clean
Schlumberger,LTB_CURR,s,LTB Current,Mnemonic-unit semantic mismatch
Schlumberger,DPAZ72_LB_1D,dega,3D Induction 1D Inversion True Dip Azimuth Lower Bound from 72 inch Array,Clean
Halliburton Logging,UFMP_Shear_Freq,kHz,Pick Frequency 2,Clean
Baker Hughes Inteq,SRA037M,kohm.m,Electrical Image - Sector 37 - Memory,Clean
Baker Hughes Inteq,CNCDL,Euc,Borehole size corrected dolomite compensated neu porosity,Clean
Baker Hughes Inteq,RAZDG2,Gal,Differential Z-axis accelerometer shifted to GXPL,Clean
Pasn,METHV,mV,tgs Methane Voltage,Service-company spelling error
Baker Hughes Inteq,"  ILS",Hz,Inelastic long space count rate,Mnemonic boundary whitespace
Halliburton Logging,YDP_YY_DT,s,Sonic Delta-T,Clean
Halliburton Logging,RA3C,ohm.cm,Borehole corrected resistivity of the Mode 3,Clean
Halliburton Logging,MFP_ALT_PL_Freq,kHz,Pick Frequency 2,Mnemonic typographical error
Baker Hughes Inteq,DRHM,lbm/ft3,Bulk Density - Delta Rho - Memory,Clean
Schlumbergr,PLUS_10V,mV,+10 Volt Power Supply Voltage,Service-company spelling error
Baker Hughes Inteq,fLR79,uT,FLR_79,Mnemonic case error
Schlumberger,CHF60,mS/m,"AIT-H 4-ft Vertical Response, 60 in. Radial Midpoint Conductivity",Clean
Schlumberger,CPPPO1,m,MDCP 1 Pretest Piston Position Offset,Clean
Schlumberger,CLSF1P,dega,Caliper Long Spacing Frequency 1 Phase,Clean
Schlumberger,ZBAM_F1_C,Eohm,"Impedance of Buttons, Magnitude, Frequency 1, Pad C",Clean
Schlumberger,SRHP2_DL,psi,MRSR 2 Inflate Pressure,Clean
Schlumberger,UTMX,ft,Maximum Radius of Borehole,Clean
Baker Hughes Inteq,ETZ,imn,Delta elapsed time from ZDL,Unit-symbol typographical error
Baker Hughes Inteq,FLR42,T,FLR_42,Clean
Pason,ADRSP,µm/s,AutoDriller ROP SP,Unicode micro prefix in unit
Baker Hughes Inteq,MCST,Hz,MCS spectrum total count rate,Clean
Halliburton Logging,UMP_ALT_Shear_Time,ms,Pick Time Reflected Shear,Clean
Baker Hughes Inteq,TSDP,Pa/h,TPS differential pressure,Clean
Schlumberger,PU1K_TL,Hz,PUCS Clock Frequency,Clean
Pason,GAM,Hz,Gamma,Clean
Schlumberger,HDAR,m,Hole Diameter from Area,Clean
Halliburton Logging,QS0T,degF,SPS Quartz Gauge Temperature,Clean
Baker Hughes Inteq,VELR,ft/min,Velocity apparent from flow meter,Clean
Baker Hughes Inteq,AMAV2,uV,Average amplitude (2nd tool),Clean
Schlumberger,NAZ1,μHz,"Calibrated Neutron Near Tube 1 Count Rates, 8-Sector Waveformm",Unicode micro prefix in unit
Schlumberger,EHD2,in,Enhanced Hole Diameter 2 (ellipse-based algorithm),Clean
Schlumberger,POUDHP_DL,bar,MRPOUD Hydraulic Pressure,Clean
Baker Hughes Inteq,SRA084M,mm,Electrical Image - Sector 84 - Memory,Mnemonic-unit semantic mismatch
Schlumberger,SIGM_ALP,in2,Alpha ProcessedFormation Sigma (Neutron Capture Cross Section),Clean
BP,BP_MUD_MDO_AVG_DEP,blm/ft3,Dep - Density Out - Mud,Unit-symbol typographical error
Schlumberger,PASF4_DL,Hz,MRPA 4 Strain Gauge Frequency,Clean
Baker Hughes Inteq,FL31,uT,FL CHANNEL 31,Clean
Schlumberger,CR30,ft,Corrected Radius 30,Clean
Schlumberger,uSER_LWD_PRESSURE_DROP,bar,User-supplied LWD pressure drop for non-SLB tools,Mnemonic case error
Baker Hughes Inteq,QK3P,psi,Tic mark for drawdown pressure every 10 psi,Clean
Baker Hughes Inteq,SRA4X,ohm.m,Electrical Image - Sector 4 - Real-time,Clean
Schlumberger,PS_DLG3_F3_SIG,rad,Uncertainty of Frequency 3 Longitudinal Spacing 3 Phase Shift,Clean
Schlumberger,SXSF2_SH8,CEuc,Special Fluid 2 Saturation in Flushed Zone for Shell 8,Unit-symbol case error
Schlumberger,A2B2,Hz,APS Array-2 Detector Neutron Burst-Off Background Window 2 Count Rate,Clean
Halliburton Logging,RMLU,ohm.cm,Resistivity frm diff phase&ampl RXM & RXL receivers TXU working,Clean
BP,BP_H2S_MUD,pmp,H2S (Mudlogging),Unit-symbol typographical error
Schlumberger,"  H1PV",bbl,Hydraulic Pump Volume Output,Mnemonic boundary whitespace
Baker Hughes Inteq,PO9A3,Euc,Third T2 accumulated partial porosity sum,Clean
Schlumberger,WCAR_DH_ECO_RT,Euc,"Dry Weight Fraction Carbonate, Real-Time, Computed Downhole (SpectroLith WALK2 Model)",Clean
Schlumberger,RQ01,mA,"Uncalibrated Current, Azimuth 1, 90 degree",Clean
Halliburton Loggig,UFM_FHB,V,Post Firing Voltage,Service-company spelling error
Schlumberger,TTV,L,Total Tank Volume,Clean
Schlumberger,DPTR_LB_ZD3_DISPLAY,rad,3D Induction Group 3 Zero-D Inversion Apparent Dip Magnitude Lower Bound (modified to display tadpoles less frequently),Clean
Schlumberger,SS3B_P1F,HMz,"Raw Short Spacing Window 3 Count Rate, 0.1 ft, Bottom",Unit-symbol typographical error
Baker Hughes Inteq,MURM,ohm.cm,Mud resistivity for RTeX borehole corrections,Clean
Schlumberger,TVT,in,"True Vertical Thickness: Cumulative thickness of an earth layer, measured vertically from one layer boundary to the other, thus eliminating any offset effect due to borehole deviation.",Clean
Schlumberger,RB_PVS2,cgr,PVS2 Relative Bearing,Clean
Baker Hughes Inteq,dTCAR,s/m,"Compressional wave slowness from 4 waveforms, receiver array",Mnemonic case error
Baker Hughes Inteq,FING61,ft,Finger 61 readings,Clean
Halliburton Logging,CID3,in,Inner Casing Diameter 3,Clean
Schlumberger,TTTEX,s,"LABEL Peak Time, Transmitter Array - Expert Mode",Clean
Schlumberger,SP32_CAL,cgr,ARC Calibrated Phase Shift for T3 at 2 MHz,Mnemonic typographical error
Baker Hughes Inteq,P3,ppm,MR partial porosity for bin 3,Clean
Baker Hughes Inteq,PREW,K,Tank accumulator pressure,Mnemonic-unit semantic mismatch
Schlumberger,SGPRESCOR,bar,Strain Gauge Sensor Pressure Correction Applied,Clean
BP,BP_GAS_ADV_C2_IN_DEP,%,Dep - Ethane (C2) IN - Advanced service,Clean
Halliburton Logging,FM_ALT_Slowness_Peaks,ms,Slowness Peaks,Clean
Schlumberger,P15TMP,degF,Fluid Temperature [15],Clean
Schlumberger,PASF2,Hz,MRPA 2 Strain Gauge Frequency,Clean
Baker Hughes Inteq,YDISA,m,"Displacement along y axis, a axis",Clean
Schlumberger,HAUD,hom.cm,12 Raw Deep Resistivities before environmental corrections,Unit-symbol typographical error
Baker Atlas,trmtt11,ms,monopole multiplex first arrival time,Clean
Baker Hughes Inteq,KTHR,Hz,Combined potassium and thorium count rate,Clean
Halliburton Logging,XDP_ALT_XX_Time,us,Pick Time,Clean
Baker Hughes Inteq,RBWSTO,rad,relative bearing of tool 1 to second instace tool 2,Clean
Baker Atlas,RRGM,ohm.m,enhanced processing medium resistivity,Clean
Halliburton Logging,TENSLOWER,kgf,Tension Lower Pads,Clean
Baker Hughes Inteq,MSEC2,S/m,"HDIL skin effect corrected curve, subarray 2",Clean
Baker Hughes Inteq,R04,in,Multi-arm_data - Feeler 4 radius,Clean
Baker Hughes Inteq,CF22,kHz,Center frequency,Clean
Schlumberger,RZAP3B,V,"Uncalibrated 12 AZ Voltages Mode 3B, in phase",Clean
Schlumberger,RES_TRD_UNC,ohm.cm,"Resistivity Toroidal Deep, Uncorrected",Clean
Halliburton Logging,xDP_XX_Time,ms,Pick Time,Mnemonic case error
Halliburton Logging,VM36,V,Differental Voltage Measurement 3 Magnitude - Pad 6,Clean
Baker Hughes Inteq,FING71,ft,Finger 71 readings,Clean
Baker Hughes Inteq,T15FT,ms,Time remaining until max temperature for inside flask sensor,Clean
Baker Hughes Inteq,W1D48A,mV,Pad UPPER 48 Voltage supply,Clean
Schlumberger,TBIO20,ohm.m²/m,Thrubit Induction One Foot Resistivity at 20 inch depth of investigation,Unicode power notation in unit
Halliburton Logging,ST_FM_Slowness_Peaks,us,Slowness Peaks,Clean
Baker Hughes Inteq,fMDN,Hz,Spinner count rate down,Mnemonic case error
Schlumberger,RH54_UB_1DF,ohm.m,3D Induction 1D Inversion Horizontal Filtered Resistivity Upper Bound from 54 inch Array,Clean
Baker Hughes Inteq,SRA046M,ohm.m²/m,Electrical Image - Sector 46 - Memory,Unicode power notation in unit
Baker Hughes Inteq,TPORA2,%,Second total porosity (CBW + T2 bin array),Clean
Halliburton Logging,LMP_PL_DT,s,Sonic Delta-T Reflected Shear,Clean
Baker Hughes Inteq,RMXGOD,uT,Raw X-axis magnetometer,Clean
Baker Hughes Inteq,WY,gn,Y-axis accelerometer,Clean
Baker Hughes Inteq,FLR19,Dgauss,FLR_19,Unit-symbol case error
Halliburton Logging,EP1P1PressStab,Pa/h,EP1P1 Pressure Stability Probe,Clean
Baker Hughes Inteq,CPVDS,bbl,"Accumulative DB pump volume, 2nd instance",Clean
Schlumberger,OILQC_FSI,m3/d,Surface Computed Oil Flowrate for FSI (after Spinner Calibration),Clean
Schlumberger,DFB1_TL,MHz,Bubble Count Probe 1,Clean
Pason,GAMMA_DEPTH,ft,Gamma Depth,Clean
Baker Hughes Intq,TENST,N,Differential tension referenced to STAR pad 1,Service-company spelling error
Baker Hughes Inteq,RACLX,ohm.cm,Resistivity - Attenuation - Corrected - 400 kHz - Real-time,Clean
Halliburton Logging,NPKC,MHz,Near Peak Calibrated,Clean
Baker Hughes Inteq,SRA086M,ohm.cm,Electrical Image - Sector 86 - Memory,Clean
Schlumberger,RLNLL,Hz,"Raw Neutron Long Spacing Late Count Rate, Left",Clean
Schlumberger,TILX_SL,rad,X-axis Tilt,Clean
Schlumberger,RB_SL,dega,Relative Bearing,Clean
Schlumberger,ISPH,rad,Instantaneous Phase,Clean
Schlumberger,T2CUTOFF_ANT1,us,Antenna 1 T2 Cutoff,Clean
Baker Hughes Inteq,RBSAT,rad,Relative bearing from SAT tool,Clean
Schlumberger,DPAP_UB_ZDB,dega,3D Induction Best Zero-D Inversion Apparent Dip Magnitude Upper Bound,Clean
Pason,AD_DIFFPRESS,psi,AutoDriller Diff Press,Clean
Baker Hughes Inteq,YYAR,mS/m,"Apparent conductivity unique frequency, real, YY",Clean
Schlumberger,D2TS_DL,K,MRDP 2 Sink Strain Gauge Temperature,Clean
Baker Hughes Inteq,DAZST,dega,Deviation azimuth for STAR,Clean
Schlumberger,RV_ZD3,ohm.m,3D Induction Group 3 Zero-D Inversion Vertical Resistivity,Clean
Halliburton Logging,ST_ALT_UM_FHB,uV,Post Firing Voltage,Clean
Halliburton Logging,TUMC,us,Travel velocity based on u/m rcvrs from compensated.,Clean
Baker Hughes Inteq,QMXE,cgr,Earth magnetic field inclination at acoustic tool reference,Clean
Schlumberger,RODRHO_PQ3DL,g/cm³,MRPQ 3 DV-Rod Fluid Density,Unicode power notation in unit
Schlumberger,DPTR_ZD5_DISPLAY,rad,3D Induction Group 5 Zero-D Inversion True Dip Magnitude (modified to display tadpoles less frequently),Clean
Schlumberger,TEMPI,degC,Internal Pressure Sensor Temperature,Clean
Schlumberger,"  TOOL_ECC",ft,Tool Eccentering,Mnemonic boundary whitespace
Halliburton Logging,SEU5,ohm.cm,Skin Effect Corrections U5,Clean
Schlumberger,UMA_HILT,Euc,Matrix_Apparent Volumetric Photoelectric Factor of Matrix from HILT Lithology Computation,Clean
Halliburton Logging,60kRH50,kohm.m,60k Rh 50 inch for the MCIV1D,Clean
Baker Hughes Inteq,ETST,us,Delta elapsed time from STAR,Clean
Baker Hughes Inteq,SRA087M,kohm.m,Electrical Image - Sector 87 - Memory,Clean
Halliburton Logging,MNDP,psi,Minimum Drawdown Pressure,Clean
Schlumberger,PT_BQP2_FORM_PRESS,bar,Pretest Formation Pressure from MDT Single Probe 2 Quartz Gauge (BQP2),Clean
Schlumberger,WMUS,Euc,Weight Percent Of Muscovite,Clean
Schlumberger,BT_FN_BU,ms,Phase B Final Buildup Pressure Time Stamp,Clean
Baker Hughes Inteq,TENDP,lbf,Differential tension referenced to HDIP pad 1,Clean
Baker Hughes Inteq,PO1B3,Euc,Third BVI accumulated partial porosity sum,Clean
Schlumberger,PCFORM_P,psi,Pressure Controller - Formation Pressure from POM,Clean
Schlumberger,RBD4_RT,ohm.m²/m,Bed resistivity from SAD4/ZPS4 2D Xplot,Unicode power notation in unit
Pason,BOX_TEMP,degF,tgs Box Temperature,Clean
Baker Hughes Inteq,FLC81,Gauss,FLC_81,Unit-symbol case error
Halliburton Logging,CPR1,psi,Corrected Quartz Probe1 Pressure,Clean
Schlumbergr,EHD1_PPC2,in,PPC2 Enhanced Hole Diameter 1 (ellipse-based algorithm),Service-company spelling error
Schlumberger,IOFF_BOT,µA,Formation Current Offset for Bottom Step,Unicode micro prefix in unit
Baker Hughes Inteq,ATNSOC,dB/m,"Comp. calib. attn., outer rcrvs, short xmtrs, all freq.",Clean
Baker Hughes Inteq,FPres_2,bar,Formation Pressure 2 - Memory,Clean
Schlumberger,RR,rad/m,Rotation Rate,Clean
Halliburton Logging,UMP_ALT_PL_DT,s,Sonic Delta-T Reflected Shear,Clean
Schlumberger,OVAAA,V,Applied Voltage Amplitude Pad A,Clean
Baker Hughes Inteq,M2CC9,mS/m,"HDIL 2-foot resolution compressed conductivity, 90-inch DOI",Clean
Schlumberger,ESVT_SL,m/s,Downhole Total Flow Fluid Velocity,Clean
Schlumberger,GVEL_FSI_SL,uV,Computed Gas Velocity from FSI - Station Log,Mnemonic-unit semantic mismatch
Baker Hughes Inteq,T80F,us,Time remaining until max temperature for inside flask sensor,Clean
